Name,Slug,Collection ID,Locale ID,Item ID,Archived,Draft,Created On,Updated On,Published On,Name FR,Identifier,Date/Time,TimeStart,TimeEnd,Location,Price,Description,Description FR,Notice,Notice FR,Dag_NL,Dag_FR,Maand_NL,Maand_FR,Status,Imgname
ANIMATIE : Het Gezondheidszorgstelsel en de Mutualiteiten,animatie-het-gezondheidszorgstelsel-en-de-mutualiteiten,6218bc292822d0fe3ce3347b,653ad4ede882f528b327d8f8,68f0d15a53cadcb67fb543ea,false,false,Thu Oct 16 2025 11:04:58 GMT+0000 (Coordinated Universal Time),Thu Oct 16 2025 11:04:58 GMT+0000 (Coordinated Universal Time),Thu Oct 16 2025 11:04:58 GMT+0000 (Coordinated Universal Time),ANIMATION : Le Système des Soins de Santé et les Mutuelles,,Wed Oct 22 2025 11:30:00 GMT+0000 (Coordinated Universal Time),13:30,15:00,De Harmonie,0,"Harmonie werkt samen met Community Health Workers om u een animatie aan te bieden die u veel belangrijke informatie geeft over het gezondheidszorgsysteem en de mutualiteiten. Dit is de gelegenheid om het “sociale infopunt” van Harmonie te lanceren, zodat u bij ons het hele jaar door alle informatie kunt vinden die u nodig heeft. ","L'Harmonie s'associe aux Community Health Workers pour vous offrir une animation qui vous apportera plein d'informations importantes sur le système des soins de santé et les mutuelles. Ce sera l'occasion de lancer le ""point d'info sociale"" de l'Harmonie afin que vous puissiez trouver en nos murs toutes les informations dont vous avez besoin tout au long de l'année. ",,,woensdag,mercredi,oktober,octobre,Gepubliceerd,
Armbandjes maken met Christelle,armbandjes-maken-met-christelle,6218bc292822d0fe3ce3347b,653ad4ede882f528b327d8f8,657c5342b4b2e4b396393e2e,false,false,Fri Dec 15 2023 13:23:14 GMT+0000 (Coordinated Universal Time),Fri Dec 15 2023 13:23:14 GMT+0000 (Coordinated Universal Time),Fri Dec 15 2023 13:23:19 GMT+0000 (Coordinated Universal Time),Création de bracelets avec Christelle,,Tue Dec 19 2023 13:00:00 GMT+0000 (Coordinated Universal Time),14:00,,De Harmonie,,Aan het einde van het jaar verwelkomen we Christelle voor haar animatietraining. Ze zal een workshop armbanden maken geven. Kom de jongere generatie aanmoedigen om in de toekomst jullie beste entertainers te worden :),Nous accueillons en cette fin d'année Christelle pour son stage d'animation. Elle vous propose un atelier de création de bracelets. Venez encourager la jeune génération à devenir votre meilleure animatrice dans le futur :) ,,,disndag,mardi,december,decembre,Gepubliceerd,
Balade d'Orlando : Alsemberg - Hallerbos,balade-dorlando,6218bc292822d0fe3ce3347b,653ad4ede882f528b327d8f8,646e0b05f4b96fe8848cfad1,false,false,Wed May 24 2023 13:03:01 GMT+0000 (Coordinated Universal Time),Thu Jun 15 2023 09:36:28 GMT+0000 (Coordinated Universal Time),Thu Jun 15 2023 09:38:40 GMT+0000 (Coordinated Universal Time),Balade d'Orlando : Alsemberg - Bois de Hal,153,Thu Jun 08 2023 08:00:00 GMT+0000 (Coordinated Universal Time),,,,,"De 7 fonteinen van Alsemberg, het plateau van Colipain en het Hallerbos. Dagwandeling 10u-19u (picknick te gaan) 8-10 km maximum.
We wandelen een tijdje voordat we een pad vinden met grote kasseien die zeer schilderachtig zijn (voor de enkels...). We komen aan bij een charmante plek genaamd ""les sept fontaines"" (de zeven fonteinen).
Vanaf hier klimmen we naar het plateau van Colipain, dat we oversteken voordat we het Hallerbos betreden (voor de wilde hyacinten zal het iets te laat zijn...).
Bij het verlaten van het bos van Hal nemen we een TEC-bus naar het station van Hal, waar we de trein naar Brussel nemen. (Minstens 4 treinen per uur...).
We eindigen rond 19u in het station van Hal.","Les 7 fontaines à Alsemberg, le plateau de Colipain et le bois de Hal. Balade d’une journée 10-19h (pic-nic à emporter) 8-10 km maximum.
Nous marcherons un peu avant de trouver un chemin aux gros pavés très pittoresques (pour les chevilles…). Nous arriverons à un charmant endroit appelé « les sept fontaines ».
De là, nous monterons sur le plateau de Colipain que nous traverserons avant de rentrer dans le bois de Hal (pour les jacinthes sauvages, ce sera un peu trop tard…).
A la sortie du bois de Hal, nous prendrons un bus TEC jusqu’à la gare de Hal où nous prendrons le train pour Bruxelles. (au moins 4 trains par heure…).
Fin au plus tard vers 19h, à La gare de Hal.
",Afspraak om 9u50 aan de halte Bascule voor de bussen Tec en De Lijn. We nemen de bus van De Lijn naar het eindpunt in Alsemberg.,RDV à 9:50h à l’arrêt Bascule des bus Tec et De Lijn. Nous prendrons le bus De Lijn jusqu’au terminus à Alsemberg.,donderdag,jeudi,juni,juin,Gepubliceerd,natuurdieren.png
Balade d'Orlando : Op zoek naar de hoogste sequoia van België (45-50m).,balade-dorlando-2,6218bc292822d0fe3ce3347b,653ad4ede882f528b327d8f8,646e0b1c851d3f257a26b6a0,false,false,Wed May 24 2023 13:03:24 GMT+0000 (Coordinated Universal Time),Thu Jun 01 2023 14:08:09 GMT+0000 (Coordinated Universal Time),Thu Jun 01 2023 14:23:13 GMT+0000 (Coordinated Universal Time),Balade d'Orlando : À la recherche des plus hauts séquoia de Belgique (45-50m).,153,Thu Jun 15 2023 08:00:00 GMT+0000 (Coordinated Universal Time),,,,,"Eendaagse wandeling (11.00-19.00 uur), met picknick. 6 tot 8 km.
In dit gebied staat een groep Sequoia Gigantica bomen, de grootste in België. We zullen goed moeten zoeken om ze te vinden!
We nemen dezelfde Tec bus terug naar La Grande Espinette.","Promenade d’une journée (11h-19h), avec pic-nic. 6 à 8km.
Dans ce coin se trouve un groupe de Sequoia Gigantica les plus grands de Belgique. Il nous faudra un peu chercher pour les trouver !
Nous rentrerons par le même bus Tec à la grande Espinette.","Trefpunt bij de halte Inno-Bascule voor de bussen Tec en De Lijn, om 10.50 uur. We stappen uit bij Grande Espinette.","Rdv arrêt Inno-Bascule des bus Tec et De Lijn, à 10h50. Nous descendrons à la Grande Espinette.",donderdag,jeudi,juni,juin,Gepubliceerd,natuurdieren.png
Balade d'Orlando : De Grote Oversteek : Van Kleine Hut tot Tervuren,balade-dorlando-3,6218bc292822d0fe3ce3347b,653ad4ede882f528b327d8f8,646e0b30a29d8c812e73f2cc,false,false,Wed May 24 2023 13:03:44 GMT+0000 (Coordinated Universal Time),Thu Jun 29 2023 13:32:10 GMT+0000 (Coordinated Universal Time),Thu Jun 29 2023 13:32:10 GMT+0000 (Coordinated Universal Time),Balade d'Orlando : La grande traversée : de la petite Espinette (Kleine Hut) jusqu’à Tervueren.,153,Thu Jun 22 2023 08:00:00 GMT+0000 (Coordinated Universal Time),,,,,"Ter voorbereiding van de wandeling in de Venen.....
Dagwandeling 10u-19u (picknick te gaan) 10-12 km maximum.
We dalen af naar Petite Espinette en nemen de Drève des Bonniers. We passeren het boswachtersmonument, Notre Dame aux bois (Jezus-Eik) en het bos van Capucins (Arboretum van Tervuren).
Finish uiterlijk om 19.00 uur in Tervuren (eindpunt tram 44). Aankomst in Montgomery (tram, metro, bus...).","Pour préparer à la balade dans les Fagnes…..
Balade d’une journée 10-19h (pic-nic à emporter) 10-12 km maximum.
Nous descendrons à la petite Espinette et prendrons la drève des Bonniers. Nous passerons par le monument aux forestiers, Notre Dame aux bois (Jesus-Eik) et le bois des Capucins (Arboretum de Tervueren).
Fin au plus tard vers 19h, à Tervueren (terminus du tram 44). Arrivée à Montgomery (tram, métro, bus…).
","Trefpunt bij de halte Inno-Bascule van de bussen Tec en De Lijn, om 10 uur.","Rdv arrêt Inno-Bascule des bus Tec et De Lijn, à 10h.",donderdag,jeudi,juni,juin,Gepubliceerd,natuurdieren.png
Balade d'Orlando : De Haan,balade-dorlando-de-haan,6218bc292822d0fe3ce3347b,653ad4ede882f528b327d8f8,646e0aeaf4b96fe8848cec19,false,false,Wed May 24 2023 13:02:34 GMT+0000 (Coordinated Universal Time),Thu Jun 01 2023 13:58:08 GMT+0000 (Coordinated Universal Time),Thu Jun 01 2023 14:23:13 GMT+0000 (Coordinated Universal Time),Balade d'Orlando : Le Coq,153,Thu Jun 01 2023 08:00:00 GMT+0000 (Coordinated Universal Time),,,,,"De Haan, aan de Belgische kust. Dagtocht 10-19 uur (lunchpakket) maximaal 8-12 km.
We doorkruisen de bossen rond De Haan. Een ongebruikelijke route voor een Orlando wandeling. Dan langs het strand naar De Haan. Dover door zwemmen, voor wie wil... Terugkeer naar Oostende met de tram van De Lijn. Zoals de vorige week zal ik u een maaltijd aanbieden in een van de vele restaurants van Oostende...
We eindigen ten laatste rond 19u tot 20u in het station van Oostende. Ik laat je alleen terug naar Brussel gaan... als ik je kan vertrouwen...","Le Coq (De Haan), à la côte belge. Balade d’une journée 10-19h (pic-nic à emporter) 8-12 km maximum.
Nous traversons les bois qui entourent Le Coq. Un chemin inédit dans les balades d’Orlando. Puis par la plage jusqu’au Coq. Douvres à la nage, pour ceux qui veulent… Retour à Ostende par le tram De Lijn. Je vous proposerai, comme la semaine précédente, à manger dans un des nombreux restaurants de Ostende…
Fin au plus tard vers 19h-20h, à La gare d’Ostende. Je vous laisserai rentrer seuls à Bruxelles… si je peux vous faire confiance…
","Zoals vorige week, verzamelen om 9.45 uur bij Centraal Station (trein Noord Station om 9.51 uur, trein Centraal Station om 9.56 uur en trein Zuid Station om 10.04 uur). Neem de trein naar Oostende. IN DE EERSTE AUTO... LET OP: ik ben niet in Brussel!!!
In Oostende ontmoeten jullie elkaar aan de uitgang van de trein (als jullie er nog niet zijn) en daar wacht ik op jullie !!!
We nemen de tram van De Lijn, deze keer richting Knokke, tot aan De Haan (halte De Haan).","Comme la semaine dernière, RDV à 9:45h à la gare centrale (gare du Nord train à 9:51, centrale train à 9:56 et gare du midi train à 10:04). Prendre le train pour Ostende. DANS LA PREMIERE VOITURE… ATTENTION : Je ne serai pas à Bruxelles !!!
A Ostende, vous vous retrouverez à la sortie du train (si ce n’est pas déjà fait) et c’est là que moi je vous attends !!!
Nous prendrons le tram De Lijn, dans la direction de… Knokke cette fois. jusqu’au Coq (arrêt De Haan).",donderdag,jeudi,juni,juin,Gepubliceerd,natuurdieren.png
Balade d'Orlando : Het dak van België : De Venen,balade-dorlando-de-venen,6218bc292822d0fe3ce3347b,653ad4ede882f528b327d8f8,646e0c0696f58bbe86f9f246,false,true,Wed May 24 2023 13:07:18 GMT+0000 (Coordinated Universal Time),Thu Jun 29 2023 13:31:56 GMT+0000 (Coordinated Universal Time),,Balade d'Orlando : Le toit de la Belgique : les Fagnes !,153,Thu Jun 29 2023 08:00:00 GMT+0000 (Coordinated Universal Time),,,,,"Als je het niet weet, moet je het doen! Ja, je moet! De wandeling zal anders zijn dan vorig jaar (voor Noëlla...). Eendaagse wandeling in de Venen (picknick mee te nemen). 12-15km maximum.
We dalen af naar Ovifat (voorbij de Baraque Michel). Van daaruit gaan we naar de stuwdam van Robertville en het kasteel van Reinhardstein (geen bezoek...). We wandelen door de vallei van Bayehon en langs de vennen naar de Baraque Michel. Drankjes verkrijgbaar als de chalet open is...? Voor de terugweg nemen we een TEC bus terug naar de Baraque Michel. Wandelen in de Venen is een beetje anders dan wandelen in de Rue Neuve! We komen in een gebied dat een overblijfsel is van de laatste ijstijd! Neem dikke enkellaarzen of laarzen mee, en kleding die tegen de regen maar vooral tegen de wind kan. We bevinden ons op de top van België (het is niet de Himalaya, maar toch bijna 700m...) en de wind kan sterk zijn. Picknick en drinken zijn essentieel...! Wandelen maakt hongerig en dorstig!","Si vous ne connaissez pas, il faut la faire ! Si si !!! La balade sera différente de l’année passée. (pour Noëlla…). Balade d’une journée dans les Fagnes (pic-nic à emporter). 12-15km maximum.
Nous descendrons à Ovifat (passé la Baraque Michel). De là, nous irons vers le barage de Robertville et le chateau de Reinhardstein (pas de visite…). Nous remonterons la vallée Bayehon et longerons des fagnes jusqu’à la Baraque Michel. Boisson possible si chalet ouvert…? Pour le retour, nous reprendrons un bus TEC à la Baraque Michel. Marcher dans les Fagnes est un peu différent de marcher rue Neuve ! Nous serons dans une région qui est un vestige de la dernière glaciation !!! Prévoir des grosses bottines ou des bottes, des vêtements pouvant supporter la pluie mais surtout le vent. Nous sommes au sommet de la Belgique (ce n’est pas l’Himalaya, mais ça fait quand même presque 700m…) et les vents peuvent être forts. Pic-nic et boissons indispensables...! Marcher ça donne faim et soif !","De trein naar Eupen nemen (Zuidstation : 7.55u ; Centraal Station : 8.00u ; Noord Station : 08.06u) met een senior AR ticket (dat €7,80 kost) voor Eupen (zelfs als we op de heenreis in Verviers uitstappen en via Eupen terugkeren... ;-).
We ontmoeten elkaar in de trein. Laten we zeggen in het midden van de trein??? Van daaruit nemen we de bus TEC 390, die om 9.45 uur vertrekt uit Verviers centraal station, richting Rocherath.","Prendre le train (Gare du Midi : 7h55 ; Gare Centrale : 8h00 ; Gare du Nord : 8h06) vers Eupen avec un ticket senior AR, (qui est à 7,80€) pour Eupen (même si nous descendons, à l’aller à Verviers et nous reviendrons par Eupen... ;-).
On se retrouve dans le train. Disons au milieu du train ??? De là, nous prendrons le bus TEC 390 qui part de la gare centrale de Verviers à 9h45, vers Rocherath.",donderdag,jeudi,juni,juin,Gepubliceerd,natuurdieren.png
Balade d'Orlando Dieweg - Wolvendael,balade-dorlando-dieweg-wolvendael,6218bc292822d0fe3ce3347b,653ad4ede882f528b327d8f8,6368e7bfe0c51a7b23d857aa,false,false,Mon Nov 07 2022 11:10:55 GMT+0000 (Coordinated Universal Time),Mon Nov 07 2022 11:10:55 GMT+0000 (Coordinated Universal Time),Mon Nov 07 2022 11:11:04 GMT+0000 (Coordinated Universal Time),Balade d'Orlando Dieweg - Wolvendael,116,Tue Nov 08 2022 13:00:00 GMT+0000 (Coordinated Universal Time),14:00,17:00,Arrêt Dieweg à Uccle (tram 92),0,Wandeling van 5 km naar het Begraafplaats van Dieweg et het Wolvendaelpark,Promenade de 5 km au cimetière de Dieweg et du parc Wolvendael,Inschrijven per sms: 0496 500 824,Inscription par SMS: 0496 500 824,dinsdag,mardi,november,novembre,Gepubliceerd,natuurdieren.png
Balade d'Orlando - Wilder Kapel en Bos (Berghem St Agathe),balade-dorlando-josaphat-park,6218bc292822d0fe3ce3347b,653ad4ede882f528b327d8f8,63721e46d2a625dcf0caf8ec,false,false,Mon Nov 14 2022 10:53:58 GMT+0000 (Coordinated Universal Time),Mon Nov 14 2022 11:32:37 GMT+0000 (Coordinated Universal Time),Mon Nov 14 2022 11:32:49 GMT+0000 (Coordinated Universal Time),Balade d'Orlando - Chapelle et Bois du Wilder ( Berghem Saint - Agathe),116,Tue Nov 29 2022 13:00:00 GMT+0000 (Coordinated Universal Time),14:00,17:00,"Place Dr. Schweitzer, à l'arrêt du tram 19 (Qui se prend à Simonis)",0,Wandeling door de Wilder Bos en zijn wandelpaden en zijn omgeving,Balade à travers le bois du Wilder et ses environs.,Inschrijven per sms: 0496 500 824,Inscription par SMS: 0496 500 824,dinsdag,mardi,november,novembre,Gepubliceerd,natuurdieren.png
Balade d'Orlando - Kapucijnenbos,balade-dorlando-kapucijnenbos,6218bc292822d0fe3ce3347b,653ad4ede882f528b327d8f8,63721a578aa8aed8ff85090c,false,false,Mon Nov 14 2022 10:37:11 GMT+0000 (Coordinated Universal Time),Mon Nov 14 2022 10:40:08 GMT+0000 (Coordinated Universal Time),Mon Nov 14 2022 11:32:49 GMT+0000 (Coordinated Universal Time),Balade d'Orlando - Bois des Capucins,116,Tue Nov 15 2022 13:00:00 GMT+0000 (Coordinated Universal Time),14:00,17:00,Metro Herman-Debroux (sortie gauche),0,"Wandeling van 6 - 8 km in de Kapucijnenbos
https://arboretum-tervuren.be/het-wandelparadijs/","Promenade de 6 - 8 km boucle au Bois des Capucins.
https://arboretum-tervuren.be/fr/le-paradis-des-promeneurs/",Inschrijven per sms: 0496 500 824,Inscription par SMS: 0496 500 824,dinsdag,mardi,november,novembre,Gepubliceerd,natuurdieren.png
"Balade d'Orlando - Neerpede, la campagne à Dilbeek, Fabrique Neuhaus. Petite balade d’une demi-journée. 6-7km max.",balade-dorlando-neerpede-la-campagne-a-dilbeek-fabrique-neuhaus-petite-balade-dune-demi-journee-6-7km-max,6218bc292822d0fe3ce3347b,653ad4ede882f528b327d8f8,6398595717c7b286cb6d435d,false,false,Tue Dec 13 2022 10:52:07 GMT+0000 (Coordinated Universal Time),Tue Dec 13 2022 10:52:07 GMT+0000 (Coordinated Universal Time),Tue Dec 13 2022 10:52:24 GMT+0000 (Coordinated Universal Time),"Balade d'Orlando - Neerpede, la campagne à Dilbeek, Fabrique Neuhaus. Petite balade d’une demi-journée. 6-7km max.",141,Tue Dec 20 2022 12:00:00 GMT+0000 (Coordinated Universal Time),13:00,17:00,Veeweide Station (Metro 5),0,"Trefpunt om 13.00 uur bij station Veeweide (lijn 5).
Een wandeling langs de vijvers van Neerpede, dan het platteland van Dilbeek en we eindigen met de Neuhausfabriek bij Erasmus. Er is een gratis proeverij bij Neuhaus (indien gerestaureerd, Covide oorzaak?). Maar je kunt alleen afnemen wat je koopt (niet verplicht).
Einde uiterlijk rond 17.00 uur, bij het Erasmus metrostation.
Deze route is erg winderig. Denk erover na!","Rendez-vous à 13h à la station Veeweide (Ligne 5).
Promenade le long des étangs de Neerpede, puis la campagne de Dilbeek et nous terminerons par la fabrique Neuhaus près de Erasme. Il y a dégustation gratuite à Neuhaus (si rétablie, cause Covid ?). Mais on ne peut emporter que ce que l’on achète (non obligatoire).
Fin au plus tard vers 17h, au métro Erasme.
Ce trajet est fort exposé aux vents. Songez-y !",Inschrijven per sms: 0496 500 824,Inscription par SMS: 0496 500 824,dinsdag,mardi,december,décembre,Gepubliceerd,sportbewegen.png
Balade d'Orlando : Renbaan van Groenendaal (4 of 8 km),balade-dorlando-renbaan-van-groenendaal-4-of-8-km,6218bc292822d0fe3ce3347b,653ad4ede882f528b327d8f8,646341983d67ea1baba7931e,false,false,Tue May 16 2023 08:40:56 GMT+0000 (Coordinated Universal Time),Tue May 16 2023 08:40:56 GMT+0000 (Coordinated Universal Time),Tue May 16 2023 08:46:13 GMT+0000 (Coordinated Universal Time),Balade d'Orlando : Hippodrome de Groenendael (4 ou 8km),,Thu May 18 2023 09:00:00 GMT+0000 (Coordinated Universal Time),11:00,,,,"Laten we deze renbaan gaan ontdekken, die lange tijd verlaten is geweest en die een puur wonder is (ongezien in de balades d'Orlando !!). We dalen af naar de Grande Espinette. We nemen het pad van de Brassine Avenue, de Schone Eik-weg, het Kerselaar Plein, de Cornelius Dreef, om de oude renbaan van Groenendael te bereiken. Wie moe is (4km...!), kan de trein of de Tec-bus nemen naar de brug van Groenendael. Voor de anderen gaan we terug naar de Groenendaeler vallei en keren, via de oude trainingsbaan, terug via de bezemhoek en het Wiener plein (8 km).","Partons à la découverte de cet hippodrome, abandonné depuis longtemps et qui est une pure merveille (inédite dans les Balades d’Orlando !!!). Nous descendrons à la Grande Espinette. Prendrons le sentier de l’avenue Brassine, le sentier Schone Eik-weg, la Kerselaar Plein, la Cornélius Dreef, pour rejoindre l’ancien hippodrome de Groenendael. Ceux qui sont fatigués (4km…!), pourrons prendre le train ou le bus Tec au pont de Groenendael. Pour les autres, on rejoint la vallée de Groenendael et, par l’ancien Hippodrome d'entraînement, rentrerons par le quartier du coin du balai et la place Wiener (8 km).
","Eendaagse wandeling (11u -18u), met picknick. 4 tot 8 km.
Trefpunt aan de halte Inno-Bascule van de bussen Tec en De Lijn, om 11 uur.","Promenade d’une journée (11h-18h), avec pic-nic. 4 à 8 km.
Rdv arrêt Inno-Bascule des bus Tec et De Lijn, à 11h.",donderdag,jeudi,mei,mai,Gepubliceerd,
Balade d'Orlando - Wandeling in de Josaphat Park ongeveer 4 km,balade-dorlando-wandeling-in-de-josaphat-park-ongeveer-4-km,6218bc292822d0fe3ce3347b,653ad4ede882f528b327d8f8,637244ad26b4ff651dae0614,false,false,Mon Nov 14 2022 13:37:49 GMT+0000 (Coordinated Universal Time),Mon Nov 14 2022 13:37:49 GMT+0000 (Coordinated Universal Time),Mon Nov 14 2022 13:38:23 GMT+0000 (Coordinated Universal Time),Balade d'Orlando au Parc Josaphat environ 4 km,116,Tue Nov 22 2022 13:00:00 GMT+0000 (Coordinated Universal Time),14:00,17:00,Arrêt Chazal du tram 7,0,"Wandeling door de Schitterende Schaarbeekse park, de Josaphat Park.","Balade à travers le magnifique parc Schaerbeekois, le Parc Josaphat.",Inschrijven per sms: 0496 500 824,Inscription par SMS: 0496 500 824,dinsdag,mardi,november,novembre,Gepubliceerd,natuurdieren.png
Balade d'Orlando : Westhoek (6-8 km max.),balade-dorlando-westhoek-6-8-km-max,6218bc292822d0fe3ce3347b,653ad4ede882f528b327d8f8,646dde834c90262f8a22d67a,false,false,Wed May 24 2023 09:53:07 GMT+0000 (Coordinated Universal Time),Wed May 24 2023 09:53:07 GMT+0000 (Coordinated Universal Time),Wed May 24 2023 09:53:21 GMT+0000 (Coordinated Universal Time),Balade d'Orlando : Le Westhoek (6-8 km max.),,Thu May 25 2023 07:45:00 GMT+0000 (Coordinated Universal Time),9:45,19:00,"WestHoek, De Panne (Noordzee)",,"De Westhoek, aan de Franse grens, na De Panne. We gaan naar zee door de Westhoek over te steken. Via een pad dat nieuw is voor Orlando's wandelingen. Dan langs het strand naar De Panne. Terugkeer naar Oostende met tram De Lijn. Einde ten laatste om 19u in het station van Oostende.","Le Westhoek, à la frontière française, après La Panne. Nous irons jusqu’à la mer en traversant le Westhoek. Par un chemin inédit dans les balades d’Orlando. Puis par la plage jusque La Panne. Retour à Ostende par le tram De Lijn. Fin au plus tard vers 19h, à La gare d’Ostende.","Eendaagse wandeling (10u -19u), met picknick. 6 - 8 km.
Afspraak om 9.45 uur in het centraal station (trein Noordstation om 9.51 uur, centrale trein om 9.56 uur en trein Zuidstation om 10.04 uur). Neem de trein naar Oostende. IN DE EERSTE AUTO... In Oostende spreken we af aan de uitgang van de trein (als dat nog niet gebeurd is) en nemen we de tram De Lijn naar het eindpunt in Adinkerk.","Promenade d’une journée (10h-19h), avec pic-nic. 6 à 8 km.
RDV à 9:45h à la gare centrale (gare du Nord train à 9:51, centrale train à 9:56 et gare du midi train à 10:04). Prendre le train pour Ostende. DANS LA PREMIERE VOITURE… A Ostende, nous nous retrouverons à la sortie du train (si ce n’est pas déjà fait) et prendrons le tram De Lijn jusqu’au terminus à Adinkerk.",donderdag,jeudi,mei,mai,Gepubliceerd,
Balade d'Orlando Zoniën - Soignes,balade-dorlando-zonien-soignes,6218bc292822d0fe3ce3347b,653ad4ede882f528b327d8f8,63565839631a0c9d548a3195,false,false,Mon Oct 24 2022 09:17:45 GMT+0000 (Coordinated Universal Time),Mon Oct 24 2022 09:19:21 GMT+0000 (Coordinated Universal Time),Mon Oct 24 2022 09:19:25 GMT+0000 (Coordinated Universal Time),Balade d'Orlando,116,Tue Oct 25 2022 05:00:00 GMT+0000 (Coordinated Universal Time),14:00,,Arrêt Coccinelles / Halte Lieveheersbeestjes (tram 8),0,Wandeling van 6 km via de oude Hippodroom van Bosvoorde langs de vijver der verdonken kinderen tot Solvaypark en Wiener,"Balade de 6 km par l'ancien hippodrome de Boitsfort, l'étang des enfants noyés, vers le Parc Solvay et Wiener.",Inschrijven per sms: 0496 500 824,Inscription par SMS: 0496 500 824,dinsdag,mardi,oktober,octobre,Gepubliceerd,natuurdieren.png
Balade d'Orlando : Zoniënwoud,balade-dorlando-zonienwoud,6218bc292822d0fe3ce3347b,653ad4ede882f528b327d8f8,645b6bed90308e3c7d6f36c9,false,false,Wed May 10 2023 10:03:25 GMT+0000 (Coordinated Universal Time),Wed May 10 2023 11:01:00 GMT+0000 (Coordinated Universal Time),Wed May 10 2023 11:01:07 GMT+0000 (Coordinated Universal Time),Balade d'Orlando : Forêt de Soignes,,Fri May 12 2023 09:00:00 GMT+0000 (Coordinated Universal Time),11:00,18:00,Zoniënwoud,,"Dagtocht. 6-7km maximum. Neem een picknick mee en... een paraplu... ;-) De wandeling in het bos, als het regent, is zeer aangenaam omdat je alle geuren van het bos meekrijgt... Ik zeg dat voor de verlegen... ;-)","Balade d’une journée. 6-7km maximum. Prenez un pic nic et… un parapluie… ;-) La balade en forêt, quand il pleut, est très agréable parce qu’on récolte toutes les senteurs de la forêt… Je dis ça pour les timorés… ;-)
","Afspraak om 11 uur bushalte De Lijn en Tec, Ma Campagne. Uitstappen aan de halte Ukkel Prins van Oranje. We steken het Zoniënwoud over via het Vuylbeekpad (Ukkel) en komen ten laatste rond 18 uur aan op het Wienerplein (Bosvoorde).","RDV à 11h arrêt bus De Lijn et Tec, Ma Campagne. Descendre arrêt Uccle Prince d’Orange. Nous traverserons la forêt de Soignes par le sentier du Vuylbeek (Uccle) et arriverons à la place Wiener (Boisfort) au plus tard vers 18h.
",vrijdag,vendredi,mei,mai,Gepubliceerd,
BEZOEK met Pepita : Het Antwerp Symphony Orchestra in openlucht (in Antwerpen),bezoek-het-antwerp-symphony-orchestra-in-openlucht-in-antwerpen,6218bc292822d0fe3ce3347b,653ad4ede882f528b327d8f8,64e5e7faedf96c6d0b4ee547,false,false,Wed Aug 23 2023 11:05:30 GMT+0000 (Coordinated Universal Time),Wed Aug 23 2023 11:43:17 GMT+0000 (Coordinated Universal Time),Wed Aug 23 2023 11:43:23 GMT+0000 (Coordinated Universal Time),VISITE avec Pepita : L'Orchestre Symphonique d’Anvers en plein air (à Anvers),,Sun Sep 03 2023 07:00:00 GMT+0000 (Coordinated Universal Time),09:00,,"Place Sint-Jansplein, Antwerpen",0,"Ik raad je aan om te gaan luisteren, om 11u, naar het 2023-2024 programma van het Antwerp Symphony Orchestra in de openlucht, inclusief filmmuziekconcerten. Het is een beetje vroeg, maar het is een erg populair concert en daarom erg goed bezocht, dus ik raad je aan om er ruim op tijd te zijn.
Na het concert gaan we een hapje eten, want er zijn verschillende restaurants in de buurt. Afhankelijk van je smaak kun je de kathedraal, het historische centrum, de GROTE MARKT enzovoort bezoeken. Op de terugweg raad ik je aan de tijd te nemen om het prachtige CENTRALE station te verkennen.","Je vous propose d’aller écouter à 11h le programme de 2023-2024 de l’Orchestre Symphonique d’Anvers en plein air avec notamment des concerts de musique de film. C’est un peu tôt, mais c’est un concert très apprécié donc très fréquenté, donc je propose d’être bien à temps.
Après le concert ,nous irons manger, il y plusieurs restaurants dans les alentours. Suivant vos goûts, vous pourrez découvrir la Cathédrale, le centre historique en passant par le GROTE MARKT, etc. Lors du retour, je vous conseille de prendre le temps de découvrir la magnifique gare CENTRAL.
","We nemen de trein naar Antwerpen CENTRAAL (opgelet): Noordstation om 9u10 ; Centraal station om 9u04 ; Zuidstation om 8u59 en dan bus 17.
Mag ik u vragen te reserveren: Jpien.pepita@gmail.com ; 02 231 04 39 ; 0471/215130","Nous prendrons le train pour Anvers CENTRAL (attention) : Gare du Nord à 9h10 ; Gare Centrale à 9h04 ; Gare du midi à 8h59 et ensuite un bus 17.
Puis-je vous demander de réserver : Jpien.pepita@gmail.com ; 02 231 04 39 ; 0471/215130",zondag,dimanche,september,septembre,Gepubliceerd,
BINGO !,bingo,6218bc292822d0fe3ce3347b,653ad4ede882f528b327d8f8,68d1540f5dd97c06b771992b,false,false,Mon Sep 22 2025 13:50:07 GMT+0000 (Coordinated Universal Time),Mon Sep 22 2025 13:50:07 GMT+0000 (Coordinated Universal Time),Mon Sep 22 2025 13:50:07 GMT+0000 (Coordinated Universal Time),BINGO !,,Wed Oct 08 2025 11:30:00 GMT+0000 (Coordinated Universal Time),13:30,16:00,De Harmonie,1 : Per blad / Par feuille ,"Georganiseerd door de Bingoclub, kom spelen en maak kans op mooie prijzen. Elk bingoblad kost €1 (het opgehaalde geld wordt geherinvesteerd in nieuwe prijzen), met een maximum van 8 bladen per persoon. En het beste van alles is dat zelfs de verliezers aan het eind een kleine prijs kunnen winnen. Dus uiteindelijk is iedereen een winnaar :) ","Organisé par le Club Bingo, venez jouer pour tenter de remporter de jolis lots. Chaque feuille de Bingo est vendue au prix de 1€ (l'argent récolté est réinvesti dans les nouveaux lots), avec un maximum de 8 feuilles par personne. Et le meilleur c'est que même les perdants pourront repartir avec un petit lot à la fin. Tout le monde est donc gagnant à la fin :) ",,,woensdag,mercredi,oktober,octobre,Gepubliceerd,
🎱 BINGO ! 🎱,bingo-10,6218bc292822d0fe3ce3347b,653ad4ede882f528b327d8f8,692da096eb222d78f67d36de,false,false,Mon Dec 01 2025 14:05:10 GMT+0000 (Coordinated Universal Time),Tue Dec 02 2025 14:15:47 GMT+0000 (Coordinated Universal Time),Tue Dec 02 2025 14:15:47 GMT+0000 (Coordinated Universal Time),🎱 BINGO ! 🎱,,Tue Dec 16 2025 12:30:00 GMT+0000 (Coordinated Universal Time),13:30,16:00,De Harmonie,1 : Per blad / Par feuille ,"Georganiseerd door de Bingoclub, kom spelen en maak kans op mooie prijzen. Elk bingoblad kost €1 (het opgehaalde geld wordt geherinvesteerd in nieuwe prijzen), met een maximum van 8 bladen per persoon. En het beste van alles is dat zelfs de verliezers aan het eind een kleine prijs kunnen winnen. Dus uiteindelijk is iedereen een winnaar :) ","Organisé par le Club Bingo, venez jouer pour tenter de remporter de jolis lots. Chaque feuille de Bingo est vendue au prix de 1€ (l'argent récolté est réinvesti dans les nouveaux lots), avec un maximum de 8 feuilles par personne. Et le meilleur c'est que même les perdants pourront repartir avec un petit lot à la fin. Tout le monde est donc gagnant à la fin :) ",,,dinsdag,mardi,december,decembre,Gepubliceerd,
🎱 BINGO ! 🎱,bingo-11,6218bc292822d0fe3ce3347b,653ad4ede882f528b327d8f8,692da0b76e3f9834c7fb2748,false,false,Mon Dec 01 2025 14:05:43 GMT+0000 (Coordinated Universal Time),Tue Dec 02 2025 14:15:28 GMT+0000 (Coordinated Universal Time),Tue Dec 02 2025 14:15:28 GMT+0000 (Coordinated Universal Time),🎱 BINGO ! 🎱,,Wed Dec 10 2025 12:30:00 GMT+0000 (Coordinated Universal Time),13:30,16:00,De Harmonie,1 : Per blad / Par feuille ,"Georganiseerd door de Bingoclub, kom spelen en maak kans op mooie prijzen. Elk bingoblad kost €1 (het opgehaalde geld wordt geherinvesteerd in nieuwe prijzen), met een maximum van 8 bladen per persoon. En het beste van alles is dat zelfs de verliezers aan het eind een kleine prijs kunnen winnen. Dus uiteindelijk is iedereen een winnaar :) ","Organisé par le Club Bingo, venez jouer pour tenter de remporter de jolis lots. Chaque feuille de Bingo est vendue au prix de 1€ (l'argent récolté est réinvesti dans les nouveaux lots), avec un maximum de 8 feuilles par personne. Et le meilleur c'est que même les perdants pourront repartir avec un petit lot à la fin. Tout le monde est donc gagnant à la fin :) ",,,woensdag,mercredi,december,decembre,Gepubliceerd,
🎱 BINGO ! 🎱 Copy,bingo-11-copy,6218bc292822d0fe3ce3347b,653ad4ede882f528b327d8f8,695d1c5e083ffe2dffe9eb63,false,false,Tue Jan 06 2026 14:29:50 GMT+0000 (Coordinated Universal Time),Wed Jan 07 2026 10:28:08 GMT+0000 (Coordinated Universal Time),Mon Mar 09 2026 10:43:46 GMT+0000 (Coordinated Universal Time),🎱 BINGO ! 🎱,,Wed Jan 07 2026 12:30:00 GMT+0000 (Coordinated Universal Time),13:30,16:00,De Harmonie,1 : Per blad / Par feuille ,"Georganiseerd door de Bingoclub, kom spelen en maak kans op mooie prijzen. Elk bingoblad kost €1 (het opgehaalde geld wordt geherinvesteerd in nieuwe prijzen), met een maximum van 8 bladen per persoon. En het beste van alles is dat zelfs de verliezers aan het eind een kleine prijs kunnen winnen. Dus uiteindelijk is iedereen een winnaar :) ","Organisé par le Club Bingo, venez jouer pour tenter de remporter de jolis lots. Chaque feuille de Bingo est vendue au prix de 1€ (l'argent récolté est réinvesti dans les nouveaux lots), avec un maximum de 8 feuilles par personne. Et le meilleur c'est que même les perdants pourront repartir avec un petit lot à la fin. Tout le monde est donc gagnant à la fin :) ",,,woensdag,mercredi,januari,janvier,Gepubliceerd,
🎱 BINGO ! 🎱 Copy 2,bingo-11-copy-2,6218bc292822d0fe3ce3347b,653ad4ede882f528b327d8f8,695d1c775bfce8c1a808d3d4,false,false,Tue Jan 06 2026 14:30:15 GMT+0000 (Coordinated Universal Time),Wed Jan 07 2026 10:27:50 GMT+0000 (Coordinated Universal Time),Mon Mar 09 2026 10:43:46 GMT+0000 (Coordinated Universal Time),🎱 BINGO ! 🎱,,Wed Jan 14 2026 12:30:00 GMT+0000 (Coordinated Universal Time),13:30,16:00,De Harmonie,1 : Per blad / Par feuille ,"Georganiseerd door de Bingoclub, kom spelen en maak kans op mooie prijzen. Elk bingoblad kost €1 (het opgehaalde geld wordt geherinvesteerd in nieuwe prijzen), met een maximum van 8 bladen per persoon. En het beste van alles is dat zelfs de verliezers aan het eind een kleine prijs kunnen winnen. Dus uiteindelijk is iedereen een winnaar :) ","Organisé par le Club Bingo, venez jouer pour tenter de remporter de jolis lots. Chaque feuille de Bingo est vendue au prix de 1€ (l'argent récolté est réinvesti dans les nouveaux lots), avec un maximum de 8 feuilles par personne. Et le meilleur c'est que même les perdants pourront repartir avec un petit lot à la fin. Tout le monde est donc gagnant à la fin :) ",,,woensdag,mercredi,januari,janvier,Gepubliceerd,
🎱 BINGO ! 🎱 Copy 3,bingo-11-copy-3,6218bc292822d0fe3ce3347b,653ad4ede882f528b327d8f8,695d1c9a24a3a439adbbf6c9,false,false,Tue Jan 06 2026 14:30:50 GMT+0000 (Coordinated Universal Time),Wed Jan 07 2026 10:27:45 GMT+0000 (Coordinated Universal Time),Mon Mar 09 2026 10:43:46 GMT+0000 (Coordinated Universal Time),🎱 BINGO ! 🎱,,Wed Jan 28 2026 12:30:00 GMT+0000 (Coordinated Universal Time),13:30,16:00,De Harmonie,1 : Per blad / Par feuille ,"Georganiseerd door de Bingoclub, kom spelen en maak kans op mooie prijzen. Elk bingoblad kost €1 (het opgehaalde geld wordt geherinvesteerd in nieuwe prijzen), met een maximum van 8 bladen per persoon. En het beste van alles is dat zelfs de verliezers aan het eind een kleine prijs kunnen winnen. Dus uiteindelijk is iedereen een winnaar :) ","Organisé par le Club Bingo, venez jouer pour tenter de remporter de jolis lots. Chaque feuille de Bingo est vendue au prix de 1€ (l'argent récolté est réinvesti dans les nouveaux lots), avec un maximum de 8 feuilles par personne. Et le meilleur c'est que même les perdants pourront repartir avec un petit lot à la fin. Tout le monde est donc gagnant à la fin :) ",,,woensdag,mercredi,januari,janvier,Gepubliceerd,
🎱 BINGO ! 🎱 Copy 4,bingo-11-copy-4,6218bc292822d0fe3ce3347b,653ad4ede882f528b327d8f8,695e77182816581d1a17c4b4,false,false,Wed Jan 07 2026 15:09:12 GMT+0000 (Coordinated Universal Time),Wed Jan 07 2026 15:09:12 GMT+0000 (Coordinated Universal Time),Wed Jan 07 2026 15:09:12 GMT+0000 (Coordinated Universal Time),🎱 BINGO ! 🎱,,Tue Jan 20 2026 12:30:00 GMT+0000 (Coordinated Universal Time),13:30,16:00,De Harmonie,1 : Per blad / Par feuille ,"Georganiseerd door de Bingoclub, kom spelen en maak kans op mooie prijzen. Elk bingoblad kost €1 (het opgehaalde geld wordt geherinvesteerd in nieuwe prijzen), met een maximum van 8 bladen per persoon. En het beste van alles is dat zelfs de verliezers aan het eind een kleine prijs kunnen winnen. Dus uiteindelijk is iedereen een winnaar :) ","Organisé par le Club Bingo, venez jouer pour tenter de remporter de jolis lots. Chaque feuille de Bingo est vendue au prix de 1€ (l'argent récolté est réinvesti dans les nouveaux lots), avec un maximum de 8 feuilles par personne. Et le meilleur c'est que même les perdants pourront repartir avec un petit lot à la fin. Tout le monde est donc gagnant à la fin :) ",,,dinsdag,mardi,januari,janvier,Gepubliceerd,
🎱 BINGO ! 🎱 Copy 5,bingo-11-copy-5,6218bc292822d0fe3ce3347b,653ad4ede882f528b327d8f8,6981e4480aef75f87da7089c,false,false,Tue Feb 03 2026 12:04:24 GMT+0000 (Coordinated Universal Time),Tue Feb 03 2026 12:04:24 GMT+0000 (Coordinated Universal Time),Tue Feb 03 2026 12:04:24 GMT+0000 (Coordinated Universal Time),🎱 BINGO ! 🎱,,Wed Feb 04 2026 12:30:00 GMT+0000 (Coordinated Universal Time),13:30,16:00,De Harmonie,1 : Per blad / Par feuille ,"Georganiseerd door de Bingoclub, kom spelen en maak kans op mooie prijzen. Elk bingoblad kost €1 (het opgehaalde geld wordt geherinvesteerd in nieuwe prijzen), met een maximum van 8 bladen per persoon. En het beste van alles is dat zelfs de verliezers aan het eind een kleine prijs kunnen winnen. Dus uiteindelijk is iedereen een winnaar :) ","Organisé par le Club Bingo, venez jouer pour tenter de remporter de jolis lots. Chaque feuille de Bingo est vendue au prix de 1€ (l'argent récolté est réinvesti dans les nouveaux lots), avec un maximum de 8 feuilles par personne. Et le meilleur c'est que même les perdants pourront repartir avec un petit lot à la fin. Tout le monde est donc gagnant à la fin :) ",,,woensdag,mercredi,februari,fevrier,Gepubliceerd,
BINGO !,bingo-2,6218bc292822d0fe3ce3347b,653ad4ede882f528b327d8f8,68d1543dc9d778ff2a44667f,false,false,Mon Sep 22 2025 13:50:53 GMT+0000 (Coordinated Universal Time),Mon Sep 22 2025 13:50:53 GMT+0000 (Coordinated Universal Time),Mon Sep 22 2025 13:50:53 GMT+0000 (Coordinated Universal Time),BINGO !,,Wed Oct 15 2025 11:30:00 GMT+0000 (Coordinated Universal Time),13:30,16:00,De Harmonie,1 : Per blad / Par feuille ,"Georganiseerd door de Bingoclub, kom spelen en maak kans op mooie prijzen. Elk bingoblad kost €1 (het opgehaalde geld wordt geherinvesteerd in nieuwe prijzen), met een maximum van 8 bladen per persoon. En het beste van alles is dat zelfs de verliezers aan het eind een kleine prijs kunnen winnen. Dus uiteindelijk is iedereen een winnaar :) ","Organisé par le Club Bingo, venez jouer pour tenter de remporter de jolis lots. Chaque feuille de Bingo est vendue au prix de 1€ (l'argent récolté est réinvesti dans les nouveaux lots), avec un maximum de 8 feuilles par personne. Et le meilleur c'est que même les perdants pourront repartir avec un petit lot à la fin. Tout le monde est donc gagnant à la fin :) ",,,woensdag,mercredi,oktober,octobre,Gepubliceerd,
BINGO !,bingo-3,6218bc292822d0fe3ce3347b,653ad4ede882f528b327d8f8,68d154521830485e8b5521c6,false,false,Mon Sep 22 2025 13:51:14 GMT+0000 (Coordinated Universal Time),Mon Sep 22 2025 13:51:14 GMT+0000 (Coordinated Universal Time),Mon Sep 22 2025 13:51:14 GMT+0000 (Coordinated Universal Time),BINGO !,,Wed Oct 22 2025 11:30:00 GMT+0000 (Coordinated Universal Time),13:30,16:00,De Harmonie,1 : Per blad / Par feuille ,"Georganiseerd door de Bingoclub, kom spelen en maak kans op mooie prijzen. Elk bingoblad kost €1 (het opgehaalde geld wordt geherinvesteerd in nieuwe prijzen), met een maximum van 8 bladen per persoon. En het beste van alles is dat zelfs de verliezers aan het eind een kleine prijs kunnen winnen. Dus uiteindelijk is iedereen een winnaar :) ","Organisé par le Club Bingo, venez jouer pour tenter de remporter de jolis lots. Chaque feuille de Bingo est vendue au prix de 1€ (l'argent récolté est réinvesti dans les nouveaux lots), avec un maximum de 8 feuilles par personne. Et le meilleur c'est que même les perdants pourront repartir avec un petit lot à la fin. Tout le monde est donc gagnant à la fin :) ",,,woensdag,mercredi,oktober,octobre,Gepubliceerd,
BINGO !,bingo-4,6218bc292822d0fe3ce3347b,653ad4ede882f528b327d8f8,68d15469302a6ae460d1b9b3,false,false,Mon Sep 22 2025 13:51:37 GMT+0000 (Coordinated Universal Time),Mon Sep 22 2025 13:51:37 GMT+0000 (Coordinated Universal Time),Mon Sep 22 2025 13:51:37 GMT+0000 (Coordinated Universal Time),BINGO !,,Wed Oct 29 2025 12:30:00 GMT+0000 (Coordinated Universal Time),13:30,16:00,De Harmonie,1 : Per blad / Par feuille ,"Georganiseerd door de Bingoclub, kom spelen en maak kans op mooie prijzen. Elk bingoblad kost €1 (het opgehaalde geld wordt geherinvesteerd in nieuwe prijzen), met een maximum van 8 bladen per persoon. En het beste van alles is dat zelfs de verliezers aan het eind een kleine prijs kunnen winnen. Dus uiteindelijk is iedereen een winnaar :) ","Organisé par le Club Bingo, venez jouer pour tenter de remporter de jolis lots. Chaque feuille de Bingo est vendue au prix de 1€ (l'argent récolté est réinvesti dans les nouveaux lots), avec un maximum de 8 feuilles par personne. Et le meilleur c'est que même les perdants pourront repartir avec un petit lot à la fin. Tout le monde est donc gagnant à la fin :) ",,,woensdag,mercredi,oktober,octobre,Gepubliceerd,
BINGO !,bingo-5,6218bc292822d0fe3ce3347b,653ad4ede882f528b327d8f8,68f755e1f9642c0854ab2edc,false,false,Tue Oct 21 2025 09:44:01 GMT+0000 (Coordinated Universal Time),Tue Oct 21 2025 09:44:01 GMT+0000 (Coordinated Universal Time),Tue Oct 21 2025 09:44:01 GMT+0000 (Coordinated Universal Time),BINGO !,,Wed Nov 05 2025 12:30:00 GMT+0000 (Coordinated Universal Time),13:30,16:00,De Harmonie,1 : Per blad / Par feuille ,"Georganiseerd door de Bingoclub, kom spelen en maak kans op mooie prijzen. Elk bingoblad kost €1 (het opgehaalde geld wordt geherinvesteerd in nieuwe prijzen), met een maximum van 8 bladen per persoon. En het beste van alles is dat zelfs de verliezers aan het eind een kleine prijs kunnen winnen. Dus uiteindelijk is iedereen een winnaar :) ","Organisé par le Club Bingo, venez jouer pour tenter de remporter de jolis lots. Chaque feuille de Bingo est vendue au prix de 1€ (l'argent récolté est réinvesti dans les nouveaux lots), avec un maximum de 8 feuilles par personne. Et le meilleur c'est que même les perdants pourront repartir avec un petit lot à la fin. Tout le monde est donc gagnant à la fin :) ",,,woensdag,mercredi,november,novembre,Gepubliceerd,
BINGO !,bingo-6,6218bc292822d0fe3ce3347b,653ad4ede882f528b327d8f8,68f755f88c732d091364410b,false,false,Tue Oct 21 2025 09:44:24 GMT+0000 (Coordinated Universal Time),Tue Oct 21 2025 09:44:24 GMT+0000 (Coordinated Universal Time),Tue Oct 21 2025 09:44:24 GMT+0000 (Coordinated Universal Time),BINGO !,,Wed Nov 12 2025 12:30:00 GMT+0000 (Coordinated Universal Time),13:30,16:00,De Harmonie,1 : Per blad / Par feuille ,"Georganiseerd door de Bingoclub, kom spelen en maak kans op mooie prijzen. Elk bingoblad kost €1 (het opgehaalde geld wordt geherinvesteerd in nieuwe prijzen), met een maximum van 8 bladen per persoon. En het beste van alles is dat zelfs de verliezers aan het eind een kleine prijs kunnen winnen. Dus uiteindelijk is iedereen een winnaar :) ","Organisé par le Club Bingo, venez jouer pour tenter de remporter de jolis lots. Chaque feuille de Bingo est vendue au prix de 1€ (l'argent récolté est réinvesti dans les nouveaux lots), avec un maximum de 8 feuilles par personne. Et le meilleur c'est que même les perdants pourront repartir avec un petit lot à la fin. Tout le monde est donc gagnant à la fin :) ",,,woensdag,mercredi,november,novembre,Gepubliceerd,
BINGO !,bingo-8,6218bc292822d0fe3ce3347b,653ad4ede882f528b327d8f8,68f75618be34fb0e2d910955,false,false,Tue Oct 21 2025 09:44:56 GMT+0000 (Coordinated Universal Time),Tue Oct 21 2025 09:44:56 GMT+0000 (Coordinated Universal Time),Tue Oct 21 2025 09:44:56 GMT+0000 (Coordinated Universal Time),BINGO !,,Wed Nov 26 2025 12:30:00 GMT+0000 (Coordinated Universal Time),13:30,16:00,De Harmonie,1 : Per blad / Par feuille ,"Georganiseerd door de Bingoclub, kom spelen en maak kans op mooie prijzen. Elk bingoblad kost €1 (het opgehaalde geld wordt geherinvesteerd in nieuwe prijzen), met een maximum van 8 bladen per persoon. En het beste van alles is dat zelfs de verliezers aan het eind een kleine prijs kunnen winnen. Dus uiteindelijk is iedereen een winnaar :) ","Organisé par le Club Bingo, venez jouer pour tenter de remporter de jolis lots. Chaque feuille de Bingo est vendue au prix de 1€ (l'argent récolté est réinvesti dans les nouveaux lots), avec un maximum de 8 feuilles par personne. Et le meilleur c'est que même les perdants pourront repartir avec un petit lot à la fin. Tout le monde est donc gagnant à la fin :) ",,,woensdag,mercredi,november,novembre,Gepubliceerd,
🎱 BINGO ! 🎱,bingo-9,6218bc292822d0fe3ce3347b,653ad4ede882f528b327d8f8,692da073ecd175184438d5df,false,false,Mon Dec 01 2025 14:04:35 GMT+0000 (Coordinated Universal Time),Tue Dec 02 2025 14:16:04 GMT+0000 (Coordinated Universal Time),Tue Dec 02 2025 14:16:04 GMT+0000 (Coordinated Universal Time),🎱 BINGO ! 🎱,,Tue Dec 02 2025 12:30:00 GMT+0000 (Coordinated Universal Time),13:30,16:00,De Harmonie,1 : Per blad / Par feuille ,"Georganiseerd door de Bingoclub, kom spelen en maak kans op mooie prijzen. Elk bingoblad kost €1 (het opgehaalde geld wordt geherinvesteerd in nieuwe prijzen), met een maximum van 8 bladen per persoon. En het beste van alles is dat zelfs de verliezers aan het eind een kleine prijs kunnen winnen. Dus uiteindelijk is iedereen een winnaar :) ","Organisé par le Club Bingo, venez jouer pour tenter de remporter de jolis lots. Chaque feuille de Bingo est vendue au prix de 1€ (l'argent récolté est réinvesti dans les nouveaux lots), avec un maximum de 8 feuilles par personne. Et le meilleur c'est que même les perdants pourront repartir avec un petit lot à la fin. Tout le monde est donc gagnant à la fin :) ",,,dinsdag,mardi,december,decembre,Gepubliceerd,
🎱 BINGO ! 🎱,bingo-c,6218bc292822d0fe3ce3347b,653ad4ede882f528b327d8f8,699ef55ea7c9d0d61451fa41,false,false,Wed Feb 25 2026 13:13:02 GMT+0000 (Coordinated Universal Time),Mon Mar 09 2026 10:30:57 GMT+0000 (Coordinated Universal Time),Mon Mar 09 2026 10:30:57 GMT+0000 (Coordinated Universal Time),🎱 BINGO ! 🎱,,Tue Mar 03 2026 12:30:00 GMT+0000 (Coordinated Universal Time),13:30,16:00,De Harmonie,1 : Per blad / Par feuille ,"Georganiseerd door de Bingoclub, kom spelen en maak kans op mooie prijzen. Elk bingoblad kost €1 (het opgehaalde geld wordt geherinvesteerd in nieuwe prijzen), met een maximum van 8 bladen per persoon. En het beste van alles is dat zelfs de verliezers aan het eind een kleine prijs kunnen winnen. Dus uiteindelijk is iedereen een winnaar :) ","Organisé par le Club Bingo, venez jouer pour tenter de remporter de jolis lots. Chaque feuille de Bingo est vendue au prix de 1€ (l'argent récolté est réinvesti dans les nouveaux lots), avec un maximum de 8 feuilles par personne. Et le meilleur c'est que même les perdants pourront repartir avec un petit lot à la fin. Tout le monde est donc gagnant à la fin :) ",,,woensdag,mercredi,maart,mars,Gepubliceerd,
🎱 BINGO ! 🎱 ,bingo-c-2,6218bc292822d0fe3ce3347b,653ad4ede882f528b327d8f8,699ef587f0c672965ba87597,false,false,Wed Feb 25 2026 13:13:43 GMT+0000 (Coordinated Universal Time),Mon Mar 09 2026 10:00:54 GMT+0000 (Coordinated Universal Time),Mon Mar 09 2026 10:00:54 GMT+0000 (Coordinated Universal Time),🎱 BINGO ! 🎱,,Wed Mar 11 2026 12:30:00 GMT+0000 (Coordinated Universal Time),13:30,16:00,De Harmonie,1 : Per blad / Par feuille ,"Georganiseerd door de Bingoclub, kom spelen en maak kans op mooie prijzen. Elk bingoblad kost €1 (het opgehaalde geld wordt geherinvesteerd in nieuwe prijzen), met een maximum van 8 bladen per persoon. En het beste van alles is dat zelfs de verliezers aan het eind een kleine prijs kunnen winnen. Dus uiteindelijk is iedereen een winnaar :) ","Organisé par le Club Bingo, venez jouer pour tenter de remporter de jolis lots. Chaque feuille de Bingo est vendue au prix de 1€ (l'argent récolté est réinvesti dans les nouveaux lots), avec un maximum de 8 feuilles par personne. Et le meilleur c'est que même les perdants pourront repartir avec un petit lot à la fin. Tout le monde est donc gagnant à la fin :) ",,,woensdag,mercredi,maart,mars,Gepubliceerd,
🎱 BINGO ! 🎱 ,bingo-c-4,6218bc292822d0fe3ce3347b,653ad4ede882f528b327d8f8,699ef5dbd7260e2a5450b5e9,false,false,Wed Feb 25 2026 13:15:07 GMT+0000 (Coordinated Universal Time),Mon Mar 09 2026 10:31:44 GMT+0000 (Coordinated Universal Time),Mon Mar 09 2026 10:31:44 GMT+0000 (Coordinated Universal Time),🎱 BINGO ! 🎱,,Tue Mar 17 2026 12:30:00 GMT+0000 (Coordinated Universal Time),13:30,16:00,De Harmonie,1 : Per blad / Par feuille ,"Georganiseerd door de Bingoclub, kom spelen en maak kans op mooie prijzen. Elk bingoblad kost €1 (het opgehaalde geld wordt geherinvesteerd in nieuwe prijzen), met een maximum van 8 bladen per persoon. En het beste van alles is dat zelfs de verliezers aan het eind een kleine prijs kunnen winnen. Dus uiteindelijk is iedereen een winnaar :) ","Organisé par le Club Bingo, venez jouer pour tenter de remporter de jolis lots. Chaque feuille de Bingo est vendue au prix de 1€ (l'argent récolté est réinvesti dans les nouveaux lots), avec un maximum de 8 feuilles par personne. Et le meilleur c'est que même les perdants pourront repartir avec un petit lot à la fin. Tout le monde est donc gagnant à la fin :) ",,,dinsdag,mardi,maart,mars,Gepubliceerd,
🎱 BINGO ! 🎱    ,bingo-c-5,6218bc292822d0fe3ce3347b,653ad4ede882f528b327d8f8,699ef5f65d642dc662cba7e6,false,false,Wed Feb 25 2026 13:15:34 GMT+0000 (Coordinated Universal Time),Mon Mar 09 2026 10:00:45 GMT+0000 (Coordinated Universal Time),Mon Mar 09 2026 10:00:45 GMT+0000 (Coordinated Universal Time),🎱 BINGO ! 🎱,,Wed Mar 25 2026 12:30:00 GMT+0000 (Coordinated Universal Time),13:30,16:00,De Harmonie,1 : Per blad / Par feuille ,"Georganiseerd door de Bingoclub, kom spelen en maak kans op mooie prijzen. Elk bingoblad kost €1 (het opgehaalde geld wordt geherinvesteerd in nieuwe prijzen), met een maximum van 8 bladen per persoon. En het beste van alles is dat zelfs de verliezers aan het eind een kleine prijs kunnen winnen. Dus uiteindelijk is iedereen een winnaar :) ","Organisé par le Club Bingo, venez jouer pour tenter de remporter de jolis lots. Chaque feuille de Bingo est vendue au prix de 1€ (l'argent récolté est réinvesti dans les nouveaux lots), avec un maximum de 8 feuilles par personne. Et le meilleur c'est que même les perdants pourront repartir avec un petit lot à la fin. Tout le monde est donc gagnant à la fin :) ",,,woensdag,mercredi,maart,mars,Gepubliceerd,
🎱 BINGO ! 🎱 copie 5,bingo-copie-5,6218bc292822d0fe3ce3347b,653ad4ede882f528b327d8f8,6981e495944f79eeee1fa89d,false,false,Tue Feb 03 2026 12:05:41 GMT+0000 (Coordinated Universal Time),Tue Feb 03 2026 12:05:41 GMT+0000 (Coordinated Universal Time),Tue Feb 03 2026 12:05:41 GMT+0000 (Coordinated Universal Time),🎱 BINGO ! 🎱,,Wed Feb 11 2026 12:30:00 GMT+0000 (Coordinated Universal Time),13:30,16:00,De Harmonie,1 : Per blad / Par feuille ,"Georganiseerd door de Bingoclub, kom spelen en maak kans op mooie prijzen. Elk bingoblad kost €1 (het opgehaalde geld wordt geherinvesteerd in nieuwe prijzen), met een maximum van 8 bladen per persoon. En het beste van alles is dat zelfs de verliezers aan het eind een kleine prijs kunnen winnen. Dus uiteindelijk is iedereen een winnaar :) ","Organisé par le Club Bingo, venez jouer pour tenter de remporter de jolis lots. Chaque feuille de Bingo est vendue au prix de 1€ (l'argent récolté est réinvesti dans les nouveaux lots), avec un maximum de 8 feuilles par personne. Et le meilleur c'est que même les perdants pourront repartir avec un petit lot à la fin. Tout le monde est donc gagnant à la fin :) ",,,woensdag,mercredi,februari,fevrier,Gepubliceerd,
🎱 BINGO ! 🎱 copie 5 ,bingo-copie-5-2,6218bc292822d0fe3ce3347b,653ad4ede882f528b327d8f8,6981e4ce10e873663bde0452,false,false,Tue Feb 03 2026 12:06:38 GMT+0000 (Coordinated Universal Time),Tue Feb 03 2026 12:06:38 GMT+0000 (Coordinated Universal Time),Tue Feb 03 2026 12:06:38 GMT+0000 (Coordinated Universal Time),🎱 BINGO ! 🎱,,Tue Feb 17 2026 12:30:00 GMT+0000 (Coordinated Universal Time),13:30,16:00,De Harmonie,1 : Per blad / Par feuille ,"Georganiseerd door de Bingoclub, kom spelen en maak kans op mooie prijzen. Elk bingoblad kost €1 (het opgehaalde geld wordt geherinvesteerd in nieuwe prijzen), met een maximum van 8 bladen per persoon. En het beste van alles is dat zelfs de verliezers aan het eind een kleine prijs kunnen winnen. Dus uiteindelijk is iedereen een winnaar :) ","Organisé par le Club Bingo, venez jouer pour tenter de remporter de jolis lots. Chaque feuille de Bingo est vendue au prix de 1€ (l'argent récolté est réinvesti dans les nouveaux lots), avec un maximum de 8 feuilles par personne. Et le meilleur c'est que même les perdants pourront repartir avec un petit lot à la fin. Tout le monde est donc gagnant à la fin :) ",,,dinsdag,mardi,februari,fevrier,Gepubliceerd,
🎱 BINGO ! 🎱 copie 5  ,bingo-copie-5-3,6218bc292822d0fe3ce3347b,653ad4ede882f528b327d8f8,6981e507ce4f3900d21d980b,false,false,Tue Feb 03 2026 12:07:35 GMT+0000 (Coordinated Universal Time),Tue Feb 03 2026 12:07:35 GMT+0000 (Coordinated Universal Time),Tue Feb 03 2026 12:07:35 GMT+0000 (Coordinated Universal Time),🎱 BINGO ! 🎱,,Wed Feb 25 2026 12:30:00 GMT+0000 (Coordinated Universal Time),13:30,16:00,De Harmonie,1 : Per blad / Par feuille ,"Georganiseerd door de Bingoclub, kom spelen en maak kans op mooie prijzen. Elk bingoblad kost €1 (het opgehaalde geld wordt geherinvesteerd in nieuwe prijzen), met een maximum van 8 bladen per persoon. En het beste van alles is dat zelfs de verliezers aan het eind een kleine prijs kunnen winnen. Dus uiteindelijk is iedereen een winnaar :) ","Organisé par le Club Bingo, venez jouer pour tenter de remporter de jolis lots. Chaque feuille de Bingo est vendue au prix de 1€ (l'argent récolté est réinvesti dans les nouveaux lots), avec un maximum de 8 feuilles par personne. Et le meilleur c'est que même les perdants pourront repartir avec un petit lot à la fin. Tout le monde est donc gagnant à la fin :) ",,,woensdag,mercredi,februari,fevrier,Gepubliceerd,
BIOSCOOP : Hôtel Transylvania (animatie),bioscoop-hotel-transylvania-animatie,6218bc292822d0fe3ce3347b,653ad4ede882f528b327d8f8,6548d1b3b37bd16df3b73a45,false,false,Mon Nov 06 2023 11:44:51 GMT+0000 (Coordinated Universal Time),Mon Nov 06 2023 11:44:51 GMT+0000 (Coordinated Universal Time),Mon Nov 06 2023 11:44:56 GMT+0000 (Coordinated Universal Time),CINÉMA : Hôtel Transylvania (animation),,Sun Nov 12 2023 13:00:00 GMT+0000 (Coordinated Universal Time),14:00,,"Centre Culturel Pôle Nord, Chaussée d'Anvers 208",0,"Dracula verwelkomt monsters van alle soorten en hun families in zijn luxueuze 5-sterren Hotel Transylvania. Hier kunnen ze eindelijk doen wat ze willen, zonder lastig gevallen te worden door mensen. Om de 118e verjaardag van zijn dochter Mavis te vieren, nodigt Dracula het kruim van de beroemdste monsters uit: Frankenstein en zijn verloofde, de mummie, de onzichtbare man, een familie weerwolven... Alles had perfect kunnen verlopen als een jonge jongen niet had besloten die avond in het hotel te blijven en zijn zinnen had gezet op de mooie Mavis...","C'est dans son Hôtel Transylvania, un luxueux palace 5 étoiles, que Dracula accueille les monstres de tout poil et leur famille. Ici, ils peuvent enfin agir à leur guise, sans être inquiétés par les humains. A l'occasion du 118è anniversaire de sa fille Mavis, Dracula invite la crème des monstres les plus célèbres : Frankenstein et sa fiancée, la Momie, l'Homme Invisible, une famille de loups garous... Tout aurait pu se passer pour le mieux si ce soir-là un jeune garçon n'avait pas décidé de loger à l'hôtel et n'avait posé son regard sur la jolie Mavis...
",Film in het Frans met Nederlandse ondertiteling. Na de vertoning is er een snack en animatie voor kinderen. ,Film en français avec sous-titres néerlandais. La projection sera suivie d’un goûter et d’une animation pour les enfants. ,zondag,dimanche,november,novembre,Gepubliceerd,
Boekenbeurs Brussel 2024,boekenbeurs-brussel-2024,6218bc292822d0fe3ce3347b,653ad4ede882f528b327d8f8,65fc0ca0921678da2253badc,false,false,Thu Mar 21 2024 10:32:00 GMT+0000 (Coordinated Universal Time),Thu Mar 21 2024 10:32:00 GMT+0000 (Coordinated Universal Time),Thu Mar 21 2024 10:32:06 GMT+0000 (Coordinated Universal Time),Foire du Livre de Bruxelles 2024,,Thu Apr 04 2024 11:30:00 GMT+0000 (Coordinated Universal Time),13:30,16:00,Tour & Taxis,0,"De Boekenbeurs van Brussel, een waar instituut voor boekenliefhebbers, opent haar deuren van donderdag 4 tot en met zondag 7 april. We nodigen je uit om donderdag met ons mee te gaan. Nadat iedereen heeft kunnen ronddwalen langs de verschillende stands, komen we rond 15.30 uur weer samen voor een kopje koffie en onze verschillende ontdekkingen. ","Véritable institution pour les amoureux du livre, la Foire du Livre de Bruxelles ouvre ses portes du jeudi 4 au dimanche 7 avril. Nous vous proposons de nous y rendre ensemble ce jeudi. Après que chacun ait pu flâner entre les différents stands, nous nous retrouverons aux alentours de 15h30 pour partager un café et nos différentes découvertes. ",We vertrekken om 13.30 uur uit De Harmonie.,Nous partirons de De Harmonie à 13h30,donderdag,jeudi,april,avril,Gepubliceerd,
Boodschappendienst ,boodschappendienst-70,6218bc292822d0fe3ce3347b,653ad4ede882f528b327d8f8,687901f509286818a8a41033,false,false,Thu Jul 17 2025 14:00:21 GMT+0000 (Coordinated Universal Time),Thu Jul 17 2025 14:00:21 GMT+0000 (Coordinated Universal Time),Thu Jul 17 2025 14:00:21 GMT+0000 (Coordinated Universal Time),Service de Courses,118,Mon Aug 04 2025 12:00:00 GMT+0000 (Coordinated Universal Time),14u00,,De Harmonie,"2,50",Wie wil er mee met de camionette om grote boodschappen doen.,Qui veut venir avec nous faire ses grosses courses avec la camionette.,"Als je wil, zetten we uw boodschappen af bij u thuis.",Si vous le désirez nous déposons vos courses à votre porte.,maandag,lundi,augustus,août,Gepubliceerd,gezelschap.png
Boodschappendienst  ,boodschappendienst-71,6218bc292822d0fe3ce3347b,653ad4ede882f528b327d8f8,68790218884e02a0c941004f,false,false,Thu Jul 17 2025 14:00:56 GMT+0000 (Coordinated Universal Time),Thu Jul 17 2025 14:00:56 GMT+0000 (Coordinated Universal Time),Thu Jul 17 2025 14:00:56 GMT+0000 (Coordinated Universal Time),Service de Courses,118,Mon Aug 18 2025 12:00:00 GMT+0000 (Coordinated Universal Time),14u00,,De Harmonie,"2,50",Wie wil er mee met de camionette om grote boodschappen doen.,Qui veut venir avec nous faire ses grosses courses avec la camionette.,"Als je wil, zetten we uw boodschappen af bij u thuis.",Si vous le désirez nous déposons vos courses à votre porte.,maandag,lundi,augustus,août,Gepubliceerd,gezelschap.png
Boodschappendienst   ,boodschappendienst-72,6218bc292822d0fe3ce3347b,653ad4ede882f528b327d8f8,68a3241f4deb433b33fdaa99,false,false,Mon Aug 18 2025 13:01:19 GMT+0000 (Coordinated Universal Time),Mon Aug 18 2025 13:01:19 GMT+0000 (Coordinated Universal Time),Mon Aug 18 2025 13:01:19 GMT+0000 (Coordinated Universal Time),Service de Courses,118,Mon Sep 01 2025 12:00:00 GMT+0000 (Coordinated Universal Time),14u00,,De Harmonie,"2,50",Wie wil er mee met de camionette om grote boodschappen doen.,Qui veut venir avec nous faire ses grosses courses avec la camionette.,"Als je wil, zetten we uw boodschappen af bij u thuis.",Si vous le désirez nous déposons vos courses à votre porte.,maandag,lundi,september,septembre,Gepubliceerd,gezelschap.png
Boodschappendienst    ,boodschappendienst-73,6218bc292822d0fe3ce3347b,653ad4ede882f528b327d8f8,68a3243607459dec8fd3ded9,false,false,Mon Aug 18 2025 13:01:42 GMT+0000 (Coordinated Universal Time),Mon Aug 18 2025 13:01:42 GMT+0000 (Coordinated Universal Time),Mon Aug 18 2025 13:01:42 GMT+0000 (Coordinated Universal Time),Service de Courses,118,Mon Sep 15 2025 12:00:00 GMT+0000 (Coordinated Universal Time),14u00,,De Harmonie,"2,50",Wie wil er mee met de camionette om grote boodschappen doen.,Qui veut venir avec nous faire ses grosses courses avec la camionette.,"Als je wil, zetten we uw boodschappen af bij u thuis.",Si vous le désirez nous déposons vos courses à votre porte.,maandag,lundi,september,septembre,Gepubliceerd,gezelschap.png
Boodschappendienst     ,boodschappendienst-74,6218bc292822d0fe3ce3347b,653ad4ede882f528b327d8f8,68a32452fcd91154e9ffa78a,false,false,Mon Aug 18 2025 13:02:10 GMT+0000 (Coordinated Universal Time),Mon Aug 18 2025 13:02:10 GMT+0000 (Coordinated Universal Time),Mon Aug 18 2025 13:02:10 GMT+0000 (Coordinated Universal Time),Service de Courses,118,Mon Sep 29 2025 12:00:00 GMT+0000 (Coordinated Universal Time),14u00,,De Harmonie,"2,50",Wie wil er mee met de camionette om grote boodschappen doen.,Qui veut venir avec nous faire ses grosses courses avec la camionette.,"Als je wil, zetten we uw boodschappen af bij u thuis.",Si vous le désirez nous déposons vos courses à votre porte.,maandag,lundi,september,septembre,Gepubliceerd,gezelschap.png
BOT : 11 juli - concert,bot-11-juli---concert,6218bc292822d0fe3ce3347b,653ad4ede882f528b327d8f8,668685ed848d5f9fb3bc467d,false,false,Thu Jul 04 2024 11:22:21 GMT+0000 (Coordinated Universal Time),Thu Jul 11 2024 08:45:39 GMT+0000 (Coordinated Universal Time),Thu Jul 11 2024 08:45:44 GMT+0000 (Coordinated Universal Time),BOT : Concert du 11 Juillet,,Thu Jul 11 2024 13:00:00 GMT+0000 (Coordinated Universal Time),15:00,,,0,"Opera, operette en zarzuela! Dat brengen mezzosopraan Lara Cannaert, sopraan Itzel Devos en pianist Lionel Bams . Laat je ontroeren door aria’s van Georges Bizet, Johann Strauss, Jacques Offenbach, Amadeu Vives, François-Adrien Boieldieu en Léo Delibes. Inkom gratis
Geen reservatie – vroeg aankomen.","Opéra, opérette et zarzuela ! C'est ce qu'interprètent la mezzo-soprano Lara Cannaert, la soprano Itzel Devos et le pianiste Lionel Bams. Laissez-vous émouvoir par des airs de Georges Bizet, Johann Strauss, Jacques Offenbach, Amadeu Vives, François-Adrien Boieldieu et Léo Delibes. Entrée libre
Pas de réservation - arrivez à l'avance.","Al enkele jaren organiseert vzw Muntpunt de 11 juli-viering in Brussel, op vraag van de Vlaams Minister voor Brussel.
Concreet presenteert het B.O.T. twee identieke concerten gespreid over de namiddag.
De praktische realisatie is volledig in onze handen, en onze artistiek leider is verantwoordelijk voor het programma.
De voorstellingen gaan door in de Bijstandskerk aan de Kolenmarkt, een autovrije straat in een bruisende zone.","Depuis plusieurs années, l'asbl Muntpunt organise les festivités du 11 juillet à Bruxelles, à la demande du ministre flamand de Bruxelles.
Concrètement, le B.O.T. présente deux concerts identiques répartis sur l'après-midi.
La réalisation pratique est entièrement entre nos mains et notre directeur artistique est responsable du programme.
Les représentations auront lieu dans l'Église du Bon-Secours sur le Marché au Charbon, une rue sans voitures dans un quartier animé.",donderdag,jeudi,juli,juillet,Gepubliceerd,
"BOZAR : ""Belgian National Orchestra & Zhang, Prégardien""",bozar-belgian-national-orchestra-zhang-pregardien,6218bc292822d0fe3ce3347b,653ad4ede882f528b327d8f8,6788f5b6415cc2448df81062,false,false,Thu Jan 16 2025 12:04:06 GMT+0000 (Coordinated Universal Time),Thu Jan 16 2025 12:04:06 GMT+0000 (Coordinated Universal Time),Thu Jan 16 2025 12:04:06 GMT+0000 (Coordinated Universal Time),"BOZAR : ""Belgian National Orchestra & Zhang, Prégardien""",,Sun Feb 23 2025 14:00:00 GMT+0000 (Coordinated Universal Time),15:00,17:00,Bozar,2,"Mahlers eerste liedcyclus, de Lieder eines fahrenden Gesellen, ontstond tussen 1883 en 1885. In die periode werd de nog jonge componist hartstochtelijk verliefd op de sopraan Johanna Richter. Zij zag hem niet staan en uit Mahlers teleurstellingen, frustraties en lijden werd de liedcyclus geboren. In de woelige jaren van de Grote Zuivering – een grootschalige campagne van vervolgingen in de Sovjet-Unie – schreef Sjostakovitsj zijn Vijfde symfonie. De autoriteiten interpreteerden het werk met zijn extatische finale als het verhaal van een Sovjetheld wiens persoonlijkheid door verschillende crisissen werd gevormd om dan in de finale te overwinnen en optimistisch in de toekomst te blikken. Anderen hoorden in de vierdelige symfonie dan weer een verborgen kritiek op het regime.","Entre 1883 et 1885, Mahler, alors jeune compositeur, était éperdument amoureux de la soprano Johanna Richter. Cet amour à sens unique a inspiré la création du premier cycle de chants de Mahler, les Lieder eines fahrenden Gesellen. C'est au cours des années turbulentes de la Grande Purge – une vaste campagne de persécution en Union soviétique – que Chostakovitch a composé sa Cinquième symphonie. Les autorités ont interprété l'œuvre, avec son final extatique, comme l'histoire d'un héros soviétique dont la personnalité a été façonnée par diverses crises, avant d'être surmontée dans le final et d'envisager l'avenir avec optimisme. D'autres, en revanche, ont vu dans cette symphonie en quatre mouvements une critique cachée du régime.",,,zondag,dimanche,februari,février,Gepubliceerd,
BRUSSELS OPERETTETHEATER : HMS Pinafore gaat voor anker (KVS),brussels-operettetheater-hms-pinafore-gaat-voor-anker-kvs,6218bc292822d0fe3ce3347b,653ad4ede882f528b327d8f8,6548cc7fe860d4412a0a3669,false,false,Mon Nov 06 2023 11:22:39 GMT+0000 (Coordinated Universal Time),Mon Nov 06 2023 11:27:30 GMT+0000 (Coordinated Universal Time),Mon Nov 06 2023 11:27:57 GMT+0000 (Coordinated Universal Time),BRUSSELS OPERETTETHEATER : Le HMS Pinafore jette l'ancre (KVS),,Fri Dec 15 2023 13:00:00 GMT+0000 (Coordinated Universal Time),14:00,,KVS,0,"Met het koninklijke marineschip als decor wordt de dochter van de kapitein verliefd op een eenvoudige matroos. Natuurlijk denkt haar vader daar anders over. Maar ""Things are seldom what they seem"" volgens een van de personages. Het verhaal neemt het Victoriaanse klassensysteem op de korrel, drijft de spot met hypocrisie, snobisme en (Engels) chauvinisme. In geestige en grappige teksten en melodieën gaat het over goede afkomst versus ware liefde.","Avec un navire de la marine royale pour décor, la fille du capitaine tombe amoureuse d'un simple marin. Bien sûr, son père n'est pas d'accord. Mais ""les choses sont rarement ce qu'elles semblent être"", selon l'un des personnages. L'histoire prend à partie le système de classes victorien, se moque de l'hypocrisie, du snobisme et du chauvinisme (anglais). Avec des paroles et des airs pleins d'esprit et d'humour, il est question des bonnes origines contre le véritable amour.","De show is gratis, maar je moet wel reserveren vóór vrijdag 17 november.",Spectacle gratuit mais réservations obligatoires avant le vendredi 17 novembre.,vrijdag,vendredi,december,décembre,Gepubliceerd,
Brusselse Waterdagen : Wandeling in het Scheutbos,brusselse-waterdagen-2023-wandeling-in-het-scheutbos,6218bc292822d0fe3ce3347b,653ad4ede882f528b327d8f8,6409ebaf65955390b46f239b,false,false,Thu Mar 09 2023 14:22:39 GMT+0000 (Coordinated Universal Time),Thu Mar 09 2023 14:47:54 GMT+0000 (Coordinated Universal Time),Thu Mar 09 2023 14:55:12 GMT+0000 (Coordinated Universal Time),Journées Bruxelloises de l'Eau : Promenade au Bois du Scheutbos,,Sat Mar 18 2023 09:00:00 GMT+0000 (Coordinated Universal Time),10:00,12:15,"Cabane des gardiens du parc régional du Scheutbos. Tout au fond de la rue du Scheutbos, à 5 minutes de l'arrêt de bus Machtens.",0,"Waarom is water de bron van het leven? De wonderbaarlijke eigenschappen van water bij de oorsprong van het leven en de evolutie ervan. Waarom maakten de fysische en chemische eigenschappen van water het mogelijk dat er leven op aarde ontstond en in stand werd gehouden? Hoe is het leven ontstaan? Hoe heeft het zich ontwikkeld? We maken van de gelegenheid gebruik om de natte natuur van het Scheutbos te bezoeken: bronnen, beken, vijvers en rietvelden.","Pourquoi l'eau est-elle source de vie ?
Les propriétés miraculeuses de l'eau dans l'origine de la vie et son évolution.
Pourquoi les propriétés physiques et chimiques de l'eau ont-elles permis à la vie de se développer et de survivre sur Terre ? Comment la vie est-elle apparue ? Comment a-t-elle évolué ? Nous en profitons pour visiter les zones humides du bois du Scheutbos : sources, ruisseaux, étangs et roselières.",Wandeling van 2u. Graag verwittigen aan leveque.jean@hotmail.com of per gsm op 0496 530 768. Deze wandeling wordt niet georganiseerd door De Harmonie.,Marche de 2h. Réservation par mail à leveque.jean@hotmail.com ou par téléphone au 0496 530 768. Cette promenade n'est pas organisée par De Harmonie.,zaterdag,samedi,maart,mars,Gepubliceerd,
"Brusselse Waterdagen : Fietswandeling ""Brussel, langs het water""",brusselse-waterdagen-fietswandeling-brussel-langs-het-water,6218bc292822d0fe3ce3347b,653ad4ede882f528b327d8f8,6409f18b9e140f4584c9c898,false,false,Thu Mar 09 2023 14:47:39 GMT+0000 (Coordinated Universal Time),Thu Mar 09 2023 14:47:39 GMT+0000 (Coordinated Universal Time),Thu Mar 09 2023 14:55:12 GMT+0000 (Coordinated Universal Time),"Journées Bruxelloises de l'Eau : Balade en vélo ""Bruxelles au fil de l'eau""",,Sat Mar 25 2023 09:00:00 GMT+0000 (Coordinated Universal Time),10:00,13:30,"Entrée Grand Hospice (fontaine ""le joueur de cornemuse"") Rue du Grand Hospice 7",0,"Brussel dankt haar ontstaan aan de Zenne. De rivier, en vanaf de 16de eeuw ook het kanaal naar Willebroek, waren essentieel voor de economie van de stad. Door de eeuwen heen is de rol en onze kijk op water geëvolueerd. Tijdens deze tour gaan op zoek naar rust langs het water en fietsen we vanuit Brussel-Stad richting Vorst, Ukkel en Elsene. We verkennen diverse waterplekken die vandaag een recreatieve en soms ook esthetische invulling kregen maar ook de rol die ze spelen in een ecologisch waterbeheer. Of hoe de hernieuwde belangstelling voor water bijdraagt tot de levenskwaliteit en de adaptatie aan de effecten van klimaatverandering in de stad. ","Bruxelles doit ses origines à la Senne. La rivière, et à partir du XVIe siècle le canal vers Willebroek, étaient essentiels à l'économie de la ville. Au fil des siècles, le rôle et notre regard sur l'eau ont évolué. Lors de ce tour, nous partons à la recherche du calme au fil de l'eau et nous pédalons de Bruxelles-ville vers Forest, Uccle et Ixelles. Nous explorons différents lieux d'eau qui ont aujourd'hui une vocation récréative et parfois esthétique, mais aussi le rôle qu'ils jouent dans la gestion écologique de l'eau. Ou comment le regain d'intérêt pour l'eau contribue à la qualité de vie et à l'adaptation aux effets du changement climatique dans la ville.",Meer info : Info@cactus.brussels Deze activiteit wordt niet georganiseerd door De Harmonie,Plus d'informations via : Info@cactus.brussels Cette activité n'est pas organisée par De Harmonie,zaterdag,samedi,maart,mars,Gepubliceerd,
Brusselse Waterdagen : Ontmoeting aan de BRYC & de Watersportpool,brusselse-waterdagen-ontmoeting-aan-de-bryc-de-watersportpool,6218bc292822d0fe3ce3347b,653ad4ede882f528b327d8f8,6409ef7c3ab36e09131f2cd5,false,false,Thu Mar 09 2023 14:38:52 GMT+0000 (Coordinated Universal Time),Thu Mar 09 2023 14:38:52 GMT+0000 (Coordinated Universal Time),Thu Mar 09 2023 14:55:12 GMT+0000 (Coordinated Universal Time),Journées Bruxelloises de l'Eau : Rendez-Vous au BRYC et au Pôle Nautique,,Sun Mar 19 2023 10:00:00 GMT+0000 (Coordinated Universal Time),11:00,17:00,"BRYC (Brussel Royal Yacht Club) - Port de Bruxelles, Vilvoordsesteenweg 1, 1020 Brussel",0,"Welkom aan boord van Brussel!
Kom een kijkje nemen in de haven van Brussel en leer meer over onze activiteiten en hoe de haven bijdraagt tot de verbetering van het dagelijkse leven van iedereen.
Rondleiding op de Solarwind zeilboot, die in oktober de solo Zero Carbon Round the World Tour start - demonstratie Cleaner Boat (14.00-16.00 uur), Water Pump Challenge spel, roeiboot en Bantry Yole initiaties en vele andere activiteiten (scheepsbezoeken, demonstraties, tentoonstellingen, enz.).","Bienvenue à bord de Bruxelles !
Venez faire un tour au Port de Bruxelles, vous aurez l'occasion d'en apprendre un peu plus sur nos activités et comment le port contribue à améliorer le quotidien de toutes et tous.
Visite guidée du bateau à voile Solarwind qui entamera le tour du monde en solitaire Zéro Carbone, en octobre prochain - Démonstration du Bateau Nettoyeur (14h-16h), jeu Water Pump Challenge, initiations au bac à ramer et à la Yole de Bantry et de nombreuses autres activités (visites de navires, démonstrations, expos, etc.)",Deze activiteit wordt niet georganiseerd door De Harmonie,Cette activité n'est pas organisée par De Harmonie,zondag,dimanche,maart,mars,Gepubliceerd,
Brusselse Waterdagen : Ontmoeting aan de vijvers van Elsene - Flageyplein,brusselse-waterdagen-ontmoeting-aan-de-vijvers-van-elsene-flageyplein,6218bc292822d0fe3ce3347b,653ad4ede882f528b327d8f8,6409f345b306866787a669da,false,false,Thu Mar 09 2023 14:55:01 GMT+0000 (Coordinated Universal Time),Thu Mar 09 2023 14:55:01 GMT+0000 (Coordinated Universal Time),Thu Mar 09 2023 14:55:12 GMT+0000 (Coordinated Universal Time),Journées Bruxelloises de l'Eau : Rendez-vous aux Etangs d'Ixelles - Place Flagey,,Sun Mar 26 2023 08:00:00 GMT+0000 (Coordinated Universal Time),10:00,16:00,Flageyplein,0,"Water, water en nog eens water aan de vijvers van Elsene. Tijdens deze ontmoeting aan de rand van het water kunt u veel te weten komen over de geschiedenis en het beheer van het water in de Brusselse regio: bezoek aan het stormbekken, wandelingen in de Maelbeekvallei, workshops en tentoonstellingen.","De l'eau, de l'eau et encore de l'eau aux étangs d'Ixelles. Lors de cette rencontre au bord de l'eau, vous pourrez apprendre énormément sur l'histoire et la gestion de l'eau dans la région bruxelloise : visite du bassin d'orage, promenades dans la vallée du Maelbeek, ateliers et expositions.",Deze activiteit wordt niet georganiseerd door De Harmonie,Cette activité n'est pas organisée par De Harmonie,zondag,dimanche,maart,mars,Gepubliceerd,
CINÉ-CLUB : Casablanca (1942),cine-club-19182,6218bc292822d0fe3ce3347b,653ad4ede882f528b327d8f8,6788ebc43f80b74b8245fe15,false,false,Thu Jan 16 2025 11:21:40 GMT+0000 (Coordinated Universal Time),Mon Feb 10 2025 09:49:37 GMT+0000 (Coordinated Universal Time),Mon Feb 10 2025 09:49:37 GMT+0000 (Coordinated Universal Time),CINÉ-CLUB : Casablanca (1942),,Mon Feb 10 2025 12:30:00 GMT+0000 (Coordinated Universal Time),13:30,15:30,De Harmonie,0,"In de aanloop naar Valentijnsdag, een van de meest memorabele liefdesverhalen, regelmatig opgenomen in de top 5 films van de 20e eeuw. In het Marokko van de jaren 1940 wordt het leven van een nachtclubeigenaar op zijn kop gezet wanneer een voormalige minnares weer opduikt met haar man, een verzetsstrijder. Met Humphrey Bogart, Ingrid Bergman, ...","A l'approche de la Saint-Valentin, l'une des histoires d'amour les plus mémorables, régulièrement citée dans les 5 meilleurs films du XXeme siècle. Au Maroc, dans les années 1940, la vie d’un propriétaire de night-club bascule lorsqu'une ancienne maîtresse resurgit avec son mari, un résistant. Avec Humphrey Bogart, Ingrid Bergman, ...","
Reserveer van tevoren zodat we voor voldoende stoelen kunnen zorgen :) ","
Merci de réserver pour qu'on puisse prévoir un nombre suffisant de chaises :) ",dinsdag,mardi,februari,février,Gepubliceerd,
CINÉ-CLUB : Yes Man,cine-club-19183,6218bc292822d0fe3ce3347b,653ad4ede882f528b327d8f8,6788ec246bfbba67065223d4,false,false,Thu Jan 16 2025 11:23:16 GMT+0000 (Coordinated Universal Time),Thu Feb 13 2025 12:51:19 GMT+0000 (Coordinated Universal Time),Thu Feb 13 2025 12:51:19 GMT+0000 (Coordinated Universal Time),CINÉ-CLUB : Yes Man,,Tue Feb 25 2025 12:30:00 GMT+0000 (Coordinated Universal Time),13:30,15:30,De Harmonie,0,"Komedie met Jim Carrey in de hoofdrol. Carl Allen staat stil. Geen toekomst... tot de dag dat hij zich inschrijft voor een persoonlijk ontwikkelingsprogramma gebaseerd op een simpel idee: zeg ja tegen alles! Carl wordt weggeblazen door de magische kracht van 'Ja' en ziet zijn professionele en liefdesleven van de ene op de andere dag op zijn kop staan: een onverwachte promotie, een nieuwe vriendin... Maar hij ontdekt al snel dat het beste de vijand van het goede kan zijn en dat niet elke kans een goede is...","Comédie avec Jim Carrey. Carl Allen est au point mort. No future... jusqu'au jour où il s'inscrit à un programme de développement personnel basé sur une idée toute simple : dire oui à tout ! Carl découvre avec éblouissement le pouvoir magique du ""Yes"", et voit sa vie professionnelle et amoureuse bouleversée du jour au lendemain : une promotion inattendue, une nouvelle petite amie... Mais il découvrira bientôt que le mieux peut être l'ennemi du bien, et que toutes les occasions ne sont pas bonnes à prendre...","
Reserveer van tevoren zodat we voor voldoende stoelen kunnen zorgen :) ","
Merci de réserver pour qu'on puisse prévoir un nombre suffisant de chaises :) ",dinsdag,mardi,februari,février,Gepubliceerd,
CINÉ-CLUB : Fargo (van de Coen Brothers),cine-club-19184,6218bc292822d0fe3ce3347b,653ad4ede882f528b327d8f8,67e2a5b729c9b3f1d03b3306,false,false,Tue Mar 25 2025 12:46:47 GMT+0000 (Coordinated Universal Time),Mon Apr 07 2025 10:25:04 GMT+0000 (Coordinated Universal Time),Mon Apr 07 2025 10:25:04 GMT+0000 (Coordinated Universal Time),CINÉ-CLUB : Fargo (des Frères Coen),,Tue Apr 15 2025 11:30:00 GMT+0000 (Coordinated Universal Time),13:30,15:30,De Harmonie,0,"Jerry Lundegaard, een bescheiden autoverkoper in Minneapolis, wordt verpletterd door schulden en werkt samen met twee kleine boeven die zijn vrouw Jean zullen ontvoeren. Jerry hoopt het grootste deel van het miljoen dollar losgeld terug te krijgen dat zijn hebzuchtige en rijke schoonvader zeker zal betalen voor zijn dochter. Maar de twee ontvoerders vermoorden een politieagent en twee lastige getuigen. Het onderzoek wordt toevertrouwd aan de korpschef, Marge Gunderson, die zwanger is en aan haar eerste strafzaak werkt.","Ecrasé de dettes, Jerry Lundegaard, modeste vendeur de voitures à Minneapolis, se met en cheville avec deux petits malfrats qui doivent enlever sa femme, Jean. Jerry espère récupérer la majeure partie de la rançon d'un million de dollars que son cupide et richissime beau-père ne manquera pas de verser pour récupérer sa fille. Seulement les deux ravisseurs abattent un policier et deux témoins gênants. L'enquête est confiée au chef de la police, Marge Gunderson, enceinte, dont c'est la première affaire criminelle.","
Reserveer van tevoren zodat we voor voldoende stoelen kunnen zorgen :) ","
Merci de réserver pour qu'on puisse prévoir un nombre suffisant de chaises :) ",dinsdag,mardi,april,avril,Gepubliceerd,
"CINÉ-CLUB : ""La Haine"" (Mathieu Kassovitz)",cine-club-19188,6218bc292822d0fe3ce3347b,653ad4ede882f528b327d8f8,683467c669daf41f5233e9aa,false,false,Mon May 26 2025 13:08:22 GMT+0000 (Coordinated Universal Time),Thu Jun 05 2025 12:12:34 GMT+0000 (Coordinated Universal Time),Thu Jun 05 2025 12:12:34 GMT+0000 (Coordinated Universal Time),"CINÉ-CLUB : ""La Haine"" (Mathieu Kassovitz)",,Tue Jun 10 2025 11:30:00 GMT+0000 (Coordinated Universal Time),13:30,15:30,De Harmonie,0,"Dit monument voor een hele generatie, de film die Mathieu Kassovitz, Vincent Cassel en vele anderen onthulde, werd in 1996 bekroond met de César voor Beste Film en werd ontvangen als een echte donderslag bij heldere hemel en richtte de schijnwerpers op Franse woonwijken, wat daar gebeurde en de diepe aspiraties van de jonge bewoners.","César du meilleur film 1996, monument de toute une génération, ce film qui a révélé Mathieu Kassovitz, Vincent Cassel, et beaucoup d'autres fut reçu comme un véritable coup de poing et porta un énorme projecteur sur les cités françaises, ce qu'il s'y passait et les aspirations profondes de ses jeunes habitants.","
Reserveer van tevoren zodat we voor voldoende stoelen kunnen zorgen :) ","
Merci de réserver pour qu'on puisse prévoir un nombre suffisant de chaises :) ",dinsdag,mardi,juni,juin,Gepubliceerd,
"CINÉ-CLUB : ""Rosetta""",cine-club-19189,6218bc292822d0fe3ce3347b,653ad4ede882f528b327d8f8,683467dad26af565ac41153d,false,false,Mon May 26 2025 13:08:42 GMT+0000 (Coordinated Universal Time),Tue Jun 17 2025 13:55:06 GMT+0000 (Coordinated Universal Time),Tue Jun 17 2025 13:55:06 GMT+0000 (Coordinated Universal Time),"CINÉ-CLUB : ""Rosetta""",,Tue Jun 24 2025 11:30:00 GMT+0000 (Coordinated Universal Time),13:30,15:30,De Harmonie,0,"Palme d'Or 1999. De film die de broers Dardenne en wijlen Émilie Dequenne internationale bekendheid gaf en ook de inspiratie was voor een Belgische wet. De impulsieve jonge Rosetta woont bij haar alcoholistische moeder en doet, gedreven door wanhoop, alles om een baan te behouden.","Palme d'Or 1999. Le film qui offrira la consécration internationale aux Frères Dardenne et à la regrettée Émilie Dequenne et qui sera également à l'origine d'une loi belge. La jeune et impulsive Rosetta vit avec sa mère alcoolique et, mue par le désespoir, se montre prête à tout pour conserver un emploi.","
Reserveer van tevoren zodat we voor voldoende stoelen kunnen zorgen :) ","
Merci de réserver pour qu'on puisse prévoir un nombre suffisant de chaises :) ",dinsdag,mardi,juni,juin,Gepubliceerd,
CINÉ-CLUB : Time Bandits (Terry Gilliam),cine-club-19190,6218bc292822d0fe3ce3347b,653ad4ede882f528b327d8f8,685d21246781effd6b69c6d1,false,false,Thu Jun 26 2025 10:29:56 GMT+0000 (Coordinated Universal Time),Thu Jul 10 2025 10:52:56 GMT+0000 (Coordinated Universal Time),Thu Jul 10 2025 10:52:56 GMT+0000 (Coordinated Universal Time),CINÉ-CLUB : Bandits Bandits (Terry Gilliam),,Tue Jul 15 2025 11:30:00 GMT+0000 (Coordinated Universal Time),13:30,15:30,De Harmonie,0,"Michael Palin en Terry Gilliam (ex-Monty Pythons) brengen een waanzinnige film over een kind dat terug in de tijd reist en Napoleon, Robin Hood enzovoort ontdekt. Waren de mythische helden zo dapper als ze vandaag de dag worden afgeschilderd? Met John Cleese, Sean Connery, Ian Holm, Shelley Duvall, Lisa Kudrow,...","Michael Palin et Terry Gilliam (Ex- Monty Pythons) vous proposent un film délirant d'un enfant voyageant dans le temps et découvrant Napoléon, Robin des Bois, etc. Les héros mythiques étaient-ils si valeureux qu'on veut bien le raconter aujourd'hui ? Avec John Cleese, Sean Connery, Ian Holm, Shelley Duvall, Lisa Kudrow,...","
Reserveer van tevoren zodat we voor voldoende stoelen kunnen zorgen :) ","
Merci de réserver pour qu'on puisse prévoir un nombre suffisant de chaises :) ",dinsdag,mardi,juli,juillet,Gepubliceerd,
"CINÉ-CLUB : "" Asterix verovert Rome""",cine-club-19191,6218bc292822d0fe3ce3347b,653ad4ede882f528b327d8f8,685d214a74f21691a11d7fb3,false,false,Thu Jun 26 2025 10:30:34 GMT+0000 (Coordinated Universal Time),Mon Aug 04 2025 12:45:46 GMT+0000 (Coordinated Universal Time),Mon Aug 04 2025 12:45:46 GMT+0000 (Coordinated Universal Time),"CINÉ-CLUB : ""Les 12 travaux d'Astérix""",,Tue Aug 05 2025 11:30:00 GMT+0000 (Coordinated Universal Time),13:30,15:30,De Harmonie,0,"De beroemde animatiefilm van Goscinny en Uderzo met de stemmen van de al even beroemde Roger Carel, Pierre Tornade, Jacques Morel, Gérard Hernandez, Stéphane Steeman en Pierre Tchernia. Julius Caesar daagt de onverzettelijke Galliërs uit: als ze erin slagen om 12 onmogelijke opdrachten te volbrengen, zullen de Romeinen hen met rust laten.","Le célèbre film d'animation de Goscinny et Uderzo avec les voix des non moins célèbres Roger Carel, Pierre Tornade, Jacques Morel Gérard Hernandez, Stéphane Steeman et Pierre Tchernia. Jules César met au défi les irréductibles Gaulois : s'ils parviennent à accomplir 12 travaux réputés impossibles, les Romains les laisseront en paix.","
Reserveer van tevoren zodat we voor voldoende stoelen kunnen zorgen :) ","
Merci de réserver pour qu'on puisse prévoir un nombre suffisant de chaises :) ",dinsdag,mardi,augustus,août,Gepubliceerd,
"CINÉ-CLUB : ""L'Écume des Jours""",cine-club-19192,6218bc292822d0fe3ce3347b,653ad4ede882f528b327d8f8,687903b4e868d60b6facfe56,false,false,Thu Jul 17 2025 14:07:48 GMT+0000 (Coordinated Universal Time),Mon Aug 18 2025 14:38:53 GMT+0000 (Coordinated Universal Time),Mon Aug 18 2025 14:38:53 GMT+0000 (Coordinated Universal Time),"CINÉ-CLUB : ""L'Écume des Jours""",,Tue Aug 19 2025 11:30:00 GMT+0000 (Coordinated Universal Time),13:30,15:30,De Harmonie,0,"Verfilming van de beroemde roman van Boris Vian door Michel Gondry met Romain Duris, Audrey Tautou, Gad Elmaleh en Omar Sy. Het surrealistische en poëtische verhaal van een idealistische en inventieve jongeman, Colin, die Chloé ontmoet, een jonge vrouw die de belichaming lijkt te zijn van een blues van Duke Ellington. Hun idyllische huwelijk verandert in bitterheid wanneer Chloé ziek wordt door een waterlelie die in haar long groeit. Om haar behandeling te betalen, moet Colin in een fantasierijk Parijs onder steeds absurdere omstandigheden werken, terwijl hun appartement in verval raakt en hun vriendengroep, waaronder de getalenteerde Nicolas en Chick, een fanatieke aanhanger van de filosoof Jean-Sol Partre, uit elkaar valt.","Adaptation du célèbre roman de Boris Vian par Michel Gondry avec Romain Duris, Audrey Tautou, Gad Elmaleh et Omar Sy. L’histoire surréelle et poétique d’un jeune homme idéaliste et inventif, Colin, qui rencontre Chloé, une jeune femme semblant être l’incarnation d’un blues de Duke Ellington. Leur mariage idyllique tourne à l’amertume quand Chloé tombe malade d’un nénuphar qui grandit dans son poumon. Pour payer ses soins, dans un Paris fantasmatique, Colin doit travailler dans des conditions de plus en plus absurdes, pendant qu’autour d’eux leur appartement se dégrade et que leur groupe d’amis, dont le talentueux Nicolas, et Chick, fanatique du philosophe Jean-Sol Partre, se délite.","
Reserveer van tevoren zodat we voor voldoende stoelen kunnen zorgen :) ","
Merci de réserver pour qu'on puisse prévoir un nombre suffisant de chaises :) ",dinsdag,mardi,augustus,août,Gepubliceerd,
"CINÉ-CLUB : ""Saving Mr. Banks""",cine-club-19193,6218bc292822d0fe3ce3347b,653ad4ede882f528b327d8f8,68a3255cf835acf92643d914,false,false,Mon Aug 18 2025 13:06:36 GMT+0000 (Coordinated Universal Time),Tue Aug 26 2025 08:47:05 GMT+0000 (Coordinated Universal Time),Tue Aug 26 2025 08:47:05 GMT+0000 (Coordinated Universal Time),"CINÉ-CLUB : ""Dans l'ombre de Mary""",,Tue Sep 02 2025 11:30:00 GMT+0000 (Coordinated Universal Time),13:30,15:30,De Harmonie,0,"Met Tom Hanks, Emma Thompson, Colin Farrell en Paul Giamatti. Toen Walt Disney zijn dochters beloofde hun favoriete boek, Mary Poppins, te verfilmen, wist hij niet waar hij aan begon. Zou hij na twintig jaar onderhandelen eindelijk een akkoord met de auteur bereiken ?","Avec Tom Hanks, Emma Thompson, Colin Farrell et Paul Giamatti. Lorsque Walt Disney a promis à ses filles d'adapter en film leur livre favori, Mary Poppins, il ne savait pas à quoi il s'engageait. Après 20 ans de négociations, serait-il sur le point d'enfin arracher un accord à l'autrice ? ","
Reserveer van tevoren zodat we voor voldoende stoelen kunnen zorgen :) ","
Merci de réserver pour qu'on puisse prévoir un nombre suffisant de chaises :) ",dinsdag,mardi,september,septembre,Gepubliceerd,
"CINÉ-CLUB : ""Ed Wood"" (Tim Burton)",cine-club-19194,6218bc292822d0fe3ce3347b,653ad4ede882f528b327d8f8,68a32581f835acf92643f322,false,false,Mon Aug 18 2025 13:07:13 GMT+0000 (Coordinated Universal Time),Mon Sep 15 2025 14:18:14 GMT+0000 (Coordinated Universal Time),Mon Sep 15 2025 14:18:14 GMT+0000 (Coordinated Universal Time),"CINÉ-CLUB : ""Ed Wood"" (Tim Burton)",,Tue Sep 16 2025 11:30:00 GMT+0000 (Coordinated Universal Time),13:30,15:30,De Harmonie,0,"Ed Wood vertelt op humoristische en emotionele wijze het leven van de regisseur die wordt beschouwd als de slechtste in de geschiedenis van de cinema. Tim Burton combineert fantasie en melancholie, gedragen door een schitterende vertolking van Johnny Depp.
Een originele en ontroerende biopic, die de passie voor cinema op charmante wijze viert.","Ed Wood raconte avec humour et émotion la vie du réalisateur considéré comme le pire de l’histoire du cinéma. Tim Burton mêle fantaisie et mélancolie, porté par une prestation brillante de Johnny Depp.
Un biopic original et touchant, qui célèbre la passion du cinéma avec beaucoup de charme.","
Reserveer van tevoren zodat we voor voldoende stoelen kunnen zorgen :) ","
Merci de réserver pour qu'on puisse prévoir un nombre suffisant de chaises :) ",dinsdag,mardi,september,septembre,Gepubliceerd,
"CINÉ-CLUB :  ""Hidden Figures""",cine-club-19195,6218bc292822d0fe3ce3347b,653ad4ede882f528b327d8f8,68a3259498f3b31e3cbf9e23,false,false,Mon Aug 18 2025 13:07:32 GMT+0000 (Coordinated Universal Time),Mon Sep 22 2025 13:34:11 GMT+0000 (Coordinated Universal Time),Mon Sep 22 2025 13:34:11 GMT+0000 (Coordinated Universal Time),"CINÉ-CLUB : ""Les Figures de l'Ombre""",,Tue Sep 30 2025 11:30:00 GMT+0000 (Coordinated Universal Time),13:30,15:30,De Harmonie,0,"Het buitengewone lot van drie Afro-Amerikaanse wetenschappers die ervoor zorgden dat de Verenigde Staten de leiding namen in de ruimtevaart, dankzij de lancering van astronaut John Glenn in een baan om de aarde. Ze bleven in de schaduw van hun mannelijke collega's en van een land dat werd geteisterd door diepe ongelijkheid, en hun verhaal, dat lange tijd onbekend bleef, wordt nu eindelijk verfilmd.","Le destin extraordinaire des trois scientifiques afro-américaines qui ont permis aux États-Unis de prendre la tête de la conquête spatiale, grâce à la mise en orbite de l’astronaute John Glenn. Maintenues dans l’ombre de leurs collègues masculins et dans celle d’un pays en proie à de profondes inégalités, leur histoire longtemps restée méconnue est enfin portée à l’écran.","
Reserveer van tevoren zodat we voor voldoende stoelen kunnen zorgen :) ","
Merci de réserver pour qu'on puisse prévoir un nombre suffisant de chaises :) ",dinsdag,mardi,september,septembre,Gepubliceerd,
CINÉ-CLUB : The Big Short,cine-club-19196,6218bc292822d0fe3ce3347b,653ad4ede882f528b327d8f8,68d14e0a247594551b4f2e94,false,false,Mon Sep 22 2025 13:24:26 GMT+0000 (Coordinated Universal Time),Thu Oct 09 2025 09:54:46 GMT+0000 (Coordinated Universal Time),Thu Oct 09 2025 09:54:46 GMT+0000 (Coordinated Universal Time),"CINÉ-CLUB : The Big Short, Le Casse du Siècle",,Tue Oct 14 2025 11:30:00 GMT+0000 (Coordinated Universal Time),13:30,15:30,De Harmonie,0,"Herinnert u zich de crisis van 2008 nog? Niet iedereen heeft toen geld verloren, integendeel. Ontdek het waargebeurde verhaal van kleine financiële genieën, onderschat door hun collega's, die de crisis voorzagen en tegelijkertijd de jackpot wonnen. Ze worden gespeeld door een 5*****-cast: Ryan Gosling, Brad Pitt, Steve Carrell en Christian Bale.","Vous vous souvenez de la crise de 2008 ? Tout le monde n'a pas perdu d'argent à l'époque, bien au contraire. Découvrez l'histoire vraie de petits génies de la finance, sous-estimés par leurs collègues, qui ont anticipé la crise et qui ont, par la même occasion, raflé la mise. Ils sont interprétés par un casting 5***** : Ryan Gosling, Brad Pitt, Steve Carrell et Christian Bale.","
Reserveer van tevoren zodat we voor voldoende stoelen kunnen zorgen :) ","
Merci de réserver pour qu'on puisse prévoir un nombre suffisant de chaises :) ",dinsdag,mardi,oktober,octobre,Gepubliceerd,
"CINÉ-CLUB : ""Sur les Chemins Noirs"" (Op de zwarte paden)",cine-club-19197,6218bc292822d0fe3ce3347b,653ad4ede882f528b327d8f8,68f754c9f9642c0854aa35e0,false,false,Tue Oct 21 2025 09:39:21 GMT+0000 (Coordinated Universal Time),Mon Nov 03 2025 13:58:19 GMT+0000 (Coordinated Universal Time),Mon Nov 03 2025 13:58:19 GMT+0000 (Coordinated Universal Time),"CINÉ-CLUB : ""Sur les Chemins Noirs""",,Tue Nov 04 2025 12:30:00 GMT+0000 (Coordinated Universal Time),13:30,15:30,De Harmonie,0,"Film met Jean Dujardin, geïnspireerd op het werk (en het waargebeurde verhaal) van Sylvain Tesson. Terwijl hij dronken is, valt Pierre, een beroemde alcoholistische schrijver, acht meter naar beneden en raakt in coma. Als hij weer bij bewustzijn komt, besluit hij na een minimale revalidatie, ondanks zijn blijvende letsels en tegen het advies van de artsen in, om te voet Frankrijk te doorkruisen, van het Mercantour-park (Alpes-Maritimes) tot aan de neus van Jobourg (Manche), waarbij hij alleen kleine paadjes volgt, die in het zwart zijn aangegeven op de kaarten van het IGN, een tocht van iets meer dan duizend kilometer. Deze reis is voor hem een gelegenheid om terug te keren naar zijn bewogen verleden en zich af te vragen wat de zin van het leven is.","Film avec Jean Dujardin, inspiré de l'oeuvre (et histoire vraie) de Sylvain Tesson. Alors qu’il est ivre, Pierre, écrivain célèbre alcoolique, fait une chute de huit mètres qui le plonge dans le coma. Réveillé, il décide après une rééducation minimale, malgré ses séquelles et contre l’avis des médecins, de traverser la France à pied du parc du Mercantour (Alpes-Maritimes) au nez de Jobourg (Manche), en n'empruntant que de petits sentiers, ceux qui sont indiqués en noir sur les cartes de l'IGN, un parcours d'un peu plus de mille kilomètres. Ce voyage est l’occasion pour lui de replonger dans son passé agité et de s’interroger sur le sens de la vie.","
Reserveer van tevoren zodat we voor voldoende stoelen kunnen zorgen :) ","
Merci de réserver pour qu'on puisse prévoir un nombre suffisant de chaises :) ",dinsdag,mardi,november,novembre,Gepubliceerd,
"CINÉ-CLUB : ""De Generaal"" (Buster Keaton)",cine-club-19198,6218bc292822d0fe3ce3347b,653ad4ede882f528b327d8f8,68f754dfdebd20e54a950488,false,false,Tue Oct 21 2025 09:39:43 GMT+0000 (Coordinated Universal Time),Thu Nov 13 2025 12:25:53 GMT+0000 (Coordinated Universal Time),Thu Nov 13 2025 12:25:53 GMT+0000 (Coordinated Universal Time),"CINÉ-CLUB : ""Le Mecano de la General"" (Buster Keaton)",,Tue Nov 18 2025 12:30:00 GMT+0000 (Coordinated Universal Time),13:30,15:30,De Harmonie,0,"Opgelet, hier komt een iconisch monument uit de filmgeschiedenis, een meesterwerk uit de stomme film en de burleske komedie !!!! Geïnspireerd door een waargebeurd verhaal neemt Buster Keaton ons mee naar de Amerikaanse Burgeroorlog, waar een man op zoek gaat naar zijn locomotief (de “ Generaal”) en zijn verloofde, die door separatisten is ontvoerd. Dit werk ligt aan de basis van talrijke cultbeelden uit de filmkunst. ","Attention voici un monument emblématique du cinéma, chef d'oeuvre du muet et du burlesque !!!! Inspiré d'une histoire vraie, Buster Keaton nous emmène durant la guerre de sécession où un homme part à la recherche de sa locomotive (la ""Générale"") et de sa fiancée kidnappée par des sécessionistes. Cette oeuvre est à l'origine de nombreuses images cultes du 7ième art. ","
Reserveer van tevoren zodat we voor voldoende stoelen kunnen zorgen :) ","
Merci de réserver pour qu'on puisse prévoir un nombre suffisant de chaises :) ",dinsdag,mardi,november,novembre,Gepubliceerd,
CINÉ-CLUB : Garde à Vue,cine-club-garde-a-vue,6218bc292822d0fe3ce3347b,653ad4ede882f528b327d8f8,67bda21e980e70c18639b30c,false,false,Tue Feb 25 2025 10:57:34 GMT+0000 (Coordinated Universal Time),Tue Feb 25 2025 10:57:34 GMT+0000 (Coordinated Universal Time),Tue Feb 25 2025 10:57:34 GMT+0000 (Coordinated Universal Time),CINÉ-CLUB : Garde à Vue,,Tue Mar 18 2025 12:30:00 GMT+0000 (Coordinated Universal Time),13:30,15:30,De Harmonie,0,"Detectivefilm van Claude Miller met in de hoofdrollen Lino Ventura, Michel Serrault (César voor Beste Acteur), Romy Schneider en Guy Marchand. Maître Martinaud (Serrault), een rijke notaris uit de provincie, brengt oudejaarsavond door in politiehechtenis om zich te verantwoorden tegenover inspecteur Gallien (Ventura) en zijn plaatsvervanger Belmont (Marchand) voor de verkrachting van en moord op twee jonge meisjes. Maken zijn verontrustende persoonlijkheid, het intieme geheim dat hij verbergt en de belastende getuigenis van zijn eigen vrouw (Schneider) hem de ideale dader ?","Film policier de Claude Miller avec Lino Ventura, Michel Serrault (César du Meilleur Acteur), Romy Schneider et Guy Marchand. Maître Martinaud (Serrault), riche notaire de province, passe la nuit de la Saint-Sylvestre en garde à vue pour répondre à l’inspecteur Gallien (Ventura) et à son adjoint Belmont (Marchand) de l’accusation de viol et de meurtre de deux fillettes. Sa personnalité troublante, le secret intime qu’il cache, le témoignage à charge de sa propre épouse (Schneider) en font-ils pour autant le coupable idéal ?","
Reserveer van tevoren zodat we voor voldoende stoelen kunnen zorgen :) ","
Merci de réserver pour qu'on puisse prévoir un nombre suffisant de chaises :) ",dinsdag,mardi,maart,mars,Gepubliceerd,
CINÉ-CLUB : La Classe Américaine,cine-club-la-classe-americaine,6218bc292822d0fe3ce3347b,653ad4ede882f528b327d8f8,67bda3c9861766e5c2debd25,false,false,Tue Feb 25 2025 11:04:41 GMT+0000 (Coordinated Universal Time),Tue Feb 25 2025 11:04:41 GMT+0000 (Coordinated Universal Time),Tue Feb 25 2025 11:04:41 GMT+0000 (Coordinated Universal Time),CINÉ-CLUB : La Classe Américaine,,Tue Apr 01 2025 11:30:00 GMT+0000 (Coordinated Universal Time),13:30,15:30,De Harmonie,0,"De Ciné-Club de l'Harmonie brengt je de film met de beste cast. In de film spelen John Wayne, Orson Welles, Robert Redford, Dustin Hoffman, Henry Fonda, Paul Newman, Lauren Bacall, James Stewart, Burt Lancaster, Lana Turner, Elvis Presley, Frank Sinatra, Dean Martin, Robert Mitchum en Clark Gable, om er maar een paar te noemen ...","Le Ciné-Club de l'Harmonie vous propose le film avec la meilleure distribution d'acteurs. Sont réunis à l'écran : John Wayne, Orson Welles, Robert Redford, Dustin Hoffman, Henry Fonda, Paul Newman, Lauren Bacall, James Stewart, Burt Lancaster, Lana Turner, Elvis Presley, Frank Sinatra, Dean Martin, Robert Mitchum et Clark Gable entre autres ...","
Reserveer van tevoren zodat we voor voldoende stoelen kunnen zorgen :) ","
Merci de réserver pour qu'on puisse prévoir un nombre suffisant de chaises :) ",dinsdag,mardi,april,avril,Gepubliceerd,
"🎟️ CINÉ-CLUB : ""The Man who invented Christmas"" 🍿",cine-club-the-man-who-invented-christmas,6218bc292822d0fe3ce3347b,653ad4ede882f528b327d8f8,692da00e66f567c61b0126f0,false,true,Mon Dec 01 2025 14:02:54 GMT+0000 (Coordinated Universal Time),Tue Dec 09 2025 14:19:37 GMT+0000 (Coordinated Universal Time),,"🎟️ CINÉ-CLUB : ""L'Homme qui inventa Noël"" 🍿",,Tue Dec 16 2025 12:30:00 GMT+0000 (Coordinated Universal Time),13:30,15:30,De Harmonie,0,"Het verhaal is gebaseerd op Charles Dickens' “A Christmas Carol”, bij ons ook bekend als “Mr. Scrooge's Christmas”. Er wordt gezegd dat dit verhaal aan de basis ligt van de kersttraditie zoals we die vandaag de dag nog steeds vieren. De rol van Mr Scrooge wordt vertolkt door Christopher Plummer (de beroemde kapitein Von Trapp in The Sound of Music). ","L'histoire est basée sur la création des ""Contes de Noël"", connu également chez nous sous le nom du ""Noël de Mr. Scrooge"", par Charles Dickens. On raconte que c'est cette histoire qui sera à l'origine de la tradition de la fête de Noël telle que nous la fêtons encore aujourd'hui. Le personnage de Mr Scrooge y est interprété par Christopher Plummer (le fameux Capitaine Von Trapp dans la Mélodie du Bonheur). ","
Reserveer van tevoren zodat we voor voldoende stoelen kunnen zorgen :) ","
Merci de réserver pour qu'on puisse prévoir un nombre suffisant de chaises :) ",dinsdag,mardi,december,decembre,Gepubliceerd,
"""Coffee with a cop"" (Koffie met de politie)",coffee-with-a-cop-koffie-met-de-politie,6218bc292822d0fe3ce3347b,653ad4ede882f528b327d8f8,656729c1207d5707bc78927f,false,false,Wed Nov 29 2023 12:08:33 GMT+0000 (Coordinated Universal Time),Wed Dec 06 2023 11:01:14 GMT+0000 (Coordinated Universal Time),Wed Dec 06 2023 11:01:21 GMT+0000 (Coordinated Universal Time),"""Coffee with a cop"" (Un café avec un flic)",,Tue Dec 12 2023 13:00:00 GMT+0000 (Coordinated Universal Time),14:00,,De Harmonie,,"In ons voortdurend streven naar een sterkere relatie tussen de politie en de bevolking organiseert Proxi Nicolay een ontmoetingsmoment onder de naam ""Coffee with a cop"", een concept afkomstig van de Verenigde Staten. Een aantal inspecteurs van het wijkkantoor Proxi Nicolay zullen in een informele setting een kopje koffie drinken met burgers die over bekende wijkvraagstukken willen praten of gewoon enkele vragen willen stellen.","Dans le but de renforcer les relations entre la police et la population, Proxi Nicolay organise une rencontre appelée ""Coffee with a cop"", un concept venu des Etats-Unis. Plusieurs inspecteurs du bureau de quartier de Proxi Nicolay prendront un café dans un cadre informel avec des citoyens qui souhaitent parler de problèmes de quartier bien connus ou simplement poser quelques questions. ","De engelse titel speelt met de woorden ""cop"" (politieagent) en ""cup"" (kopje).","Le titre en anglais joue sur les mots ""cop"" (""policier"" en argot) et ""cup"" (""tasse"")",dinsdag,mardi,december,decembre,Gepubliceerd,
Comité Menu,comite-menu-10,6218bc292822d0fe3ce3347b,653ad4ede882f528b327d8f8,68f7557eafabd2e5659ccdc4,false,false,Tue Oct 21 2025 09:42:22 GMT+0000 (Coordinated Universal Time),Tue Oct 21 2025 09:42:22 GMT+0000 (Coordinated Universal Time),Tue Oct 21 2025 09:42:22 GMT+0000 (Coordinated Universal Time),Comité Menu,,Tue Nov 18 2025 13:00:00 GMT+0000 (Coordinated Universal Time),14:00,15:30,de Harmonie,,"Elke maand komen we samen met de koks om de menu voor volgende maand op te stellen.
Heb je goede ideeën of smakelijke suggesties gooi ze dan op tafel in het ‘Comite Menu’ !
","Chaque mois, nous nous réunissons avec les chefs pour élaborer le menu du mois suivant.
Si vous avez de bonnes idées ou des suggestions savoureuses, jetez-les sur la table dans le ‘Comité Menu’ !
",,,dinsdag,mardi,november,novembre,Gepubliceerd,
👩‍🍳 Comité Menu 👨‍🍳,comite-menu-11,6218bc292822d0fe3ce3347b,653ad4ede882f528b327d8f8,692da0456e3f9834c7faa72b,false,false,Mon Dec 01 2025 14:03:49 GMT+0000 (Coordinated Universal Time),Thu Dec 04 2025 10:34:05 GMT+0000 (Coordinated Universal Time),Thu Dec 04 2025 10:34:05 GMT+0000 (Coordinated Universal Time),👩‍🍳 Comité Menu 👨‍🍳,,Thu Dec 18 2025 13:00:00 GMT+0000 (Coordinated Universal Time),14:00,15:30,de Harmonie,,"Elke maand komen we samen met de koks om de menu voor volgende maand op te stellen.
Heb je goede ideeën of smakelijke suggesties gooi ze dan op tafel in het ‘Comite Menu’ !
","Chaque mois, nous nous réunissons avec les chefs pour élaborer le menu du mois suivant.
Si vous avez de bonnes idées ou des suggestions savoureuses, jetez-les sur la table dans le ‘Comité Menu’ !
",,,donderdag,jeudi,december,decembre,Gepubliceerd,
Comité Menu,comite-menu-7,6218bc292822d0fe3ce3347b,653ad4ede882f528b327d8f8,685d2170e0a8b505d2763985,false,false,Thu Jun 26 2025 10:31:12 GMT+0000 (Coordinated Universal Time),Thu Jul 10 2025 10:31:15 GMT+0000 (Coordinated Universal Time),Thu Jul 10 2025 10:31:15 GMT+0000 (Coordinated Universal Time),Comité Menu,,Tue Jul 22 2025 12:00:00 GMT+0000 (Coordinated Universal Time),14:00,15:30,de Harmonie,,"Elke maand komen we samen met de koks om de menu voor volgende maand op te stellen.
Heb je goede ideeën of smakelijke suggesties gooi ze dan op tafel in het ‘Comite Menu’ !
","Chaque mois, nous nous réunissons avec les chefs pour élaborer le menu du mois suivant.
Si vous avez de bonnes idées ou des suggestions savoureuses, jetez-les sur la table dans le ‘Comité Menu’ !
",,,dinsdag,mardi,juli,juillet,Gepubliceerd,
Comité Menu,comite-menu-8,6218bc292822d0fe3ce3347b,653ad4ede882f528b327d8f8,68d157b317b217a1e25d84c7,false,false,Mon Sep 22 2025 14:05:39 GMT+0000 (Coordinated Universal Time),Mon Sep 22 2025 14:05:39 GMT+0000 (Coordinated Universal Time),Mon Sep 22 2025 14:05:39 GMT+0000 (Coordinated Universal Time),Comité Menu,,Tue Sep 23 2025 12:00:00 GMT+0000 (Coordinated Universal Time),14:00,15:30,de Harmonie,,"Elke maand komen we samen met de koks om de menu voor volgende maand op te stellen.
Heb je goede ideeën of smakelijke suggesties gooi ze dan op tafel in het ‘Comite Menu’ !
","Chaque mois, nous nous réunissons avec les chefs pour élaborer le menu du mois suivant.
Si vous avez de bonnes idées ou des suggestions savoureuses, jetez-les sur la table dans le ‘Comité Menu’ !
",,,dinsdag,mardi,september,septembre,Gepubliceerd,
Comité Menu,comite-menu-9,6218bc292822d0fe3ce3347b,653ad4ede882f528b327d8f8,68d157e326dfb9417942eb23,false,false,Mon Sep 22 2025 14:06:27 GMT+0000 (Coordinated Universal Time),Mon Oct 06 2025 10:46:47 GMT+0000 (Coordinated Universal Time),Mon Oct 06 2025 10:46:47 GMT+0000 (Coordinated Universal Time),Comité Menu,,Tue Oct 14 2025 12:00:00 GMT+0000 (Coordinated Universal Time),14:00,15:30,de Harmonie,,"Elke maand komen we samen met de koks om de menu voor volgende maand op te stellen.
Heb je goede ideeën of smakelijke suggesties gooi ze dan op tafel in het ‘Comite Menu’ !
","Chaque mois, nous nous réunissons avec les chefs pour élaborer le menu du mois suivant.
Si vous avez de bonnes idées ou des suggestions savoureuses, jetez-les sur la table dans le ‘Comité Menu’ !
",,,dinsdag,mardi,oktober,octobre,Gepubliceerd,
complimenten dag,complimenten-dag,6218bc292822d0fe3ce3347b,653ad4ede882f528b327d8f8,69a0182765dbfb3c908dcabc,false,false,Thu Feb 26 2026 09:53:43 GMT+0000 (Coordinated Universal Time),Thu Feb 26 2026 09:53:43 GMT+0000 (Coordinated Universal Time),Thu Feb 26 2026 09:53:43 GMT+0000 (Coordinated Universal Time),journée du compliment ,,Mon Mar 02 2026 09:52:00 GMT+0000 (Coordinated Universal Time),,,,,,,,,maandag,lundi,maart,mars,,
Computer Museum in Namen met Pepita,computer-museum-in-namen-met-pepita,6218bc292822d0fe3ce3347b,653ad4ede882f528b327d8f8,650afda52ccf4d2afb07f771,false,false,Wed Sep 20 2023 14:11:49 GMT+0000 (Coordinated Universal Time),Wed Sep 20 2023 14:12:18 GMT+0000 (Coordinated Universal Time),Wed Sep 20 2023 14:12:22 GMT+0000 (Coordinated Universal Time),Computer Museum à Namur avec Pepita,,Sun Oct 01 2023 08:15:00 GMT+0000 (Coordinated Universal Time),10:15,,"Rue Henri Blès, 192 à 5000 Namur",,"Dit 1e computermuseum vertelt de ongelooflijke odyssee van rekenmachines tot onze smartphones.
De permanente tentoonstelling ""De bronnen van digitale technologie"" geeft uitleg over de grote ontwikkelingen in de informatica die hebben geleid tot de digitale cultuur.
Het museum wordt ondersteund door de Fondation ROI BAUDOUIN, die nu verantwoordelijk is voor de presentatie.","Ce 1er musée de l’Informatique raconte l’odyssée incroyable depuis les machines à calculer jusqu’à notre smartphone.
L’exposition permanente « Aux sources du numérique » explique les grandes avancées de l’informatique qui ont conduit à la culture numérique.
Ce musée est soutenu par la fondation ROI BAUDOUIN qui assure désormais la présentation.","We nemen de trein (NOORD STATION 10H14 ; CENTRAAL STATION 10H07 ; ZUID STATION 10H03) om om 11u13 in Namen aan te komen.
We kunnen 30 minuten wandelen of we nemen bussen!!! (vergeet je wisselgeld niet). We eten en gaan naar het museum om 14u30.
Mag ik je vragen om te reserveren: Jpien.pepita@gmail.com
02 231 04 39 - 0471/215130","Nous prendrons le train (GARE DU NORD 10H14 ; GARE CENTRAL 10H07 ; GARE DU MIDI 10H03) Pour arriver à Namur à 11h13.
On peut marcher 30 minutes à pieds ou nous prendrons des bus !!! (n’oubliez pas la monnaie). Nous mangerons et nous irons au musée à 14h30
Puis-je vous demander de réserver : Jpien.pepita@gmail.com
02 231 04 39 - 0471/215130
",zondag,dimanche,oktober,octobre,Gepubliceerd,
"CONCERT : New Year's Concert ""From Vienna to Buenos Aires""",concert-new-years-concert-from-vienna-to-buenos-aires,6218bc292822d0fe3ce3347b,653ad4ede882f528b327d8f8,67484de36cc370294c0ed231,false,false,Thu Nov 28 2024 11:02:59 GMT+0000 (Coordinated Universal Time),Thu Nov 28 2024 11:02:59 GMT+0000 (Coordinated Universal Time),Thu Nov 28 2024 11:03:26 GMT+0000 (Coordinated Universal Time),"CONCERT : Concert du Nouvel an ""From Vienna to Buenos Aires""",,Sun Jan 05 2025 14:00:00 GMT+0000 (Coordinated Universal Time),15:00,,Bozar,2,"De klassieke Spaanse gitarist Pablo Sáinz Villegas kan zonder twijfel's werelds bekendste ambassadeur van de Spaanse gitaarmuziek worden genoemd. Samen met de jonge, gevierde Finse dirigente Emilia Hoving brengt Pablo Sáinz Villegas een feestelijk Nieuwjaarsprogramma met muziek uit verschillende continenten. Weense walsen worden aangevuld met Spaanse en Zuid-Amerikaanse muziek, daaronder ook het beroemde gitaarconcerto van Joaquín Rodrigo. Naar aloude gewoonte wordt het concert afgesloten met de Radetzkymars van Johann Strauss Senior.","Le guitariste classique espagnol Pablo Sáinz Villegas est sans aucun doute ""le plus grand ambassadeur mondial de la guitare espagnole"". Aux côtés de la jeune chef d'orchestre finlandaise Emilia Hoving, Pablo Sáinz Villegas propose un programme de Nouvel An festif, avec de la musique de plusieurs continents, où les valses viennoises côtoient la musique espagnole et sud-américaine, y compris le célèbre concerto pour guitare de Joaquín Rodrigo. Comme le veut la tradition, le concert se terminera avec la Marche de Radetzky de Johan Strauss père.",,,zondag,dimanche,januari,janvier,Gepubliceerd,
"CONCERT : Winter Concert ""Voor Altijd""",concert-winter-concert-voor-altijd,6218bc292822d0fe3ce3347b,653ad4ede882f528b327d8f8,67484aa76b94e556e6ef7205,false,false,Thu Nov 28 2024 10:49:11 GMT+0000 (Coordinated Universal Time),Thu Nov 28 2024 10:50:09 GMT+0000 (Coordinated Universal Time),Thu Nov 28 2024 11:03:26 GMT+0000 (Coordinated Universal Time),"CONCERT : Winter Concert ""A la vie, a la mort""",,Fri Dec 20 2024 17:00:00 GMT+0000 (Coordinated Universal Time),18:00,,Bozar,2,"""Voor Altijd"" is een hartverwarmende familievoorstelling over de schoonheid van verdriet en de onlosmakelijke liefde die ermee verbonden is. Het Belgian National Orchestra brengt troost en plezier met orkestmuziek van Purcell, Kachaturian en Saint-Saëns, aria's van Mozart, Thomas en ook muziek van Sinatra en Brel. Fysiek acteur Anatoli Akerman (Cirque du Soleil, Walt Disney, ...), zorgt met zijn verfijnde clownerie voor een uitstekende balans tussen leed en vermaak, tussen rouwen en gieren. ","""À la vie, à la mort"" est un spectacle familial réconfortant sur la beauté du chagrin et l'amour qui lui est inextricablement lié. Le Belgian National Orchestra apporte consolation et plaisir avec de la musique d'orchestre de Purcell, de Khatchatourian et Saint-Saëns, des arias de Mozart et Thomas... et même de la musique de Sinatra et de Brel. L'acteur physique Anatoli Akerman (Cirque du Soleil, Walt Disney, ...), par ses pitreries tout en finesse, trouve un équilibre parfait entre souffrances et divertissement, deuil et rires.",Bilingual performance Nederlands-Frans,Spectacle bilingue Néerlandais-Français,vrijdag,vendredi,december,decembre,Gepubliceerd,
🚩 Conversatietafel Engels 🚩,conversatietafel-engels-100,6218bc292822d0fe3ce3347b,653ad4ede882f528b327d8f8,692d9d71a1703877a5fd2b60,false,false,Mon Dec 01 2025 13:51:45 GMT+0000 (Coordinated Universal Time),Tue Dec 02 2025 14:30:07 GMT+0000 (Coordinated Universal Time),Tue Dec 02 2025 14:30:07 GMT+0000 (Coordinated Universal Time),🚩 Table de Conversation Anglais 🚩,,Tue Dec 23 2025 09:30:00 GMT+0000 (Coordinated Universal Time),10:30,,de Harmonie,,Good Morning Harmonie ! Kom en verbeter je kennis van Shakespeare's taal met Harry.,Good Morning Harmonie ! Venez approfondir votre connaissance de la langue de Shakespeare avec Harry.,,,dinsdag,mardi,december,decembre,Gepubliceerd,
🚩 Conversatietafel Engels 🚩,conversatietafel-engels-101,6218bc292822d0fe3ce3347b,653ad4ede882f528b327d8f8,692d9d80652ea672477b7f0c,false,false,Mon Dec 01 2025 13:52:00 GMT+0000 (Coordinated Universal Time),Tue Dec 02 2025 14:30:27 GMT+0000 (Coordinated Universal Time),Tue Dec 02 2025 14:30:27 GMT+0000 (Coordinated Universal Time),🚩 Table de Conversation Anglais 🚩,,Tue Dec 30 2025 09:30:00 GMT+0000 (Coordinated Universal Time),10:30,,de Harmonie,,Good Morning Harmonie ! Kom en verbeter je kennis van Shakespeare's taal met Harry.,Good Morning Harmonie ! Venez approfondir votre connaissance de la langue de Shakespeare avec Harry.,,,dinsdag,mardi,december,decembre,Gepubliceerd,
🚩 Conversatietafel Engels 🚩 Copy,conversatietafel-engels-101-copy,6218bc292822d0fe3ce3347b,653ad4ede882f528b327d8f8,695d19790330e48a8483c1ac,false,false,Tue Jan 06 2026 14:17:29 GMT+0000 (Coordinated Universal Time),Wed Jan 07 2026 10:29:03 GMT+0000 (Coordinated Universal Time),Mon Mar 09 2026 10:43:46 GMT+0000 (Coordinated Universal Time),🚩 Table de Conversation Anglais 🚩,,Tue Jan 13 2026 09:30:00 GMT+0000 (Coordinated Universal Time),10:30,,de Harmonie,,Good Morning Harmonie ! Kom en verbeter je kennis van Shakespeare's taal met Harry.,Good Morning Harmonie ! Venez approfondir votre connaissance de la langue de Shakespeare avec Harry.,,,dinsdag,mardi,januari,janvier,Gepubliceerd,
🚩 Conversatietafel Engels 🚩 Copy 2,conversatietafel-engels-101-copy-2,6218bc292822d0fe3ce3347b,653ad4ede882f528b327d8f8,695d19c0325856f43edaabbb,false,false,Tue Jan 06 2026 14:18:40 GMT+0000 (Coordinated Universal Time),Wed Jan 07 2026 10:28:56 GMT+0000 (Coordinated Universal Time),Mon Mar 09 2026 10:43:46 GMT+0000 (Coordinated Universal Time),🚩 Table de Conversation Anglais 🚩,,Tue Jan 20 2026 09:30:00 GMT+0000 (Coordinated Universal Time),10:30,,de Harmonie,,Good Morning Harmonie ! Kom en verbeter je kennis van Shakespeare's taal met Harry.,Good Morning Harmonie ! Venez approfondir votre connaissance de la langue de Shakespeare avec Harry.,,,dinsdag,mardi,januari,janvier,Gepubliceerd,
🚩 Conversatietafel Engels 🚩 Copy 3,conversatietafel-engels-101-copy-3,6218bc292822d0fe3ce3347b,653ad4ede882f528b327d8f8,695d19d2e16cf1b893ff422a,false,false,Tue Jan 06 2026 14:18:58 GMT+0000 (Coordinated Universal Time),Wed Jan 07 2026 10:28:49 GMT+0000 (Coordinated Universal Time),Mon Mar 09 2026 10:43:46 GMT+0000 (Coordinated Universal Time),🚩 Table de Conversation Anglais 🚩,,Tue Jan 27 2026 09:30:00 GMT+0000 (Coordinated Universal Time),10:30,,de Harmonie,,Good Morning Harmonie ! Kom en verbeter je kennis van Shakespeare's taal met Harry.,Good Morning Harmonie ! Venez approfondir votre connaissance de la langue de Shakespeare avec Harry.,,,dinsdag,mardi,januari,janvier,Gepubliceerd,
🚩 Conversatietafel Engels 🚩 ,conversatietafel-engels-102,6218bc292822d0fe3ce3347b,653ad4ede882f528b327d8f8,6980bcf6be45a241ce78f6e0,false,false,Mon Feb 02 2026 15:04:22 GMT+0000 (Coordinated Universal Time),Mon Feb 02 2026 15:05:27 GMT+0000 (Coordinated Universal Time),Mon Feb 02 2026 15:05:27 GMT+0000 (Coordinated Universal Time),🚩 Table de Conversation Anglais 🚩,,Tue Feb 03 2026 09:30:00 GMT+0000 (Coordinated Universal Time),10:30,,de Harmonie,,Good Morning Harmonie ! Kom en verbeter je kennis van Shakespeare's taal met Harry.,Good Morning Harmonie ! Venez approfondir votre connaissance de la langue de Shakespeare avec Harry.,,,dinsdag,mardi,februari,fevrier,Gepubliceerd,
🚩 Conversatietafel Engels 🚩  ,conversatietafel-engels-103,6218bc292822d0fe3ce3347b,653ad4ede882f528b327d8f8,6980bd4e7f91c2781c771f29,false,false,Mon Feb 02 2026 15:05:50 GMT+0000 (Coordinated Universal Time),Mon Feb 02 2026 15:06:33 GMT+0000 (Coordinated Universal Time),Mon Feb 02 2026 15:06:33 GMT+0000 (Coordinated Universal Time),🚩 Table de Conversation Anglais 🚩,,Tue Feb 10 2026 09:30:00 GMT+0000 (Coordinated Universal Time),10:30,,de Harmonie,,Good Morning Harmonie ! Kom en verbeter je kennis van Shakespeare's taal met Harry.,Good Morning Harmonie ! Venez approfondir votre connaissance de la langue de Shakespeare avec Harry.,,,dinsdag,mardi,februari,fevrier,Gepubliceerd,
🚩 Conversatietafel Engels 🚩   ,conversatietafel-engels-104,6218bc292822d0fe3ce3347b,653ad4ede882f528b327d8f8,6980bd9cf80877c87de341d9,false,false,Mon Feb 02 2026 15:07:08 GMT+0000 (Coordinated Universal Time),Mon Feb 02 2026 15:07:08 GMT+0000 (Coordinated Universal Time),Mon Feb 02 2026 15:07:08 GMT+0000 (Coordinated Universal Time),🚩 Table de Conversation Anglais 🚩,,Tue Feb 17 2026 09:30:00 GMT+0000 (Coordinated Universal Time),10:30,,de Harmonie,,Good Morning Harmonie ! Kom en verbeter je kennis van Shakespeare's taal met Harry.,Good Morning Harmonie ! Venez approfondir votre connaissance de la langue de Shakespeare avec Harry.,,,dinsdag,mardi,februari,fevrier,Gepubliceerd,
🚩 Conversatietafel Engels 🚩    ,conversatietafel-engels-105,6218bc292822d0fe3ce3347b,653ad4ede882f528b327d8f8,6980bdb16a89ff01b2429ef7,false,false,Mon Feb 02 2026 15:07:29 GMT+0000 (Coordinated Universal Time),Mon Feb 02 2026 15:07:29 GMT+0000 (Coordinated Universal Time),Mon Feb 02 2026 15:07:29 GMT+0000 (Coordinated Universal Time),🚩 Table de Conversation Anglais 🚩,,Tue Feb 24 2026 09:30:00 GMT+0000 (Coordinated Universal Time),10:30,,de Harmonie,,Good Morning Harmonie ! Kom en verbeter je kennis van Shakespeare's taal met Harry.,Good Morning Harmonie ! Venez approfondir votre connaissance de la langue de Shakespeare avec Harry.,,,dinsdag,mardi,februari,fevrier,Gepubliceerd,
🚩 Conversatietafel Engels 🚩  ,conversatietafel-engels-106,6218bc292822d0fe3ce3347b,653ad4ede882f528b327d8f8,699eeb0673e8aefd55f1a9e5,false,false,Wed Feb 25 2026 12:28:54 GMT+0000 (Coordinated Universal Time),Wed Feb 25 2026 12:28:54 GMT+0000 (Coordinated Universal Time),Wed Feb 25 2026 12:28:54 GMT+0000 (Coordinated Universal Time),🚩 Table de Conversation Anglais 🚩,,Tue Mar 03 2026 09:30:00 GMT+0000 (Coordinated Universal Time),10:30,,de Harmonie,,Good Morning Harmonie ! Kom en verbeter je kennis van Shakespeare's taal met Harry.,Good Morning Harmonie ! Venez approfondir votre connaissance de la langue de Shakespeare avec Harry.,,,dinsdag,mardi,maart,mars,Gepubliceerd,
🚩 Conversatietafel Engels 🚩   ,conversatietafel-engels-107,6218bc292822d0fe3ce3347b,653ad4ede882f528b327d8f8,699eeb21c408fda438cc54ea,false,false,Wed Feb 25 2026 12:29:21 GMT+0000 (Coordinated Universal Time),Wed Feb 25 2026 12:29:21 GMT+0000 (Coordinated Universal Time),Wed Feb 25 2026 12:29:21 GMT+0000 (Coordinated Universal Time),🚩 Table de Conversation Anglais 🚩,,Tue Mar 10 2026 09:30:00 GMT+0000 (Coordinated Universal Time),10:30,,de Harmonie,,Good Morning Harmonie ! Kom en verbeter je kennis van Shakespeare's taal met Harry.,Good Morning Harmonie ! Venez approfondir votre connaissance de la langue de Shakespeare avec Harry.,,,dinsdag,mardi,maart,mars,Gepubliceerd,
🚩 Conversatietafel Engels 🚩    ,conversatietafel-engels-108,6218bc292822d0fe3ce3347b,653ad4ede882f528b327d8f8,699eeb3be147d265f2739700,false,false,Wed Feb 25 2026 12:29:47 GMT+0000 (Coordinated Universal Time),Wed Feb 25 2026 12:29:47 GMT+0000 (Coordinated Universal Time),Wed Feb 25 2026 12:29:47 GMT+0000 (Coordinated Universal Time),🚩 Table de Conversation Anglais 🚩,,Tue Mar 17 2026 09:30:00 GMT+0000 (Coordinated Universal Time),10:30,,de Harmonie,,Good Morning Harmonie ! Kom en verbeter je kennis van Shakespeare's taal met Harry.,Good Morning Harmonie ! Venez approfondir votre connaissance de la langue de Shakespeare avec Harry.,,,dinsdag,mardi,maart,mars,Gepubliceerd,
🚩 Conversatietafel Engels 🚩     ,conversatietafel-engels-109,6218bc292822d0fe3ce3347b,653ad4ede882f528b327d8f8,699eeb522687eb2a068cea39,false,false,Wed Feb 25 2026 12:30:10 GMT+0000 (Coordinated Universal Time),Wed Feb 25 2026 12:30:10 GMT+0000 (Coordinated Universal Time),Wed Feb 25 2026 12:30:10 GMT+0000 (Coordinated Universal Time),🚩 Table de Conversation Anglais 🚩,,Tue Mar 24 2026 09:30:00 GMT+0000 (Coordinated Universal Time),10:30,,de Harmonie,,Good Morning Harmonie ! Kom en verbeter je kennis van Shakespeare's taal met Harry.,Good Morning Harmonie ! Venez approfondir votre connaissance de la langue de Shakespeare avec Harry.,,,dinsdag,mardi,maart,mars,Gepubliceerd,
🚩 Conversatietafel Engels 🚩      ,conversatietafel-engels-110,6218bc292822d0fe3ce3347b,653ad4ede882f528b327d8f8,699eeb68c1a2274a7dfde51e,false,false,Wed Feb 25 2026 12:30:32 GMT+0000 (Coordinated Universal Time),Wed Feb 25 2026 12:30:32 GMT+0000 (Coordinated Universal Time),Wed Feb 25 2026 12:30:32 GMT+0000 (Coordinated Universal Time),🚩 Table de Conversation Anglais 🚩,,Tue Mar 31 2026 08:30:00 GMT+0000 (Coordinated Universal Time),10:30,,de Harmonie,,Good Morning Harmonie ! Kom en verbeter je kennis van Shakespeare's taal met Harry.,Good Morning Harmonie ! Venez approfondir votre connaissance de la langue de Shakespeare avec Harry.,,,dinsdag,mardi,maart,mars,Gepubliceerd,
🚩 Conversatietafel Engels 🚩,conversatietafel-engels-111,6218bc292822d0fe3ce3347b,653ad4ede882f528b327d8f8,69c11362cb69194d449417c4,false,false,Mon Mar 23 2026 10:18:10 GMT+0000 (Coordinated Universal Time),Mon Mar 23 2026 10:18:10 GMT+0000 (Coordinated Universal Time),Mon Mar 23 2026 10:18:10 GMT+0000 (Coordinated Universal Time),🚩 Table de Conversation Anglais 🚩,,Tue Apr 07 2026 08:30:00 GMT+0000 (Coordinated Universal Time),10:30,,de Harmonie,,Good Morning Harmonie ! Kom en verbeter je kennis van Shakespeare's taal met Harry.,Good Morning Harmonie ! Venez approfondir votre connaissance de la langue de Shakespeare avec Harry.,,,dinsdag,mardi,april,avril,Gepubliceerd,
🚩 Conversatietafel Engels 🚩,conversatietafel-engels-112,6218bc292822d0fe3ce3347b,653ad4ede882f528b327d8f8,69c1137ec31e3394f050ed08,false,false,Mon Mar 23 2026 10:18:38 GMT+0000 (Coordinated Universal Time),Mon Mar 23 2026 10:18:38 GMT+0000 (Coordinated Universal Time),Mon Mar 23 2026 10:18:38 GMT+0000 (Coordinated Universal Time),🚩 Table de Conversation Anglais 🚩,,Tue Apr 14 2026 08:30:00 GMT+0000 (Coordinated Universal Time),10:30,,de Harmonie,,Good Morning Harmonie ! Kom en verbeter je kennis van Shakespeare's taal met Harry.,Good Morning Harmonie ! Venez approfondir votre connaissance de la langue de Shakespeare avec Harry.,,,dinsdag,mardi,april,avril,Gepubliceerd,
🚩 Conversatietafel Engels 🚩,conversatietafel-engels-113,6218bc292822d0fe3ce3347b,653ad4ede882f528b327d8f8,69c1138bc31e3394f050f1b7,false,false,Mon Mar 23 2026 10:18:51 GMT+0000 (Coordinated Universal Time),Mon Mar 23 2026 10:18:51 GMT+0000 (Coordinated Universal Time),Mon Mar 23 2026 10:18:51 GMT+0000 (Coordinated Universal Time),🚩 Table de Conversation Anglais 🚩,,Tue Apr 21 2026 08:30:00 GMT+0000 (Coordinated Universal Time),10:30,,de Harmonie,,Good Morning Harmonie ! Kom en verbeter je kennis van Shakespeare's taal met Harry.,Good Morning Harmonie ! Venez approfondir votre connaissance de la langue de Shakespeare avec Harry.,,,dinsdag,mardi,april,avril,Gepubliceerd,
🚩 Conversatietafel Engels 🚩,conversatietafel-engels-114,6218bc292822d0fe3ce3347b,653ad4ede882f528b327d8f8,69c11399aaf044adce6048c0,false,false,Mon Mar 23 2026 10:19:05 GMT+0000 (Coordinated Universal Time),Mon Mar 23 2026 10:19:05 GMT+0000 (Coordinated Universal Time),Mon Mar 23 2026 10:19:05 GMT+0000 (Coordinated Universal Time),🚩 Table de Conversation Anglais 🚩,,Tue Apr 28 2026 08:30:00 GMT+0000 (Coordinated Universal Time),10:30,,de Harmonie,,Good Morning Harmonie ! Kom en verbeter je kennis van Shakespeare's taal met Harry.,Good Morning Harmonie ! Venez approfondir votre connaissance de la langue de Shakespeare avec Harry.,,,dinsdag,mardi,april,avril,Gepubliceerd,
Conversatietafel Engels ,conversatietafel-engels-84,6218bc292822d0fe3ce3347b,653ad4ede882f528b327d8f8,68790283f975c32bf9364710,false,false,Thu Jul 17 2025 14:02:43 GMT+0000 (Coordinated Universal Time),Thu Jul 17 2025 14:02:43 GMT+0000 (Coordinated Universal Time),Thu Jul 17 2025 14:02:43 GMT+0000 (Coordinated Universal Time),Table de Conversation Anglais,,Tue Aug 05 2025 08:30:00 GMT+0000 (Coordinated Universal Time),10:30,,de Harmonie,,Good Morning Harmonie ! Kom en verbeter je kennis van Shakespeare's taal met Harry.,Good Morning Harmonie ! Venez approfondir votre connaissance de la langue de Shakespeare avec Harry.,,,dinsdag,mardi,juli,juillet,Gepubliceerd,
Conversatietafel Engels  ,conversatietafel-engels-84-copy,6218bc292822d0fe3ce3347b,653ad4ede882f528b327d8f8,687902cc91ae251b4afa5f7b,false,false,Thu Jul 17 2025 14:03:56 GMT+0000 (Coordinated Universal Time),Thu Jul 17 2025 14:04:24 GMT+0000 (Coordinated Universal Time),Thu Jul 17 2025 14:04:24 GMT+0000 (Coordinated Universal Time),Table de Conversation Anglais,,Tue Aug 12 2025 08:30:00 GMT+0000 (Coordinated Universal Time),10:30,,de Harmonie,,Good Morning Harmonie ! Kom en verbeter je kennis van Shakespeare's taal met Harry.,Good Morning Harmonie ! Venez approfondir votre connaissance de la langue de Shakespeare avec Harry.,,,dinsdag,mardi,augustus,août,Gepubliceerd,
Conversatietafel Engels   ,conversatietafel-engels-85,6218bc292822d0fe3ce3347b,653ad4ede882f528b327d8f8,6879035d88dab74a004ef5f0,false,false,Thu Jul 17 2025 14:06:21 GMT+0000 (Coordinated Universal Time),Thu Jul 17 2025 14:06:21 GMT+0000 (Coordinated Universal Time),Thu Jul 17 2025 14:06:21 GMT+0000 (Coordinated Universal Time),Table de Conversation Anglais,,Tue Aug 26 2025 08:30:00 GMT+0000 (Coordinated Universal Time),10:30,,de Harmonie,,Good Morning Harmonie ! Kom en verbeter je kennis van Shakespeare's taal met Harry.,Good Morning Harmonie ! Venez approfondir votre connaissance de la langue de Shakespeare avec Harry.,,,dinsdag,mardi,augustus,août,Gepubliceerd,
Conversatietafel Engels,conversatietafel-engels-86,6218bc292822d0fe3ce3347b,653ad4ede882f528b327d8f8,68a2ed41652ef8a1ad6414ef,false,false,Mon Aug 18 2025 09:07:13 GMT+0000 (Coordinated Universal Time),Mon Aug 18 2025 09:07:13 GMT+0000 (Coordinated Universal Time),Mon Aug 18 2025 09:07:13 GMT+0000 (Coordinated Universal Time),Table de Conversation Anglais,,Tue Aug 19 2025 08:30:00 GMT+0000 (Coordinated Universal Time),10:30,,de Harmonie,,Good Morning Harmonie ! Kom en verbeter je kennis van Shakespeare's taal met Harry.,Good Morning Harmonie ! Venez approfondir votre connaissance de la langue de Shakespeare avec Harry.,,,dinsdag,mardi,augustus,août,Gepubliceerd,
Conversatietafel Engels    ,conversatietafel-engels-87,6218bc292822d0fe3ce3347b,653ad4ede882f528b327d8f8,68a324e4fcd91154e9007a58,false,false,Mon Aug 18 2025 13:04:36 GMT+0000 (Coordinated Universal Time),Mon Aug 18 2025 13:04:36 GMT+0000 (Coordinated Universal Time),Mon Aug 18 2025 13:04:36 GMT+0000 (Coordinated Universal Time),Table de Conversation Anglais,,Tue Sep 02 2025 08:30:00 GMT+0000 (Coordinated Universal Time),10:30,,de Harmonie,,Good Morning Harmonie ! Kom en verbeter je kennis van Shakespeare's taal met Harry.,Good Morning Harmonie ! Venez approfondir votre connaissance de la langue de Shakespeare avec Harry.,,,dinsdag,mardi,september,septembre,Gepubliceerd,
Conversatietafel Engels     ,conversatietafel-engels-88,6218bc292822d0fe3ce3347b,653ad4ede882f528b327d8f8,68a324fffcd91154e9008e97,false,false,Mon Aug 18 2025 13:05:03 GMT+0000 (Coordinated Universal Time),Mon Aug 18 2025 13:05:03 GMT+0000 (Coordinated Universal Time),Mon Aug 18 2025 13:05:03 GMT+0000 (Coordinated Universal Time),Table de Conversation Anglais,,Tue Sep 16 2025 08:30:00 GMT+0000 (Coordinated Universal Time),10:30,,de Harmonie,,Good Morning Harmonie ! Kom en verbeter je kennis van Shakespeare's taal met Harry.,Good Morning Harmonie ! Venez approfondir votre connaissance de la langue de Shakespeare avec Harry.,,,dinsdag,mardi,september,septembre,Gepubliceerd,
Conversatietafel Engels      ,conversatietafel-engels-89,6218bc292822d0fe3ce3347b,653ad4ede882f528b327d8f8,68a32513fcd91154e900ac06,false,false,Mon Aug 18 2025 13:05:23 GMT+0000 (Coordinated Universal Time),Mon Aug 18 2025 13:05:23 GMT+0000 (Coordinated Universal Time),Mon Aug 18 2025 13:05:23 GMT+0000 (Coordinated Universal Time),Table de Conversation Anglais,,Tue Sep 30 2025 08:30:00 GMT+0000 (Coordinated Universal Time),10:30,,de Harmonie,,Good Morning Harmonie ! Kom en verbeter je kennis van Shakespeare's taal met Harry.,Good Morning Harmonie ! Venez approfondir votre connaissance de la langue de Shakespeare avec Harry.,,,dinsdag,mardi,september,septembre,Gepubliceerd,
Conversatietafel Engels,conversatietafel-engels-90,6218bc292822d0fe3ce3347b,653ad4ede882f528b327d8f8,68d14d97b9f15f8674d5a89c,false,false,Mon Sep 22 2025 13:22:31 GMT+0000 (Coordinated Universal Time),Mon Sep 22 2025 13:22:31 GMT+0000 (Coordinated Universal Time),Mon Sep 22 2025 13:22:31 GMT+0000 (Coordinated Universal Time),Table de Conversation Anglais,,Tue Oct 07 2025 08:30:00 GMT+0000 (Coordinated Universal Time),10:30,,de Harmonie,,Good Morning Harmonie ! Kom en verbeter je kennis van Shakespeare's taal met Harry.,Good Morning Harmonie ! Venez approfondir votre connaissance de la langue de Shakespeare avec Harry.,,,dinsdag,mardi,oktober,octobre,Gepubliceerd,
Conversatietafel Engels,conversatietafel-engels-91,6218bc292822d0fe3ce3347b,653ad4ede882f528b327d8f8,68d14daa8567221de0ee35aa,false,false,Mon Sep 22 2025 13:22:50 GMT+0000 (Coordinated Universal Time),Mon Sep 22 2025 13:22:50 GMT+0000 (Coordinated Universal Time),Mon Sep 22 2025 13:22:50 GMT+0000 (Coordinated Universal Time),Table de Conversation Anglais,,Tue Oct 14 2025 08:30:00 GMT+0000 (Coordinated Universal Time),10:30,,de Harmonie,,Good Morning Harmonie ! Kom en verbeter je kennis van Shakespeare's taal met Harry.,Good Morning Harmonie ! Venez approfondir votre connaissance de la langue de Shakespeare avec Harry.,,,dinsdag,mardi,oktober,octobre,Gepubliceerd,
Conversatietafel Engels,conversatietafel-engels-92,6218bc292822d0fe3ce3347b,653ad4ede882f528b327d8f8,68d14dbc61455d8580a61ecf,false,false,Mon Sep 22 2025 13:23:08 GMT+0000 (Coordinated Universal Time),Mon Sep 22 2025 13:23:08 GMT+0000 (Coordinated Universal Time),Mon Sep 22 2025 13:23:08 GMT+0000 (Coordinated Universal Time),Table de Conversation Anglais,,Tue Oct 21 2025 08:30:00 GMT+0000 (Coordinated Universal Time),10:30,,de Harmonie,,Good Morning Harmonie ! Kom en verbeter je kennis van Shakespeare's taal met Harry.,Good Morning Harmonie ! Venez approfondir votre connaissance de la langue de Shakespeare avec Harry.,,,dinsdag,mardi,oktober,octobre,Gepubliceerd,
Conversatietafel Engels,conversatietafel-engels-93,6218bc292822d0fe3ce3347b,653ad4ede882f528b327d8f8,68d14dd01c490eaf6a177199,false,false,Mon Sep 22 2025 13:23:28 GMT+0000 (Coordinated Universal Time),Mon Sep 22 2025 13:23:28 GMT+0000 (Coordinated Universal Time),Mon Sep 22 2025 13:23:28 GMT+0000 (Coordinated Universal Time),Table de Conversation Anglais,,Tue Oct 28 2025 09:30:00 GMT+0000 (Coordinated Universal Time),10:30,,de Harmonie,,Good Morning Harmonie ! Kom en verbeter je kennis van Shakespeare's taal met Harry.,Good Morning Harmonie ! Venez approfondir votre connaissance de la langue de Shakespeare avec Harry.,,,dinsdag,mardi,oktober,octobre,Gepubliceerd,
Conversatietafel Engels,conversatietafel-engels-94,6218bc292822d0fe3ce3347b,653ad4ede882f528b327d8f8,68f7536217977ac2b6500762,false,false,Tue Oct 21 2025 09:33:22 GMT+0000 (Coordinated Universal Time),Tue Oct 21 2025 09:33:22 GMT+0000 (Coordinated Universal Time),Tue Oct 21 2025 09:33:22 GMT+0000 (Coordinated Universal Time),Table de Conversation Anglais,,Tue Nov 04 2025 09:30:00 GMT+0000 (Coordinated Universal Time),10:30,,de Harmonie,,Good Morning Harmonie ! Kom en verbeter je kennis van Shakespeare's taal met Harry.,Good Morning Harmonie ! Venez approfondir votre connaissance de la langue de Shakespeare avec Harry.,,,dinsdag,mardi,november,novembre,Gepubliceerd,
Conversatietafel Engels,conversatietafel-engels-95,6218bc292822d0fe3ce3347b,653ad4ede882f528b327d8f8,68f75374e2d3a803afebea13,false,false,Tue Oct 21 2025 09:33:40 GMT+0000 (Coordinated Universal Time),Tue Oct 21 2025 09:34:22 GMT+0000 (Coordinated Universal Time),Mon Nov 03 2025 14:51:53 GMT+0000 (Coordinated Universal Time),Table de Conversation Anglais,,Tue Nov 18 2025 09:30:00 GMT+0000 (Coordinated Universal Time),10:30,,de Harmonie,,Good Morning Harmonie ! Kom en verbeter je kennis van Shakespeare's taal met Harry.,Good Morning Harmonie ! Venez approfondir votre connaissance de la langue de Shakespeare avec Harry.,,,dinsdag,mardi,november,novembre,Gepubliceerd,
Conversatietafel Engels,conversatietafel-engels-96,6218bc292822d0fe3ce3347b,653ad4ede882f528b327d8f8,68f753b41379ade8d17245e3,false,false,Tue Oct 21 2025 09:34:44 GMT+0000 (Coordinated Universal Time),Tue Oct 21 2025 09:34:44 GMT+0000 (Coordinated Universal Time),Tue Oct 21 2025 09:34:44 GMT+0000 (Coordinated Universal Time),Table de Conversation Anglais,,Tue Nov 25 2025 09:30:00 GMT+0000 (Coordinated Universal Time),10:30,,de Harmonie,,Good Morning Harmonie ! Kom en verbeter je kennis van Shakespeare's taal met Harry.,Good Morning Harmonie ! Venez approfondir votre connaissance de la langue de Shakespeare avec Harry.,,,dinsdag,mardi,november,novembre,Gepubliceerd,
🚩 Conversatietafel Engels 🚩,conversatietafel-engels-97,6218bc292822d0fe3ce3347b,653ad4ede882f528b327d8f8,692d9d42856898e5764d0f9e,false,false,Mon Dec 01 2025 13:50:58 GMT+0000 (Coordinated Universal Time),Tue Dec 02 2025 14:29:16 GMT+0000 (Coordinated Universal Time),Tue Dec 02 2025 14:29:16 GMT+0000 (Coordinated Universal Time),🚩 Table de Conversation Anglais 🚩,,Tue Dec 02 2025 09:30:00 GMT+0000 (Coordinated Universal Time),10:30,,de Harmonie,,Good Morning Harmonie ! Kom en verbeter je kennis van Shakespeare's taal met Harry.,Good Morning Harmonie ! Venez approfondir votre connaissance de la langue de Shakespeare avec Harry.,,,dinsdag,mardi,december,decembre,Gepubliceerd,
🚩 Conversatietafel Engels 🚩,conversatietafel-engels-98,6218bc292822d0fe3ce3347b,653ad4ede882f528b327d8f8,692d9d5010c4ab5706320f4d,false,false,Mon Dec 01 2025 13:51:12 GMT+0000 (Coordinated Universal Time),Tue Dec 02 2025 14:29:33 GMT+0000 (Coordinated Universal Time),Tue Dec 02 2025 14:29:33 GMT+0000 (Coordinated Universal Time),🚩 Table de Conversation Anglais 🚩,,Tue Dec 09 2025 09:30:00 GMT+0000 (Coordinated Universal Time),10:30,,de Harmonie,,Good Morning Harmonie ! Kom en verbeter je kennis van Shakespeare's taal met Harry.,Good Morning Harmonie ! Venez approfondir votre connaissance de la langue de Shakespeare avec Harry.,,,dinsdag,mardi,december,decembre,Gepubliceerd,
🚩 Conversatietafel Engels 🚩,conversatietafel-engels-99,6218bc292822d0fe3ce3347b,653ad4ede882f528b327d8f8,692d9d6052997c41c92aa405,false,false,Mon Dec 01 2025 13:51:28 GMT+0000 (Coordinated Universal Time),Tue Dec 02 2025 14:29:48 GMT+0000 (Coordinated Universal Time),Tue Dec 02 2025 14:29:48 GMT+0000 (Coordinated Universal Time),🚩 Table de Conversation Anglais 🚩,,Tue Dec 16 2025 09:30:00 GMT+0000 (Coordinated Universal Time),10:30,,de Harmonie,,Good Morning Harmonie ! Kom en verbeter je kennis van Shakespeare's taal met Harry.,Good Morning Harmonie ! Venez approfondir votre connaissance de la langue de Shakespeare avec Harry.,,,dinsdag,mardi,december,decembre,Gepubliceerd,
Conversatietafel Italiaans  ,conversatietafel-italiaans-111,6218bc292822d0fe3ce3347b,653ad4ede882f528b327d8f8,6878fd3064b3b55d3cc4592c,false,false,Thu Jul 17 2025 13:40:00 GMT+0000 (Coordinated Universal Time),Thu Jul 17 2025 13:40:00 GMT+0000 (Coordinated Universal Time),Thu Jul 17 2025 13:40:00 GMT+0000 (Coordinated Universal Time),Table de Conversation Italien,,Mon Aug 04 2025 08:30:00 GMT+0000 (Coordinated Universal Time),10:30,12:30,De Harmonie,,"Ciao, kom en geniet van een hoekje ""Dolce Vita"" met Bianca.","Ciao, venez profiter d'un coin de ""Dolce Vita"" avec Bianca.","Deelnemers die bij ons willen eten, worden verzocht hun gerecht vóór 11.30 uur te reserveren.",Les participants qui désirent manger chez nous sont invités à réserver leur plat avant 11h30,maandag,lundi,augustus,août,Gepubliceerd,
Conversatietafel Italiaans   ,conversatietafel-italiaans-112,6218bc292822d0fe3ce3347b,653ad4ede882f528b327d8f8,6878fd88f8f3b14290579d7b,false,false,Thu Jul 17 2025 13:41:28 GMT+0000 (Coordinated Universal Time),Thu Jul 17 2025 13:41:28 GMT+0000 (Coordinated Universal Time),Thu Jul 17 2025 13:41:28 GMT+0000 (Coordinated Universal Time),Table de Conversation Italien,,Mon Aug 11 2025 08:30:00 GMT+0000 (Coordinated Universal Time),10:30,12:30,De Harmonie,,"Ciao, kom en geniet van een hoekje ""Dolce Vita"" met Bianca.","Ciao, venez profiter d'un coin de ""Dolce Vita"" avec Bianca.","Deelnemers die bij ons willen eten, worden verzocht hun gerecht vóór 11.30 uur te reserveren.",Les participants qui désirent manger chez nous sont invités à réserver leur plat avant 11h30,maandag,lundi,augustus,août,Gepubliceerd,
Conversatietafel Italiaans    ,conversatietafel-italiaans-113,6218bc292822d0fe3ce3347b,653ad4ede882f528b327d8f8,6878fdaad6417cb91cf6bff3,false,false,Thu Jul 17 2025 13:42:02 GMT+0000 (Coordinated Universal Time),Thu Jul 17 2025 13:42:02 GMT+0000 (Coordinated Universal Time),Thu Jul 17 2025 13:42:02 GMT+0000 (Coordinated Universal Time),Table de Conversation Italien,,Mon Aug 18 2025 08:30:00 GMT+0000 (Coordinated Universal Time),10:30,12:30,De Harmonie,,"Ciao, kom en geniet van een hoekje ""Dolce Vita"" met Bianca.","Ciao, venez profiter d'un coin de ""Dolce Vita"" avec Bianca.","Deelnemers die bij ons willen eten, worden verzocht hun gerecht vóór 11.30 uur te reserveren.",Les participants qui désirent manger chez nous sont invités à réserver leur plat avant 11h30,maandag,lundi,augustus,août,Gepubliceerd,
Conversatietafel Italiaans    ,conversatietafel-italiaans-114,6218bc292822d0fe3ce3347b,653ad4ede882f528b327d8f8,6878fe67f75c9b7374ceb0f2,false,false,Thu Jul 17 2025 13:45:11 GMT+0000 (Coordinated Universal Time),Thu Jul 17 2025 13:45:11 GMT+0000 (Coordinated Universal Time),Thu Jul 17 2025 13:45:11 GMT+0000 (Coordinated Universal Time),Table de Conversation Italien,,Mon Aug 25 2025 08:30:00 GMT+0000 (Coordinated Universal Time),10:30,12:30,De Harmonie,,"Ciao, kom en geniet van een hoekje ""Dolce Vita"" met Bianca.","Ciao, venez profiter d'un coin de ""Dolce Vita"" avec Bianca.","Deelnemers die bij ons willen eten, worden verzocht hun gerecht vóór 11.30 uur te reserveren.",Les participants qui désirent manger chez nous sont invités à réserver leur plat avant 11h30,maandag,lundi,augustus,août,Gepubliceerd,
Conversatietafel Italiaans     ,conversatietafel-italiaans-115,6218bc292822d0fe3ce3347b,653ad4ede882f528b327d8f8,68a31ede98f3b31e3cbc7f4e,false,false,Mon Aug 18 2025 12:38:54 GMT+0000 (Coordinated Universal Time),Mon Aug 18 2025 12:38:54 GMT+0000 (Coordinated Universal Time),Mon Aug 18 2025 12:38:54 GMT+0000 (Coordinated Universal Time),Table de Conversation Italien,,Mon Sep 01 2025 08:30:00 GMT+0000 (Coordinated Universal Time),10:30,12:30,De Harmonie,,"Ciao, kom en geniet van een hoekje ""Dolce Vita"" met Bianca.","Ciao, venez profiter d'un coin de ""Dolce Vita"" avec Bianca.","Deelnemers die bij ons willen eten, worden verzocht hun gerecht vóór 11.30 uur te reserveren.",Les participants qui désirent manger chez nous sont invités à réserver leur plat avant 11h30,maandag,lundi,september,septembre,Gepubliceerd,
Conversatietafel Italiaans      ,conversatietafel-italiaans-116,6218bc292822d0fe3ce3347b,653ad4ede882f528b327d8f8,68a31f1265cc332a0e4dafb0,false,false,Mon Aug 18 2025 12:39:46 GMT+0000 (Coordinated Universal Time),Mon Aug 18 2025 12:39:46 GMT+0000 (Coordinated Universal Time),Mon Aug 18 2025 12:39:46 GMT+0000 (Coordinated Universal Time),Table de Conversation Italien,,Mon Sep 08 2025 08:30:00 GMT+0000 (Coordinated Universal Time),10:30,12:30,De Harmonie,,"Ciao, kom en geniet van een hoekje ""Dolce Vita"" met Bianca.","Ciao, venez profiter d'un coin de ""Dolce Vita"" avec Bianca.","Deelnemers die bij ons willen eten, worden verzocht hun gerecht vóór 11.30 uur te reserveren.",Les participants qui désirent manger chez nous sont invités à réserver leur plat avant 11h30,maandag,lundi,september,septembre,Gepubliceerd,
Conversatietafel Italiaans       ,conversatietafel-italiaans-117,6218bc292822d0fe3ce3347b,653ad4ede882f528b327d8f8,68a31f3d967af53c4bc6a81a,false,false,Mon Aug 18 2025 12:40:29 GMT+0000 (Coordinated Universal Time),Mon Aug 18 2025 12:40:29 GMT+0000 (Coordinated Universal Time),Mon Aug 18 2025 12:40:29 GMT+0000 (Coordinated Universal Time),Table de Conversation Italien,,Mon Sep 15 2025 08:30:00 GMT+0000 (Coordinated Universal Time),10:30,12:30,De Harmonie,,"Ciao, kom en geniet van een hoekje ""Dolce Vita"" met Bianca.","Ciao, venez profiter d'un coin de ""Dolce Vita"" avec Bianca.","Deelnemers die bij ons willen eten, worden verzocht hun gerecht vóór 11.30 uur te reserveren.",Les participants qui désirent manger chez nous sont invités à réserver leur plat avant 11h30,maandag,lundi,september,septembre,Gepubliceerd,
Conversatietafel Italiaans        ,conversatietafel-italiaans-118,6218bc292822d0fe3ce3347b,653ad4ede882f528b327d8f8,68a31f540797cff1bcab94fa,false,false,Mon Aug 18 2025 12:40:52 GMT+0000 (Coordinated Universal Time),Mon Aug 18 2025 12:40:52 GMT+0000 (Coordinated Universal Time),Mon Aug 18 2025 12:40:52 GMT+0000 (Coordinated Universal Time),Table de Conversation Italien,,Mon Sep 22 2025 08:30:00 GMT+0000 (Coordinated Universal Time),10:30,12:30,De Harmonie,,"Ciao, kom en geniet van een hoekje ""Dolce Vita"" met Bianca.","Ciao, venez profiter d'un coin de ""Dolce Vita"" avec Bianca.","Deelnemers die bij ons willen eten, worden verzocht hun gerecht vóór 11.30 uur te reserveren.",Les participants qui désirent manger chez nous sont invités à réserver leur plat avant 11h30,maandag,lundi,september,septembre,Gepubliceerd,
Conversatietafel Italiaans        ,conversatietafel-italiaans-119,6218bc292822d0fe3ce3347b,653ad4ede882f528b327d8f8,68a31f723eae9c0b01469f1b,false,false,Mon Aug 18 2025 12:41:22 GMT+0000 (Coordinated Universal Time),Mon Aug 18 2025 12:41:22 GMT+0000 (Coordinated Universal Time),Mon Aug 18 2025 12:41:22 GMT+0000 (Coordinated Universal Time),Table de Conversation Italien,,Mon Sep 29 2025 08:30:00 GMT+0000 (Coordinated Universal Time),10:30,12:30,De Harmonie,,"Ciao, kom en geniet van een hoekje ""Dolce Vita"" met Bianca.","Ciao, venez profiter d'un coin de ""Dolce Vita"" avec Bianca.","Deelnemers die bij ons willen eten, worden verzocht hun gerecht vóór 11.30 uur te reserveren.",Les participants qui désirent manger chez nous sont invités à réserver leur plat avant 11h30,maandag,lundi,september,septembre,Gepubliceerd,
Conversatietafel Italiaans,conversatietafel-italiaans-120,6218bc292822d0fe3ce3347b,653ad4ede882f528b327d8f8,68d14bd5ea9dfaa48980ebf4,false,false,Mon Sep 22 2025 13:15:01 GMT+0000 (Coordinated Universal Time),Mon Sep 22 2025 13:16:20 GMT+0000 (Coordinated Universal Time),Mon Sep 22 2025 13:16:20 GMT+0000 (Coordinated Universal Time),Table de Conversation Italien,,Mon Oct 06 2025 09:30:00 GMT+0000 (Coordinated Universal Time),11:30,12:30,De Harmonie,,"Ciao, kom en geniet van een hoekje ""Dolce Vita"" met Bianca.","Ciao, venez profiter d'un coin de ""Dolce Vita"" avec Bianca.","Deelnemers die bij ons willen eten, worden verzocht hun gerecht vóór 11.30 uur te reserveren.",Les participants qui désirent manger chez nous sont invités à réserver leur plat avant 11h30,maandag,lundi,oktober,octobre,Gepubliceerd,
Conversatietafel Italiaans,conversatietafel-italiaans-121,6218bc292822d0fe3ce3347b,653ad4ede882f528b327d8f8,68d14c08ff3906cd75588a0c,false,false,Mon Sep 22 2025 13:15:52 GMT+0000 (Coordinated Universal Time),Mon Sep 22 2025 13:15:52 GMT+0000 (Coordinated Universal Time),Mon Sep 22 2025 13:15:52 GMT+0000 (Coordinated Universal Time),Table de Conversation Italien,,Mon Oct 13 2025 09:30:00 GMT+0000 (Coordinated Universal Time),11:30,12:30,De Harmonie,,"Ciao, kom en geniet van een hoekje ""Dolce Vita"" met Bianca.","Ciao, venez profiter d'un coin de ""Dolce Vita"" avec Bianca.","Deelnemers die bij ons willen eten, worden verzocht hun gerecht vóór 11.30 uur te reserveren.",Les participants qui désirent manger chez nous sont invités à réserver leur plat avant 11h30,maandag,lundi,oktober,octobre,Gepubliceerd,
Conversatietafel Italiaans,conversatietafel-italiaans-122,6218bc292822d0fe3ce3347b,653ad4ede882f528b327d8f8,68d14c3d0f6d62db45125590,false,false,Mon Sep 22 2025 13:16:45 GMT+0000 (Coordinated Universal Time),Mon Sep 22 2025 13:16:45 GMT+0000 (Coordinated Universal Time),Mon Sep 22 2025 13:16:45 GMT+0000 (Coordinated Universal Time),Table de Conversation Italien,,Mon Oct 20 2025 09:30:00 GMT+0000 (Coordinated Universal Time),11:30,12:30,De Harmonie,,"Ciao, kom en geniet van een hoekje ""Dolce Vita"" met Bianca.","Ciao, venez profiter d'un coin de ""Dolce Vita"" avec Bianca.","Deelnemers die bij ons willen eten, worden verzocht hun gerecht vóór 11.30 uur te reserveren.",Les participants qui désirent manger chez nous sont invités à réserver leur plat avant 11h30,maandag,lundi,oktober,octobre,Gepubliceerd,
Conversatietafel Italiaans,conversatietafel-italiaans-123,6218bc292822d0fe3ce3347b,653ad4ede882f528b327d8f8,68f75153f9642c0854a80848,false,false,Tue Oct 21 2025 09:24:35 GMT+0000 (Coordinated Universal Time),Tue Oct 21 2025 09:24:35 GMT+0000 (Coordinated Universal Time),Tue Oct 21 2025 09:24:35 GMT+0000 (Coordinated Universal Time),Table de Conversation Italien,,Mon Nov 03 2025 10:30:00 GMT+0000 (Coordinated Universal Time),11:30,12:30,De Harmonie,,"Ciao, kom en geniet van een hoekje ""Dolce Vita"" met Bianca.","Ciao, venez profiter d'un coin de ""Dolce Vita"" avec Bianca.","Deelnemers die bij ons willen eten, worden verzocht hun gerecht vóór 11.30 uur te reserveren.",Les participants qui désirent manger chez nous sont invités à réserver leur plat avant 11h30,maandag,lundi,november,novembre,Gepubliceerd,
Conversatietafel Italiaans,conversatietafel-italiaans-124,6218bc292822d0fe3ce3347b,653ad4ede882f528b327d8f8,68f75164afabd2e5659b7268,false,false,Tue Oct 21 2025 09:24:52 GMT+0000 (Coordinated Universal Time),Tue Oct 21 2025 09:24:52 GMT+0000 (Coordinated Universal Time),Tue Oct 21 2025 09:24:52 GMT+0000 (Coordinated Universal Time),Table de Conversation Italien,,Mon Nov 10 2025 10:30:00 GMT+0000 (Coordinated Universal Time),11:30,12:30,De Harmonie,,"Ciao, kom en geniet van een hoekje ""Dolce Vita"" met Bianca.","Ciao, venez profiter d'un coin de ""Dolce Vita"" avec Bianca.","Deelnemers die bij ons willen eten, worden verzocht hun gerecht vóór 11.30 uur te reserveren.",Les participants qui désirent manger chez nous sont invités à réserver leur plat avant 11h30,maandag,lundi,november,novembre,Gepubliceerd,
Conversatietafel Italiaans,conversatietafel-italiaans-125,6218bc292822d0fe3ce3347b,653ad4ede882f528b327d8f8,68f751728c732d091361d3e5,false,false,Tue Oct 21 2025 09:25:06 GMT+0000 (Coordinated Universal Time),Tue Oct 21 2025 09:25:06 GMT+0000 (Coordinated Universal Time),Tue Oct 21 2025 09:25:06 GMT+0000 (Coordinated Universal Time),Table de Conversation Italien,,Mon Nov 17 2025 10:30:00 GMT+0000 (Coordinated Universal Time),11:30,12:30,De Harmonie,,"Ciao, kom en geniet van een hoekje ""Dolce Vita"" met Bianca.","Ciao, venez profiter d'un coin de ""Dolce Vita"" avec Bianca.","Deelnemers die bij ons willen eten, worden verzocht hun gerecht vóór 11.30 uur te reserveren.",Les participants qui désirent manger chez nous sont invités à réserver leur plat avant 11h30,maandag,lundi,november,novembre,Gepubliceerd,
Conversatietafel Italiaans,conversatietafel-italiaans-126,6218bc292822d0fe3ce3347b,653ad4ede882f528b327d8f8,68f751815280df7bf5d3e3a1,false,false,Tue Oct 21 2025 09:25:21 GMT+0000 (Coordinated Universal Time),Tue Oct 21 2025 09:25:21 GMT+0000 (Coordinated Universal Time),Tue Oct 21 2025 09:25:21 GMT+0000 (Coordinated Universal Time),Table de Conversation Italien,,Mon Nov 24 2025 10:30:00 GMT+0000 (Coordinated Universal Time),11:30,12:30,De Harmonie,,"Ciao, kom en geniet van een hoekje ""Dolce Vita"" met Bianca.","Ciao, venez profiter d'un coin de ""Dolce Vita"" avec Bianca.","Deelnemers die bij ons willen eten, worden verzocht hun gerecht vóór 11.30 uur te reserveren.",Les participants qui désirent manger chez nous sont invités à réserver leur plat avant 11h30,maandag,lundi,november,novembre,Gepubliceerd,
🚩 Conversatietafel Italiaans 🚩,conversatietafel-italiaans-127,6218bc292822d0fe3ce3347b,653ad4ede882f528b327d8f8,692d9c554c40d4b254b3c3a7,false,false,Mon Dec 01 2025 13:47:01 GMT+0000 (Coordinated Universal Time),Tue Dec 02 2025 14:28:55 GMT+0000 (Coordinated Universal Time),Tue Dec 02 2025 14:28:55 GMT+0000 (Coordinated Universal Time),🚩 Table de Conversation Italien 🚩,,Mon Dec 01 2025 10:30:00 GMT+0000 (Coordinated Universal Time),11:30,12:30,De Harmonie,,"Ciao, kom en geniet van een hoekje ""Dolce Vita"" met Bianca.","Ciao, venez profiter d'un coin de ""Dolce Vita"" avec Bianca.","Deelnemers die bij ons willen eten, worden verzocht hun gerecht vóór 11.30 uur te reserveren.",Les participants qui désirent manger chez nous sont invités à réserver leur plat avant 11h30,maandag,lundi,december,decembre,Gepubliceerd,
🚩 Conversatietafel Italiaans 🚩,conversatietafel-italiaans-128,6218bc292822d0fe3ce3347b,653ad4ede882f528b327d8f8,692d9c665870a613b0354c43,false,false,Mon Dec 01 2025 13:47:18 GMT+0000 (Coordinated Universal Time),Tue Dec 02 2025 14:28:31 GMT+0000 (Coordinated Universal Time),Tue Dec 02 2025 14:28:31 GMT+0000 (Coordinated Universal Time),🚩 Table de Conversation Italien 🚩,,Mon Dec 08 2025 10:30:00 GMT+0000 (Coordinated Universal Time),11:30,12:30,De Harmonie,,"Ciao, kom en geniet van een hoekje ""Dolce Vita"" met Bianca.","Ciao, venez profiter d'un coin de ""Dolce Vita"" avec Bianca.","Deelnemers die bij ons willen eten, worden verzocht hun gerecht vóór 11.30 uur te reserveren.",Les participants qui désirent manger chez nous sont invités à réserver leur plat avant 11h30,maandag,lundi,december,decembre,Gepubliceerd,
🚩 Conversatietafel Italiaans 🚩,conversatietafel-italiaans-129,6218bc292822d0fe3ce3347b,653ad4ede882f528b327d8f8,692d9c7660d2d06233655fe9,false,false,Mon Dec 01 2025 13:47:34 GMT+0000 (Coordinated Universal Time),Tue Dec 02 2025 14:28:12 GMT+0000 (Coordinated Universal Time),Tue Dec 02 2025 14:28:12 GMT+0000 (Coordinated Universal Time),🚩Table de Conversation Italien 🚩,,Mon Dec 15 2025 10:30:00 GMT+0000 (Coordinated Universal Time),11:30,12:30,De Harmonie,,"Ciao, kom en geniet van een hoekje ""Dolce Vita"" met Bianca.","Ciao, venez profiter d'un coin de ""Dolce Vita"" avec Bianca.","Deelnemers die bij ons willen eten, worden verzocht hun gerecht vóór 11.30 uur te reserveren.",Les participants qui désirent manger chez nous sont invités à réserver leur plat avant 11h30,maandag,lundi,december,decembre,Gepubliceerd,
🚩 Conversatietafel Italiaans 🚩 Copy,conversatietafel-italiaans-129-copy,6218bc292822d0fe3ce3347b,653ad4ede882f528b327d8f8,695d178d737480ac96b21d08,false,false,Tue Jan 06 2026 14:09:17 GMT+0000 (Coordinated Universal Time),Wed Jan 07 2026 09:34:48 GMT+0000 (Coordinated Universal Time),Mon Mar 09 2026 10:43:46 GMT+0000 (Coordinated Universal Time),🚩Table de Conversation Italien 🚩,,Mon Jan 12 2026 10:30:00 GMT+0000 (Coordinated Universal Time),11:30,12:30,De Harmonie,,"Ciao, kom en geniet van een hoekje ""Dolce Vita"" met Bianca.","Ciao, venez profiter d'un coin de ""Dolce Vita"" avec Bianca.","Deelnemers die bij ons willen eten, worden verzocht hun gerecht vóór 11.30 uur te reserveren.",Les participants qui désirent manger chez nous sont invités à réserver leur plat avant 11h30,maandag,lundi,januari,janvier,Gepubliceerd,
🚩 Conversatietafel Italiaans 🚩 Copy 2,conversatietafel-italiaans-129-copy-2,6218bc292822d0fe3ce3347b,653ad4ede882f528b327d8f8,695d17b34028351f289b4846,false,false,Tue Jan 06 2026 14:09:55 GMT+0000 (Coordinated Universal Time),Wed Jan 07 2026 09:35:07 GMT+0000 (Coordinated Universal Time),Mon Mar 09 2026 10:43:46 GMT+0000 (Coordinated Universal Time),🚩Table de Conversation Italien 🚩,,Mon Jan 19 2026 10:30:00 GMT+0000 (Coordinated Universal Time),11:30,12:30,De Harmonie,,"Ciao, kom en geniet van een hoekje ""Dolce Vita"" met Bianca.","Ciao, venez profiter d'un coin de ""Dolce Vita"" avec Bianca.","Deelnemers die bij ons willen eten, worden verzocht hun gerecht vóór 11.30 uur te reserveren.",Les participants qui désirent manger chez nous sont invités à réserver leur plat avant 11h30,maandag,lundi,januari,janvier,Gepubliceerd,
🚩 Conversatietafel Italiaans 🚩 Copy 3,conversatietafel-italiaans-129-copy-3,6218bc292822d0fe3ce3347b,653ad4ede882f528b327d8f8,695d17cad3176034d46c85cb,false,false,Tue Jan 06 2026 14:10:18 GMT+0000 (Coordinated Universal Time),Wed Jan 07 2026 10:29:34 GMT+0000 (Coordinated Universal Time),Mon Mar 09 2026 10:43:46 GMT+0000 (Coordinated Universal Time),🚩Table de Conversation Italien 🚩,,Mon Jan 26 2026 10:30:00 GMT+0000 (Coordinated Universal Time),11:30,12:30,De Harmonie,,"Ciao, kom en geniet van een hoekje ""Dolce Vita"" met Bianca.","Ciao, venez profiter d'un coin de ""Dolce Vita"" avec Bianca.","Deelnemers die bij ons willen eten, worden verzocht hun gerecht vóór 11.30 uur te reserveren.",Les participants qui désirent manger chez nous sont invités à réserver leur plat avant 11h30,maandag,lundi,januari,janvier,Gepubliceerd,
🚩 Conversatietafel Italiaans 🚩 ,conversatietafel-italiaans-130,6218bc292822d0fe3ce3347b,653ad4ede882f528b327d8f8,6980bb5571a997f8ec85022b,false,false,Mon Feb 02 2026 14:57:25 GMT+0000 (Coordinated Universal Time),Mon Feb 02 2026 14:57:25 GMT+0000 (Coordinated Universal Time),Mon Feb 02 2026 14:57:25 GMT+0000 (Coordinated Universal Time),🚩Table de Conversation Italien 🚩,,Mon Feb 23 2026 10:30:00 GMT+0000 (Coordinated Universal Time),11:30,12:30,De Harmonie,,"Ciao, kom en geniet van een hoekje ""Dolce Vita"" met Bianca.","Ciao, venez profiter d'un coin de ""Dolce Vita"" avec Bianca.","Deelnemers die bij ons willen eten, worden verzocht hun gerecht vóór 11.30 uur te reserveren.",Les participants qui désirent manger chez nous sont invités à réserver leur plat avant 11h30,maandag,lundi,februari,fevrier ,Gepubliceerd,
🚩 Conversatietafel Italiaans 🚩  ,conversatietafel-italiaans-131,6218bc292822d0fe3ce3347b,653ad4ede882f528b327d8f8,699ee927cc3696c6583ed89f,false,false,Wed Feb 25 2026 12:20:55 GMT+0000 (Coordinated Universal Time),Wed Feb 25 2026 12:20:55 GMT+0000 (Coordinated Universal Time),Wed Feb 25 2026 12:20:55 GMT+0000 (Coordinated Universal Time),🚩Table de Conversation Italien 🚩,,Mon Mar 02 2026 10:30:00 GMT+0000 (Coordinated Universal Time),11:30,12:30,De Harmonie,,"Ciao, kom en geniet van een hoekje ""Dolce Vita"" met Bianca.","Ciao, venez profiter d'un coin de ""Dolce Vita"" avec Bianca.","Deelnemers die bij ons willen eten, worden verzocht hun gerecht vóór 11.30 uur te reserveren.",Les participants qui désirent manger chez nous sont invités à réserver leur plat avant 11h30,maandag,lundi,maart,mars,Gepubliceerd,
🚩 Conversatietafel Italiaans 🚩   ,conversatietafel-italiaans-132,6218bc292822d0fe3ce3347b,653ad4ede882f528b327d8f8,699ee952a5127752874b8f92,false,false,Wed Feb 25 2026 12:21:38 GMT+0000 (Coordinated Universal Time),Wed Feb 25 2026 12:21:38 GMT+0000 (Coordinated Universal Time),Wed Feb 25 2026 12:21:38 GMT+0000 (Coordinated Universal Time),🚩Table de Conversation Italien 🚩,,Mon Mar 09 2026 10:30:00 GMT+0000 (Coordinated Universal Time),11:30,12:30,De Harmonie,,"Ciao, kom en geniet van een hoekje ""Dolce Vita"" met Bianca.","Ciao, venez profiter d'un coin de ""Dolce Vita"" avec Bianca.","Deelnemers die bij ons willen eten, worden verzocht hun gerecht vóór 11.30 uur te reserveren.",Les participants qui désirent manger chez nous sont invités à réserver leur plat avant 11h30,maandag,lundi,maart,mars,Gepubliceerd,
🚩 Conversatietafel Italiaans 🚩    ,conversatietafel-italiaans-133,6218bc292822d0fe3ce3347b,653ad4ede882f528b327d8f8,699ee9738279697c40c66267,false,false,Wed Feb 25 2026 12:22:11 GMT+0000 (Coordinated Universal Time),Wed Feb 25 2026 12:22:11 GMT+0000 (Coordinated Universal Time),Wed Feb 25 2026 12:22:11 GMT+0000 (Coordinated Universal Time),🚩Table de Conversation Italien 🚩,,Mon Mar 16 2026 10:30:00 GMT+0000 (Coordinated Universal Time),11:30,12:30,De Harmonie,,"Ciao, kom en geniet van een hoekje ""Dolce Vita"" met Bianca.","Ciao, venez profiter d'un coin de ""Dolce Vita"" avec Bianca.","Deelnemers die bij ons willen eten, worden verzocht hun gerecht vóór 11.30 uur te reserveren.",Les participants qui désirent manger chez nous sont invités à réserver leur plat avant 11h30,maandag,lundi,maart,mars,Gepubliceerd,
🚩 Conversatietafel Italiaans 🚩     ,conversatietafel-italiaans-134,6218bc292822d0fe3ce3347b,653ad4ede882f528b327d8f8,699ee98dea73439eedcc53e0,false,false,Wed Feb 25 2026 12:22:37 GMT+0000 (Coordinated Universal Time),Wed Feb 25 2026 12:22:37 GMT+0000 (Coordinated Universal Time),Wed Feb 25 2026 12:22:37 GMT+0000 (Coordinated Universal Time),🚩Table de Conversation Italien 🚩,,Mon Mar 23 2026 10:30:00 GMT+0000 (Coordinated Universal Time),11:30,12:30,De Harmonie,,"Ciao, kom en geniet van een hoekje ""Dolce Vita"" met Bianca.","Ciao, venez profiter d'un coin de ""Dolce Vita"" avec Bianca.","Deelnemers die bij ons willen eten, worden verzocht hun gerecht vóór 11.30 uur te reserveren.",Les participants qui désirent manger chez nous sont invités à réserver leur plat avant 11h30,maandag,lundi,maart,mars,Gepubliceerd,
🚩 Conversatietafel Italiaans 🚩     ,conversatietafel-italiaans-135,6218bc292822d0fe3ce3347b,653ad4ede882f528b327d8f8,699ee9b2ce44bccdcd9482b2,false,false,Wed Feb 25 2026 12:23:14 GMT+0000 (Coordinated Universal Time),Wed Feb 25 2026 12:23:14 GMT+0000 (Coordinated Universal Time),Wed Feb 25 2026 12:23:14 GMT+0000 (Coordinated Universal Time),🚩Table de Conversation Italien 🚩,,Mon Mar 30 2026 09:30:00 GMT+0000 (Coordinated Universal Time),11:30,12:30,De Harmonie,,"Ciao, kom en geniet van een hoekje ""Dolce Vita"" met Bianca.","Ciao, venez profiter d'un coin de ""Dolce Vita"" avec Bianca.","Deelnemers die bij ons willen eten, worden verzocht hun gerecht vóór 11.30 uur te reserveren.",Les participants qui désirent manger chez nous sont invités à réserver leur plat avant 11h30,maandag,lundi,maart,mars,Gepubliceerd,
🚩 Conversatietafel Italiaans 🚩 ,conversatietafel-italiaans-136,6218bc292822d0fe3ce3347b,653ad4ede882f528b327d8f8,69c1129f51dbbaa35b52d013,false,false,Mon Mar 23 2026 10:14:55 GMT+0000 (Coordinated Universal Time),Mon Mar 23 2026 10:14:55 GMT+0000 (Coordinated Universal Time),Mon Mar 23 2026 10:14:55 GMT+0000 (Coordinated Universal Time),🚩Table de Conversation Italien 🚩,,Mon Apr 13 2026 09:30:00 GMT+0000 (Coordinated Universal Time),11:30,12:30,De Harmonie,,"Ciao, kom en geniet van een hoekje ""Dolce Vita"" met Bianca.","Ciao, venez profiter d'un coin de ""Dolce Vita"" avec Bianca.","Deelnemers die bij ons willen eten, worden verzocht hun gerecht vóór 11.30 uur te reserveren.",Les participants qui désirent manger chez nous sont invités à réserver leur plat avant 11h30,maandag,lundi,april,avril,Gepubliceerd,
🚩 Conversatietafel Italiaans 🚩 ,conversatietafel-italiaans-137,6218bc292822d0fe3ce3347b,653ad4ede882f528b327d8f8,69c112af8e0a813e8205ed8a,false,false,Mon Mar 23 2026 10:15:11 GMT+0000 (Coordinated Universal Time),Mon Mar 23 2026 10:15:11 GMT+0000 (Coordinated Universal Time),Mon Mar 23 2026 10:15:11 GMT+0000 (Coordinated Universal Time),🚩Table de Conversation Italien 🚩,,Mon Apr 20 2026 09:30:00 GMT+0000 (Coordinated Universal Time),11:30,12:30,De Harmonie,,"Ciao, kom en geniet van een hoekje ""Dolce Vita"" met Bianca.","Ciao, venez profiter d'un coin de ""Dolce Vita"" avec Bianca.","Deelnemers die bij ons willen eten, worden verzocht hun gerecht vóór 11.30 uur te reserveren.",Les participants qui désirent manger chez nous sont invités à réserver leur plat avant 11h30,maandag,lundi,april,avril,Gepubliceerd,
🚩 Conversatietafel Italiaans 🚩 ,conversatietafel-italiaans-138,6218bc292822d0fe3ce3347b,653ad4ede882f528b327d8f8,69c112bf42137934c1afa6cf,false,false,Mon Mar 23 2026 10:15:27 GMT+0000 (Coordinated Universal Time),Mon Mar 23 2026 10:15:27 GMT+0000 (Coordinated Universal Time),Mon Mar 23 2026 10:15:27 GMT+0000 (Coordinated Universal Time),🚩Table de Conversation Italien 🚩,,Mon Apr 27 2026 09:30:00 GMT+0000 (Coordinated Universal Time),11:30,12:30,De Harmonie,,"Ciao, kom en geniet van een hoekje ""Dolce Vita"" met Bianca.","Ciao, venez profiter d'un coin de ""Dolce Vita"" avec Bianca.","Deelnemers die bij ons willen eten, worden verzocht hun gerecht vóór 11.30 uur te reserveren.",Les participants qui désirent manger chez nous sont invités à réserver leur plat avant 11h30,maandag,lundi,april,avril,Gepubliceerd,
Conversatietafel Spaans ,conversatietafel-spaans-129,6218bc292822d0fe3ce3347b,653ad4ede882f528b327d8f8,68790ba98d6448e0da40dd40,false,false,Thu Jul 17 2025 14:41:45 GMT+0000 (Coordinated Universal Time),Thu Jul 17 2025 14:41:45 GMT+0000 (Coordinated Universal Time),Thu Jul 17 2025 14:41:45 GMT+0000 (Coordinated Universal Time),Table de conversation Espagnole,147,Thu Aug 07 2025 08:00:00 GMT+0000 (Coordinated Universal Time),10:00,12:00,De Harmonie,,"Hola! Iedereen die wat Spaans wil oefenen is welkom. Gewoon door met elkaar te babbelen.
We leren van elkaar en op het gemak. Bienvenido !",Hola ! Tous ceux qui veulent pratiquer l'espagnol sont les bienvenus. Juste en discutant les uns avec les autres dans une atmosphère conviviale. Bienvenido !,,,donderdag,jeudi,augustus,août,Gepubliceerd,lezenschrijven.png
Conversatietafel Spaans  ,conversatietafel-spaans-130,6218bc292822d0fe3ce3347b,653ad4ede882f528b327d8f8,68790bbfeb68b4973ede5d36,false,false,Thu Jul 17 2025 14:42:07 GMT+0000 (Coordinated Universal Time),Thu Jul 17 2025 14:42:07 GMT+0000 (Coordinated Universal Time),Thu Jul 17 2025 14:42:07 GMT+0000 (Coordinated Universal Time),Table de conversation Espagnole,147,Thu Aug 14 2025 08:00:00 GMT+0000 (Coordinated Universal Time),10:00,12:00,De Harmonie,,"Hola! Iedereen die wat Spaans wil oefenen is welkom. Gewoon door met elkaar te babbelen.
We leren van elkaar en op het gemak. Bienvenido !",Hola ! Tous ceux qui veulent pratiquer l'espagnol sont les bienvenus. Juste en discutant les uns avec les autres dans une atmosphère conviviale. Bienvenido !,,,donderdag,jeudi,augustus,août,Gepubliceerd,lezenschrijven.png
Conversatietafel Spaans   ,conversatietafel-spaans-131,6218bc292822d0fe3ce3347b,653ad4ede882f528b327d8f8,68790bd688dab74a0052bb69,false,false,Thu Jul 17 2025 14:42:30 GMT+0000 (Coordinated Universal Time),Thu Jul 17 2025 14:42:30 GMT+0000 (Coordinated Universal Time),Thu Jul 17 2025 14:42:30 GMT+0000 (Coordinated Universal Time),Table de conversation Espagnole,147,Thu Aug 21 2025 08:00:00 GMT+0000 (Coordinated Universal Time),10:00,12:00,De Harmonie,,"Hola! Iedereen die wat Spaans wil oefenen is welkom. Gewoon door met elkaar te babbelen.
We leren van elkaar en op het gemak. Bienvenido !",Hola ! Tous ceux qui veulent pratiquer l'espagnol sont les bienvenus. Juste en discutant les uns avec les autres dans une atmosphère conviviale. Bienvenido !,,,donderdag,jeudi,augustus,août,Gepubliceerd,lezenschrijven.png
Conversatietafel Spaans    ,conversatietafel-spaans-132,6218bc292822d0fe3ce3347b,653ad4ede882f528b327d8f8,68790bffdf1ae42d1245bb95,false,false,Thu Jul 17 2025 14:43:11 GMT+0000 (Coordinated Universal Time),Thu Jul 17 2025 14:43:11 GMT+0000 (Coordinated Universal Time),Thu Jul 17 2025 14:43:11 GMT+0000 (Coordinated Universal Time),Table de conversation Espagnole,147,Thu Aug 28 2025 08:00:00 GMT+0000 (Coordinated Universal Time),10:00,12:00,De Harmonie,,"Hola! Iedereen die wat Spaans wil oefenen is welkom. Gewoon door met elkaar te babbelen.
We leren van elkaar en op het gemak. Bienvenido !",Hola ! Tous ceux qui veulent pratiquer l'espagnol sont les bienvenus. Juste en discutant les uns avec les autres dans une atmosphère conviviale. Bienvenido !,,,donderdag,jeudi,augustus,août,Gepubliceerd,lezenschrijven.png
Conversatietafel Spaans     ,conversatietafel-spaans-133,6218bc292822d0fe3ce3347b,653ad4ede882f528b327d8f8,68a3278fa3fcaf9922ce0a6c,false,false,Mon Aug 18 2025 13:15:59 GMT+0000 (Coordinated Universal Time),Mon Aug 18 2025 13:15:59 GMT+0000 (Coordinated Universal Time),Mon Aug 18 2025 13:15:59 GMT+0000 (Coordinated Universal Time),Table de conversation Espagnole,147,Thu Sep 04 2025 08:00:00 GMT+0000 (Coordinated Universal Time),10:00,12:00,De Harmonie,,"Hola! Iedereen die wat Spaans wil oefenen is welkom. Gewoon door met elkaar te babbelen.
We leren van elkaar en op het gemak. Bienvenido !",Hola ! Tous ceux qui veulent pratiquer l'espagnol sont les bienvenus. Juste en discutant les uns avec les autres dans une atmosphère conviviale. Bienvenido !,,,donderdag,jeudi,september,septembre,Gepubliceerd,lezenschrijven.png
Conversatietafel Spaans      ,conversatietafel-spaans-134,6218bc292822d0fe3ce3347b,653ad4ede882f528b327d8f8,68a327a5c51b577535228037,false,false,Mon Aug 18 2025 13:16:21 GMT+0000 (Coordinated Universal Time),Mon Aug 18 2025 13:18:13 GMT+0000 (Coordinated Universal Time),Mon Aug 18 2025 13:18:13 GMT+0000 (Coordinated Universal Time),Table de conversation Espagnole,147,Thu Sep 11 2025 08:00:00 GMT+0000 (Coordinated Universal Time),10:00,12:00,De Harmonie,,"Hola! Iedereen die wat Spaans wil oefenen is welkom. Gewoon door met elkaar te babbelen.
We leren van elkaar en op het gemak. Bienvenido !",Hola ! Tous ceux qui veulent pratiquer l'espagnol sont les bienvenus. Juste en discutant les uns avec les autres dans une atmosphère conviviale. Bienvenido !,,,donderdag,jeudi,september,septembre,Gepubliceerd,lezenschrijven.png
Conversatietafel Spaans       ,conversatietafel-spaans-135,6218bc292822d0fe3ce3347b,653ad4ede882f528b327d8f8,68a3282ec6cfc2a3ccba0602,false,false,Mon Aug 18 2025 13:18:38 GMT+0000 (Coordinated Universal Time),Mon Aug 18 2025 13:18:38 GMT+0000 (Coordinated Universal Time),Mon Aug 18 2025 13:18:38 GMT+0000 (Coordinated Universal Time),Table de conversation Espagnole,147,Thu Sep 18 2025 08:00:00 GMT+0000 (Coordinated Universal Time),10:00,12:00,De Harmonie,,"Hola! Iedereen die wat Spaans wil oefenen is welkom. Gewoon door met elkaar te babbelen.
We leren van elkaar en op het gemak. Bienvenido !",Hola ! Tous ceux qui veulent pratiquer l'espagnol sont les bienvenus. Juste en discutant les uns avec les autres dans une atmosphère conviviale. Bienvenido !,,,donderdag,jeudi,september,septembre,Gepubliceerd,lezenschrijven.png
Conversatietafel Spaans        ,conversatietafel-spaans-136,6218bc292822d0fe3ce3347b,653ad4ede882f528b327d8f8,68a3283faa9f8b3555ae498d,false,false,Mon Aug 18 2025 13:18:55 GMT+0000 (Coordinated Universal Time),Mon Aug 18 2025 13:18:55 GMT+0000 (Coordinated Universal Time),Mon Aug 18 2025 13:18:55 GMT+0000 (Coordinated Universal Time),Table de conversation Espagnole,147,Thu Sep 25 2025 08:00:00 GMT+0000 (Coordinated Universal Time),10:00,12:00,De Harmonie,,"Hola! Iedereen die wat Spaans wil oefenen is welkom. Gewoon door met elkaar te babbelen.
We leren van elkaar en op het gemak. Bienvenido !",Hola ! Tous ceux qui veulent pratiquer l'espagnol sont les bienvenus. Juste en discutant les uns avec les autres dans une atmosphère conviviale. Bienvenido !,,,donderdag,jeudi,september,septembre,Gepubliceerd,lezenschrijven.png
Conversatietafel Spaans,conversatietafel-spaans-137,6218bc292822d0fe3ce3347b,653ad4ede882f528b327d8f8,68d156c617b217a1e25d2897,false,false,Mon Sep 22 2025 14:01:42 GMT+0000 (Coordinated Universal Time),Mon Sep 22 2025 14:01:42 GMT+0000 (Coordinated Universal Time),Mon Sep 22 2025 14:01:42 GMT+0000 (Coordinated Universal Time),Table de conversation Espagnole,147,Thu Oct 02 2025 08:00:00 GMT+0000 (Coordinated Universal Time),10:00,12:00,De Harmonie,,"Hola! Iedereen die wat Spaans wil oefenen is welkom. Gewoon door met elkaar te babbelen.
We leren van elkaar en op het gemak. Bienvenido !",Hola ! Tous ceux qui veulent pratiquer l'espagnol sont les bienvenus. Juste en discutant les uns avec les autres dans une atmosphère conviviale. Bienvenido !,,,donderdag,jeudi,oktober,octobre,Gepubliceerd,lezenschrijven.png
Conversatietafel Spaans,conversatietafel-spaans-138,6218bc292822d0fe3ce3347b,653ad4ede882f528b327d8f8,68d156d3cf805a7089cc9bc0,false,false,Mon Sep 22 2025 14:01:55 GMT+0000 (Coordinated Universal Time),Mon Sep 22 2025 14:01:55 GMT+0000 (Coordinated Universal Time),Mon Sep 22 2025 14:01:55 GMT+0000 (Coordinated Universal Time),Table de conversation Espagnole,147,Thu Oct 09 2025 08:00:00 GMT+0000 (Coordinated Universal Time),10:00,12:00,De Harmonie,,"Hola! Iedereen die wat Spaans wil oefenen is welkom. Gewoon door met elkaar te babbelen.
We leren van elkaar en op het gemak. Bienvenido !",Hola ! Tous ceux qui veulent pratiquer l'espagnol sont les bienvenus. Juste en discutant les uns avec les autres dans une atmosphère conviviale. Bienvenido !,,,donderdag,jeudi,oktober,octobre,Gepubliceerd,lezenschrijven.png
Conversatietafel Spaans,conversatietafel-spaans-139,6218bc292822d0fe3ce3347b,653ad4ede882f528b327d8f8,68d156e117b217a1e25d3278,false,false,Mon Sep 22 2025 14:02:09 GMT+0000 (Coordinated Universal Time),Mon Sep 22 2025 14:02:09 GMT+0000 (Coordinated Universal Time),Mon Sep 22 2025 14:02:09 GMT+0000 (Coordinated Universal Time),Table de conversation Espagnole,147,Thu Oct 16 2025 08:00:00 GMT+0000 (Coordinated Universal Time),10:00,12:00,De Harmonie,,"Hola! Iedereen die wat Spaans wil oefenen is welkom. Gewoon door met elkaar te babbelen.
We leren van elkaar en op het gemak. Bienvenido !",Hola ! Tous ceux qui veulent pratiquer l'espagnol sont les bienvenus. Juste en discutant les uns avec les autres dans une atmosphère conviviale. Bienvenido !,,,donderdag,jeudi,oktober,octobre,Gepubliceerd,lezenschrijven.png
Conversatietafel Spaans,conversatietafel-spaans-140,6218bc292822d0fe3ce3347b,653ad4ede882f528b327d8f8,68d156ef293d07ef9c883d2e,false,false,Mon Sep 22 2025 14:02:23 GMT+0000 (Coordinated Universal Time),Mon Sep 22 2025 14:02:23 GMT+0000 (Coordinated Universal Time),Mon Sep 22 2025 14:02:23 GMT+0000 (Coordinated Universal Time),Table de conversation Espagnole,147,Thu Oct 23 2025 08:00:00 GMT+0000 (Coordinated Universal Time),10:00,12:00,De Harmonie,,"Hola! Iedereen die wat Spaans wil oefenen is welkom. Gewoon door met elkaar te babbelen.
We leren van elkaar en op het gemak. Bienvenido !",Hola ! Tous ceux qui veulent pratiquer l'espagnol sont les bienvenus. Juste en discutant les uns avec les autres dans une atmosphère conviviale. Bienvenido !,,,donderdag,jeudi,oktober,octobre,Gepubliceerd,lezenschrijven.png
Conversatietafel Spaans,conversatietafel-spaans-141,6218bc292822d0fe3ce3347b,653ad4ede882f528b327d8f8,68d156fe5fd2971e91510b31,false,false,Mon Sep 22 2025 14:02:38 GMT+0000 (Coordinated Universal Time),Mon Sep 22 2025 14:02:38 GMT+0000 (Coordinated Universal Time),Mon Sep 22 2025 14:02:38 GMT+0000 (Coordinated Universal Time),Table de conversation Espagnole,147,Thu Oct 30 2025 09:00:00 GMT+0000 (Coordinated Universal Time),10:00,12:00,De Harmonie,,"Hola! Iedereen die wat Spaans wil oefenen is welkom. Gewoon door met elkaar te babbelen.
We leren van elkaar en op het gemak. Bienvenido !",Hola ! Tous ceux qui veulent pratiquer l'espagnol sont les bienvenus. Juste en discutant les uns avec les autres dans une atmosphère conviviale. Bienvenido !,,,donderdag,jeudi,oktober,octobre,Gepubliceerd,lezenschrijven.png
Conversatietafel Spaans,conversatietafel-spaans-142,6218bc292822d0fe3ce3347b,653ad4ede882f528b327d8f8,68f75746afabd2e5659d4fc9,false,false,Tue Oct 21 2025 09:49:58 GMT+0000 (Coordinated Universal Time),Tue Oct 21 2025 09:49:58 GMT+0000 (Coordinated Universal Time),Tue Oct 21 2025 09:49:58 GMT+0000 (Coordinated Universal Time),Table de conversation Espagnole,147,Thu Nov 06 2025 09:00:00 GMT+0000 (Coordinated Universal Time),10:00,12:00,De Harmonie,,"Hola! Iedereen die wat Spaans wil oefenen is welkom. Gewoon door met elkaar te babbelen.
We leren van elkaar en op het gemak. Bienvenido !",Hola ! Tous ceux qui veulent pratiquer l'espagnol sont les bienvenus. Juste en discutant les uns avec les autres dans une atmosphère conviviale. Bienvenido !,,,donderdag,jeudi,november,novembre,Gepubliceerd,lezenschrijven.png
Conversatietafel Spaans,conversatietafel-spaans-143,6218bc292822d0fe3ce3347b,653ad4ede882f528b327d8f8,68f75755d29b04e66f511a78,false,false,Tue Oct 21 2025 09:50:13 GMT+0000 (Coordinated Universal Time),Tue Oct 21 2025 09:50:13 GMT+0000 (Coordinated Universal Time),Tue Oct 21 2025 09:50:13 GMT+0000 (Coordinated Universal Time),Table de conversation Espagnole,147,Thu Nov 13 2025 09:00:00 GMT+0000 (Coordinated Universal Time),10:00,12:00,De Harmonie,,"Hola! Iedereen die wat Spaans wil oefenen is welkom. Gewoon door met elkaar te babbelen.
We leren van elkaar en op het gemak. Bienvenido !",Hola ! Tous ceux qui veulent pratiquer l'espagnol sont les bienvenus. Juste en discutant les uns avec les autres dans une atmosphère conviviale. Bienvenido !,,,donderdag,jeudi,november,novembre,Gepubliceerd,lezenschrijven.png
Conversatietafel Spaans,conversatietafel-spaans-144,6218bc292822d0fe3ce3347b,653ad4ede882f528b327d8f8,68f7576417977ac2b651c43f,false,false,Tue Oct 21 2025 09:50:28 GMT+0000 (Coordinated Universal Time),Tue Oct 21 2025 09:50:28 GMT+0000 (Coordinated Universal Time),Tue Oct 21 2025 09:50:28 GMT+0000 (Coordinated Universal Time),Table de conversation Espagnole,147,Thu Nov 20 2025 09:00:00 GMT+0000 (Coordinated Universal Time),10:00,12:00,De Harmonie,,"Hola! Iedereen die wat Spaans wil oefenen is welkom. Gewoon door met elkaar te babbelen.
We leren van elkaar en op het gemak. Bienvenido !",Hola ! Tous ceux qui veulent pratiquer l'espagnol sont les bienvenus. Juste en discutant les uns avec les autres dans une atmosphère conviviale. Bienvenido !,,,donderdag,jeudi,november,novembre,Gepubliceerd,lezenschrijven.png
Conversatietafel Spaans,conversatietafel-spaans-145,6218bc292822d0fe3ce3347b,653ad4ede882f528b327d8f8,68f75778629eb9818918c108,false,false,Tue Oct 21 2025 09:50:48 GMT+0000 (Coordinated Universal Time),Tue Oct 21 2025 09:50:48 GMT+0000 (Coordinated Universal Time),Tue Oct 21 2025 09:50:48 GMT+0000 (Coordinated Universal Time),Table de conversation Espagnole,147,Thu Nov 27 2025 09:00:00 GMT+0000 (Coordinated Universal Time),10:00,12:00,De Harmonie,,"Hola! Iedereen die wat Spaans wil oefenen is welkom. Gewoon door met elkaar te babbelen.
We leren van elkaar en op het gemak. Bienvenido !",Hola ! Tous ceux qui veulent pratiquer l'espagnol sont les bienvenus. Juste en discutant les uns avec les autres dans une atmosphère conviviale. Bienvenido !,,,donderdag,jeudi,november,novembre,Gepubliceerd,lezenschrijven.png
🚩 Conversatietafel Spaans 🚩,conversatietafel-spaans-146,6218bc292822d0fe3ce3347b,653ad4ede882f528b327d8f8,692dab2eff7777eebc5865dd,false,false,Mon Dec 01 2025 14:50:22 GMT+0000 (Coordinated Universal Time),Tue Dec 02 2025 14:30:46 GMT+0000 (Coordinated Universal Time),Tue Dec 02 2025 14:30:46 GMT+0000 (Coordinated Universal Time),🚩 Table de conversation Espagnole 🚩,147,Thu Dec 04 2025 09:00:00 GMT+0000 (Coordinated Universal Time),10:00,12:00,De Harmonie,,"Hola! Iedereen die wat Spaans wil oefenen is welkom. Gewoon door met elkaar te babbelen.
We leren van elkaar en op het gemak. Bienvenido !",Hola ! Tous ceux qui veulent pratiquer l'espagnol sont les bienvenus. Juste en discutant les uns avec les autres dans une atmosphère conviviale. Bienvenido !,,,donderdag,jeudi,december,decembre,Gepubliceerd,lezenschrijven.png
🚩 Conversatietafel Spaans 🚩,conversatietafel-spaans-147,6218bc292822d0fe3ce3347b,653ad4ede882f528b327d8f8,692dab563fdb6a8e2a8cc7db,false,false,Mon Dec 01 2025 14:51:02 GMT+0000 (Coordinated Universal Time),Tue Dec 02 2025 14:31:05 GMT+0000 (Coordinated Universal Time),Tue Dec 02 2025 14:31:05 GMT+0000 (Coordinated Universal Time),🚩 Table de conversation Espagnole 🚩,147,Thu Dec 11 2025 09:00:00 GMT+0000 (Coordinated Universal Time),10:00,12:00,De Harmonie,,"Hola! Iedereen die wat Spaans wil oefenen is welkom. Gewoon door met elkaar te babbelen.
We leren van elkaar en op het gemak. Bienvenido !",Hola ! Tous ceux qui veulent pratiquer l'espagnol sont les bienvenus. Juste en discutant les uns avec les autres dans une atmosphère conviviale. Bienvenido !,,,donderdag,jeudi,december,decembre,Gepubliceerd,lezenschrijven.png
🚩 Conversatietafel Spaans 🚩,conversatietafel-spaans-148,6218bc292822d0fe3ce3347b,653ad4ede882f528b327d8f8,692dab6aecbbf6a3ea34adb0,false,false,Mon Dec 01 2025 14:51:22 GMT+0000 (Coordinated Universal Time),Tue Dec 02 2025 14:31:21 GMT+0000 (Coordinated Universal Time),Tue Dec 02 2025 14:31:21 GMT+0000 (Coordinated Universal Time),🚩 Table de conversation Espagnole 🚩,147,Thu Dec 18 2025 09:00:00 GMT+0000 (Coordinated Universal Time),10:00,12:00,De Harmonie,,"Hola! Iedereen die wat Spaans wil oefenen is welkom. Gewoon door met elkaar te babbelen.
We leren van elkaar en op het gemak. Bienvenido !",Hola ! Tous ceux qui veulent pratiquer l'espagnol sont les bienvenus. Juste en discutant les uns avec les autres dans une atmosphère conviviale. Bienvenido !,,,donderdag,jeudi,december,decembre,Gepubliceerd,lezenschrijven.png
🚩 Conversatietafel Spaans 🚩 Copy,conversatietafel-spaans-148-copy,6218bc292822d0fe3ce3347b,653ad4ede882f528b327d8f8,695d1cced3176034d46f09d3,false,false,Tue Jan 06 2026 14:31:42 GMT+0000 (Coordinated Universal Time),Wed Jan 07 2026 10:27:39 GMT+0000 (Coordinated Universal Time),Mon Mar 09 2026 10:43:46 GMT+0000 (Coordinated Universal Time),🚩 Table de conversation Espagnole 🚩,147,Thu Jan 08 2026 09:00:00 GMT+0000 (Coordinated Universal Time),10:00,12:00,De Harmonie,,"Hola! Iedereen die wat Spaans wil oefenen is welkom. Gewoon door met elkaar te babbelen.
We leren van elkaar en op het gemak. Bienvenido !",Hola ! Tous ceux qui veulent pratiquer l'espagnol sont les bienvenus. Juste en discutant les uns avec les autres dans une atmosphère conviviale. Bienvenido !,,,donderdag,jeudi,januari,janvier,Gepubliceerd,lezenschrijven.png
🚩 Conversatietafel Spaans 🚩 Copy 2,conversatietafel-spaans-148-copy-2,6218bc292822d0fe3ce3347b,653ad4ede882f528b327d8f8,695d1cded3176034d46f15fa,false,false,Tue Jan 06 2026 14:31:58 GMT+0000 (Coordinated Universal Time),Wed Jan 07 2026 10:27:33 GMT+0000 (Coordinated Universal Time),Mon Mar 09 2026 10:43:46 GMT+0000 (Coordinated Universal Time),🚩 Table de conversation Espagnole 🚩,147,Thu Jan 15 2026 09:00:00 GMT+0000 (Coordinated Universal Time),10:00,12:00,De Harmonie,,"Hola! Iedereen die wat Spaans wil oefenen is welkom. Gewoon door met elkaar te babbelen.
We leren van elkaar en op het gemak. Bienvenido !",Hola ! Tous ceux qui veulent pratiquer l'espagnol sont les bienvenus. Juste en discutant les uns avec les autres dans une atmosphère conviviale. Bienvenido !,,,donderdag,jeudi,januari,janvier,Gepubliceerd,lezenschrijven.png
🚩 Conversatietafel Spaans 🚩 Copy 3,conversatietafel-spaans-148-copy-3,6218bc292822d0fe3ce3347b,653ad4ede882f528b327d8f8,695d1cf2325856f43edb492e,false,false,Tue Jan 06 2026 14:32:18 GMT+0000 (Coordinated Universal Time),Wed Jan 07 2026 10:27:26 GMT+0000 (Coordinated Universal Time),Mon Mar 09 2026 10:43:46 GMT+0000 (Coordinated Universal Time),🚩 Table de conversation Espagnole 🚩,147,Thu Jan 22 2026 09:00:00 GMT+0000 (Coordinated Universal Time),10:00,12:00,De Harmonie,,"Hola! Iedereen die wat Spaans wil oefenen is welkom. Gewoon door met elkaar te babbelen.
We leren van elkaar en op het gemak. Bienvenido !",Hola ! Tous ceux qui veulent pratiquer l'espagnol sont les bienvenus. Juste en discutant les uns avec les autres dans une atmosphère conviviale. Bienvenido !,,,donderdag,jeudi,januari,janvier,Gepubliceerd,lezenschrijven.png
🚩 Conversatietafel Spaans 🚩 Copy 4,conversatietafel-spaans-148-copy-4,6218bc292822d0fe3ce3347b,653ad4ede882f528b327d8f8,695d1d04325856f43edb58b4,false,false,Tue Jan 06 2026 14:32:36 GMT+0000 (Coordinated Universal Time),Wed Jan 07 2026 10:27:20 GMT+0000 (Coordinated Universal Time),Mon Mar 09 2026 10:43:46 GMT+0000 (Coordinated Universal Time),🚩 Table de conversation Espagnole 🚩,147,Thu Jan 29 2026 09:00:00 GMT+0000 (Coordinated Universal Time),10:00,12:00,De Harmonie,,"Hola! Iedereen die wat Spaans wil oefenen is welkom. Gewoon door met elkaar te babbelen.
We leren van elkaar en op het gemak. Bienvenido !",Hola ! Tous ceux qui veulent pratiquer l'espagnol sont les bienvenus. Juste en discutant les uns avec les autres dans une atmosphère conviviale. Bienvenido !,,,donderdag,jeudi,januari,janvier,Gepubliceerd,lezenschrijven.png
🚩 Conversatietafel Spaans 🚩 ,conversatietafel-spaans-149,6218bc292822d0fe3ce3347b,653ad4ede882f528b327d8f8,6980c034c94ec758faffed50,false,false,Mon Feb 02 2026 15:18:12 GMT+0000 (Coordinated Universal Time),Mon Feb 02 2026 15:18:12 GMT+0000 (Coordinated Universal Time),Mon Feb 02 2026 15:18:12 GMT+0000 (Coordinated Universal Time),🚩 Table de conversation Espagnole 🚩,147,Thu Feb 05 2026 09:00:00 GMT+0000 (Coordinated Universal Time),10:00,12:00,De Harmonie,,"Hola! Iedereen die wat Spaans wil oefenen is welkom. Gewoon door met elkaar te babbelen.
We leren van elkaar en op het gemak. Bienvenido !",Hola ! Tous ceux qui veulent pratiquer l'espagnol sont les bienvenus. Juste en discutant les uns avec les autres dans une atmosphère conviviale. Bienvenido !,,,donderdag,jeudi,februari,fevrier,Gepubliceerd,lezenschrijven.png
🚩 Conversatietafel Spaans 🚩  ,conversatietafel-spaans-150,6218bc292822d0fe3ce3347b,653ad4ede882f528b327d8f8,6980c0566a89ff01b2433f37,false,false,Mon Feb 02 2026 15:18:46 GMT+0000 (Coordinated Universal Time),Mon Feb 02 2026 15:18:46 GMT+0000 (Coordinated Universal Time),Mon Feb 02 2026 15:18:46 GMT+0000 (Coordinated Universal Time),🚩 Table de conversation Espagnole 🚩,147,Thu Feb 12 2026 09:00:00 GMT+0000 (Coordinated Universal Time),10:00,12:00,De Harmonie,,"Hola! Iedereen die wat Spaans wil oefenen is welkom. Gewoon door met elkaar te babbelen.
We leren van elkaar en op het gemak. Bienvenido !",Hola ! Tous ceux qui veulent pratiquer l'espagnol sont les bienvenus. Juste en discutant les uns avec les autres dans une atmosphère conviviale. Bienvenido !,,,donderdag,jeudi,februari,fevrier,Gepubliceerd,lezenschrijven.png
🚩 Conversatietafel Spaans 🚩   ,conversatietafel-spaans-151,6218bc292822d0fe3ce3347b,653ad4ede882f528b327d8f8,6980c06b9706508e6d3f3efa,false,false,Mon Feb 02 2026 15:19:07 GMT+0000 (Coordinated Universal Time),Mon Feb 02 2026 15:19:07 GMT+0000 (Coordinated Universal Time),Mon Feb 02 2026 15:19:07 GMT+0000 (Coordinated Universal Time),🚩 Table de conversation Espagnole 🚩,147,Thu Feb 19 2026 09:00:00 GMT+0000 (Coordinated Universal Time),10:00,12:00,De Harmonie,,"Hola! Iedereen die wat Spaans wil oefenen is welkom. Gewoon door met elkaar te babbelen.
We leren van elkaar en op het gemak. Bienvenido !",Hola ! Tous ceux qui veulent pratiquer l'espagnol sont les bienvenus. Juste en discutant les uns avec les autres dans une atmosphère conviviale. Bienvenido !,,,donderdag,jeudi,februari,fevrier,Gepubliceerd,lezenschrijven.png
🚩 Conversatietafel Spaans 🚩    ,conversatietafel-spaans-152,6218bc292822d0fe3ce3347b,653ad4ede882f528b327d8f8,6980c08732555bede1416388,false,false,Mon Feb 02 2026 15:19:35 GMT+0000 (Coordinated Universal Time),Mon Feb 02 2026 15:19:35 GMT+0000 (Coordinated Universal Time),Mon Feb 02 2026 15:19:35 GMT+0000 (Coordinated Universal Time),🚩 Table de conversation Espagnole 🚩,147,Thu Feb 26 2026 09:00:00 GMT+0000 (Coordinated Universal Time),10:00,12:00,De Harmonie,,"Hola! Iedereen die wat Spaans wil oefenen is welkom. Gewoon door met elkaar te babbelen.
We leren van elkaar en op het gemak. Bienvenido !",Hola ! Tous ceux qui veulent pratiquer l'espagnol sont les bienvenus. Juste en discutant les uns avec les autres dans une atmosphère conviviale. Bienvenido !,,,donderdag,jeudi,februari,fevrier,Gepubliceerd,lezenschrijven.png
🚩 Conversatietafel Spaans 🚩  ,conversatietafel-spaans-153,6218bc292822d0fe3ce3347b,653ad4ede882f528b327d8f8,699eed3cb87569337211cdd1,false,false,Wed Feb 25 2026 12:38:20 GMT+0000 (Coordinated Universal Time),Wed Feb 25 2026 12:38:20 GMT+0000 (Coordinated Universal Time),Wed Feb 25 2026 12:38:20 GMT+0000 (Coordinated Universal Time),🚩 Table de conversation Espagnole 🚩,147,Thu Mar 05 2026 09:00:00 GMT+0000 (Coordinated Universal Time),10:00,12:00,De Harmonie,,"Hola! Iedereen die wat Spaans wil oefenen is welkom. Gewoon door met elkaar te babbelen.
We leren van elkaar en op het gemak. Bienvenido !",Hola ! Tous ceux qui veulent pratiquer l'espagnol sont les bienvenus. Juste en discutant les uns avec les autres dans une atmosphère conviviale. Bienvenido !,,,donderdag,jeudi,maart,mars,Gepubliceerd,lezenschrijven.png
🚩 Conversatietafel Spaans 🚩   ,conversatietafel-spaans-154,6218bc292822d0fe3ce3347b,653ad4ede882f528b327d8f8,699eed5536d2ca0ffdbfbc0d,false,false,Wed Feb 25 2026 12:38:45 GMT+0000 (Coordinated Universal Time),Wed Feb 25 2026 12:38:45 GMT+0000 (Coordinated Universal Time),Wed Feb 25 2026 12:38:45 GMT+0000 (Coordinated Universal Time),🚩 Table de conversation Espagnole 🚩,147,Thu Mar 12 2026 09:00:00 GMT+0000 (Coordinated Universal Time),10:00,12:00,De Harmonie,,"Hola! Iedereen die wat Spaans wil oefenen is welkom. Gewoon door met elkaar te babbelen.
We leren van elkaar en op het gemak. Bienvenido !",Hola ! Tous ceux qui veulent pratiquer l'espagnol sont les bienvenus. Juste en discutant les uns avec les autres dans une atmosphère conviviale. Bienvenido !,,,donderdag,jeudi,maart,mars,Gepubliceerd,lezenschrijven.png
🚩 Conversatietafel Spaans 🚩    ,conversatietafel-spaans-155,6218bc292822d0fe3ce3347b,653ad4ede882f528b327d8f8,699eed6be5f93be36f66f4d8,false,false,Wed Feb 25 2026 12:39:07 GMT+0000 (Coordinated Universal Time),Wed Feb 25 2026 12:39:07 GMT+0000 (Coordinated Universal Time),Wed Feb 25 2026 12:39:07 GMT+0000 (Coordinated Universal Time),🚩 Table de conversation Espagnole 🚩,147,Thu Mar 19 2026 09:00:00 GMT+0000 (Coordinated Universal Time),10:00,12:00,De Harmonie,,"Hola! Iedereen die wat Spaans wil oefenen is welkom. Gewoon door met elkaar te babbelen.
We leren van elkaar en op het gemak. Bienvenido !",Hola ! Tous ceux qui veulent pratiquer l'espagnol sont les bienvenus. Juste en discutant les uns avec les autres dans une atmosphère conviviale. Bienvenido !,,,donderdag,jeudi,maart,mars,Gepubliceerd,lezenschrijven.png
🚩 Conversatietafel Spaans 🚩     ,conversatietafel-spaans-156,6218bc292822d0fe3ce3347b,653ad4ede882f528b327d8f8,699eed87e5f93be36f66f9ea,false,false,Wed Feb 25 2026 12:39:35 GMT+0000 (Coordinated Universal Time),Wed Feb 25 2026 12:39:35 GMT+0000 (Coordinated Universal Time),Wed Feb 25 2026 12:39:35 GMT+0000 (Coordinated Universal Time),🚩 Table de conversation Espagnole 🚩,147,Thu Mar 26 2026 09:00:00 GMT+0000 (Coordinated Universal Time),10:00,12:00,De Harmonie,,"Hola! Iedereen die wat Spaans wil oefenen is welkom. Gewoon door met elkaar te babbelen.
We leren van elkaar en op het gemak. Bienvenido !",Hola ! Tous ceux qui veulent pratiquer l'espagnol sont les bienvenus. Juste en discutant les uns avec les autres dans une atmosphère conviviale. Bienvenido !,,,donderdag,jeudi,maart,mars,Gepubliceerd,lezenschrijven.png
🚩 Conversatietafel Spaans 🚩,conversatietafel-spaans-157,6218bc292822d0fe3ce3347b,653ad4ede882f528b327d8f8,69c1145cd93bfb14924c7ade,false,false,Mon Mar 23 2026 10:22:20 GMT+0000 (Coordinated Universal Time),Mon Mar 23 2026 10:22:20 GMT+0000 (Coordinated Universal Time),Mon Mar 23 2026 10:22:20 GMT+0000 (Coordinated Universal Time),🚩 Table de conversation Espagnole 🚩,147,Thu Apr 02 2026 08:00:00 GMT+0000 (Coordinated Universal Time),10:00,12:00,De Harmonie,,"Hola! Iedereen die wat Spaans wil oefenen is welkom. Gewoon door met elkaar te babbelen.
We leren van elkaar en op het gemak. Bienvenido !",Hola ! Tous ceux qui veulent pratiquer l'espagnol sont les bienvenus. Juste en discutant les uns avec les autres dans une atmosphère conviviale. Bienvenido !,,,donderdag,jeudi,april,avril,Gepubliceerd,lezenschrijven.png
🚩 Conversatietafel Spaans 🚩,conversatietafel-spaans-158,6218bc292822d0fe3ce3347b,653ad4ede882f528b327d8f8,69c1146c377f1fac03ac66f7,false,false,Mon Mar 23 2026 10:22:36 GMT+0000 (Coordinated Universal Time),Mon Mar 23 2026 10:22:36 GMT+0000 (Coordinated Universal Time),Mon Mar 23 2026 10:22:36 GMT+0000 (Coordinated Universal Time),🚩 Table de conversation Espagnole 🚩,147,Thu Apr 09 2026 08:00:00 GMT+0000 (Coordinated Universal Time),10:00,12:00,De Harmonie,,"Hola! Iedereen die wat Spaans wil oefenen is welkom. Gewoon door met elkaar te babbelen.
We leren van elkaar en op het gemak. Bienvenido !",Hola ! Tous ceux qui veulent pratiquer l'espagnol sont les bienvenus. Juste en discutant les uns avec les autres dans une atmosphère conviviale. Bienvenido !,,,donderdag,jeudi,april,avril,Gepubliceerd,lezenschrijven.png
🚩 Conversatietafel Spaans 🚩,conversatietafel-spaans-159,6218bc292822d0fe3ce3347b,653ad4ede882f528b327d8f8,69c11479377f1fac03ac6c42,false,false,Mon Mar 23 2026 10:22:49 GMT+0000 (Coordinated Universal Time),Mon Mar 23 2026 10:22:49 GMT+0000 (Coordinated Universal Time),Mon Mar 23 2026 10:22:49 GMT+0000 (Coordinated Universal Time),🚩 Table de conversation Espagnole 🚩,147,Thu Apr 16 2026 08:00:00 GMT+0000 (Coordinated Universal Time),10:00,12:00,De Harmonie,,"Hola! Iedereen die wat Spaans wil oefenen is welkom. Gewoon door met elkaar te babbelen.
We leren van elkaar en op het gemak. Bienvenido !",Hola ! Tous ceux qui veulent pratiquer l'espagnol sont les bienvenus. Juste en discutant les uns avec les autres dans une atmosphère conviviale. Bienvenido !,,,donderdag,jeudi,april,avril,Gepubliceerd,lezenschrijven.png
🚩 Conversatietafel Spaans 🚩,conversatietafel-spaans-160,6218bc292822d0fe3ce3347b,653ad4ede882f528b327d8f8,69c114862c6c20f125fd0daa,false,false,Mon Mar 23 2026 10:23:02 GMT+0000 (Coordinated Universal Time),Mon Mar 23 2026 10:23:02 GMT+0000 (Coordinated Universal Time),Mon Mar 23 2026 10:23:02 GMT+0000 (Coordinated Universal Time),🚩 Table de conversation Espagnole 🚩,147,Thu Apr 23 2026 08:00:00 GMT+0000 (Coordinated Universal Time),10:00,12:00,De Harmonie,,"Hola! Iedereen die wat Spaans wil oefenen is welkom. Gewoon door met elkaar te babbelen.
We leren van elkaar en op het gemak. Bienvenido !",Hola ! Tous ceux qui veulent pratiquer l'espagnol sont les bienvenus. Juste en discutant les uns avec les autres dans une atmosphère conviviale. Bienvenido !,,,donderdag,jeudi,april,avril,Gepubliceerd,lezenschrijven.png
🚩 Conversatietafel Spaans 🚩,conversatietafel-spaans-161,6218bc292822d0fe3ce3347b,653ad4ede882f528b327d8f8,69c114945c02f372335fb32b,false,false,Mon Mar 23 2026 10:23:16 GMT+0000 (Coordinated Universal Time),Mon Mar 23 2026 10:23:16 GMT+0000 (Coordinated Universal Time),Mon Mar 23 2026 10:23:16 GMT+0000 (Coordinated Universal Time),🚩 Table de conversation Espagnole 🚩,147,Thu Apr 30 2026 08:00:00 GMT+0000 (Coordinated Universal Time),10:00,12:00,De Harmonie,,"Hola! Iedereen die wat Spaans wil oefenen is welkom. Gewoon door met elkaar te babbelen.
We leren van elkaar en op het gemak. Bienvenido !",Hola ! Tous ceux qui veulent pratiquer l'espagnol sont les bienvenus. Juste en discutant les uns avec les autres dans une atmosphère conviviale. Bienvenido !,,,donderdag,jeudi,april,avril,Gepubliceerd,lezenschrijven.png
Country Line Dance ,country-line-dance-129,6218bc292822d0fe3ce3347b,653ad4ede882f528b327d8f8,68790e405f53056ab4175b36,false,false,Thu Jul 17 2025 14:52:48 GMT+0000 (Coordinated Universal Time),Thu Jul 17 2025 14:52:48 GMT+0000 (Coordinated Universal Time),Thu Jul 17 2025 14:52:48 GMT+0000 (Coordinated Universal Time),Country Dance en Ligne,103,Thu Aug 14 2025 12:00:00 GMT+0000 (Coordinated Universal Time),14:00,16:00,De Harmonie,2,"Country Line Dance is een mengeling van allerlei muzieksoorten en dansen, afkomstig uit het Wilde Westen. Jules leert je de benen strekken zoals nog nooit tevoren.","Country Dance en ligne est un mélange de toutes sortes de musiques et de danses, originaire du Far West. Jules vous apprend à vous dégourdir les jambes comme jamais auparavant.",,,donderdag,jeudi,augustus,août,Gepubliceerd,
Country Line Dance  ,country-line-dance-130,6218bc292822d0fe3ce3347b,653ad4ede882f528b327d8f8,68790e569dc1108bd154d8d2,false,false,Thu Jul 17 2025 14:53:10 GMT+0000 (Coordinated Universal Time),Thu Jul 17 2025 14:53:10 GMT+0000 (Coordinated Universal Time),Thu Jul 17 2025 14:53:10 GMT+0000 (Coordinated Universal Time),Country Dance en Ligne,103,Thu Aug 21 2025 12:00:00 GMT+0000 (Coordinated Universal Time),14:00,16:00,De Harmonie,2,"Country Line Dance is een mengeling van allerlei muzieksoorten en dansen, afkomstig uit het Wilde Westen. Jules leert je de benen strekken zoals nog nooit tevoren.","Country Dance en ligne est un mélange de toutes sortes de musiques et de danses, originaire du Far West. Jules vous apprend à vous dégourdir les jambes comme jamais auparavant.",,,donderdag,jeudi,augustus,août,Gepubliceerd,
Country Line Dance   ,country-line-dance-131,6218bc292822d0fe3ce3347b,653ad4ede882f528b327d8f8,68790e71cc7fd889e47c6ec8,false,false,Thu Jul 17 2025 14:53:37 GMT+0000 (Coordinated Universal Time),Thu Jul 17 2025 14:53:37 GMT+0000 (Coordinated Universal Time),Thu Jul 17 2025 14:53:37 GMT+0000 (Coordinated Universal Time),Country Dance en Ligne,103,Thu Aug 28 2025 12:00:00 GMT+0000 (Coordinated Universal Time),14:00,16:00,De Harmonie,2,"Country Line Dance is een mengeling van allerlei muzieksoorten en dansen, afkomstig uit het Wilde Westen. Jules leert je de benen strekken zoals nog nooit tevoren.","Country Dance en ligne est un mélange de toutes sortes de musiques et de danses, originaire du Far West. Jules vous apprend à vous dégourdir les jambes comme jamais auparavant.",,,donderdag,jeudi,augustus,août,Gepubliceerd,
Country Line Dance    ,country-line-dance-132,6218bc292822d0fe3ce3347b,653ad4ede882f528b327d8f8,68a328d78dbac9657d8c6588,false,false,Mon Aug 18 2025 13:21:27 GMT+0000 (Coordinated Universal Time),Mon Aug 18 2025 13:21:27 GMT+0000 (Coordinated Universal Time),Mon Aug 18 2025 13:21:27 GMT+0000 (Coordinated Universal Time),Country Dance en Ligne,103,Thu Sep 04 2025 12:00:00 GMT+0000 (Coordinated Universal Time),14:00,16:00,De Harmonie,2,"Country Line Dance is een mengeling van allerlei muzieksoorten en dansen, afkomstig uit het Wilde Westen. Jules leert je de benen strekken zoals nog nooit tevoren.","Country Dance en ligne est un mélange de toutes sortes de musiques et de danses, originaire du Far West. Jules vous apprend à vous dégourdir les jambes comme jamais auparavant.",,,donderdag,jeudi,september,septembre,Gepubliceerd,
Country Line Dance     ,country-line-dance-133,6218bc292822d0fe3ce3347b,653ad4ede882f528b327d8f8,68a32911e29c5421d96b3e39,false,false,Mon Aug 18 2025 13:22:25 GMT+0000 (Coordinated Universal Time),Mon Aug 18 2025 13:22:25 GMT+0000 (Coordinated Universal Time),Mon Aug 18 2025 13:22:25 GMT+0000 (Coordinated Universal Time),Country Dance en Ligne,103,Thu Sep 11 2025 12:00:00 GMT+0000 (Coordinated Universal Time),14:00,16:00,De Harmonie,2,"Country Line Dance is een mengeling van allerlei muzieksoorten en dansen, afkomstig uit het Wilde Westen. Jules leert je de benen strekken zoals nog nooit tevoren.","Country Dance en ligne est un mélange de toutes sortes de musiques et de danses, originaire du Far West. Jules vous apprend à vous dégourdir les jambes comme jamais auparavant.",,,donderdag,jeudi,september,septembre,Gepubliceerd,
Country Line Dance      ,country-line-dance-134,6218bc292822d0fe3ce3347b,653ad4ede882f528b327d8f8,68a329273999476a23da6b3f,false,false,Mon Aug 18 2025 13:22:47 GMT+0000 (Coordinated Universal Time),Mon Aug 18 2025 13:22:47 GMT+0000 (Coordinated Universal Time),Mon Aug 18 2025 13:22:47 GMT+0000 (Coordinated Universal Time),Country Dance en Ligne,103,Thu Sep 18 2025 12:00:00 GMT+0000 (Coordinated Universal Time),14:00,16:00,De Harmonie,2,"Country Line Dance is een mengeling van allerlei muzieksoorten en dansen, afkomstig uit het Wilde Westen. Jules leert je de benen strekken zoals nog nooit tevoren.","Country Dance en ligne est un mélange de toutes sortes de musiques et de danses, originaire du Far West. Jules vous apprend à vous dégourdir les jambes comme jamais auparavant.",,,donderdag,jeudi,september,septembre,Gepubliceerd,
Country Line Dance       ,country-line-dance-135,6218bc292822d0fe3ce3347b,653ad4ede882f528b327d8f8,68a3293c6407d16350adc670,false,false,Mon Aug 18 2025 13:23:08 GMT+0000 (Coordinated Universal Time),Mon Aug 18 2025 13:23:08 GMT+0000 (Coordinated Universal Time),Mon Aug 18 2025 13:23:08 GMT+0000 (Coordinated Universal Time),Country Dance en Ligne,103,Thu Sep 25 2025 12:00:00 GMT+0000 (Coordinated Universal Time),14:00,16:00,De Harmonie,2,"Country Line Dance is een mengeling van allerlei muzieksoorten en dansen, afkomstig uit het Wilde Westen. Jules leert je de benen strekken zoals nog nooit tevoren.","Country Dance en ligne est un mélange de toutes sortes de musiques et de danses, originaire du Far West. Jules vous apprend à vous dégourdir les jambes comme jamais auparavant.",,,donderdag,jeudi,september,septembre,Gepubliceerd,
Country Line Dance,country-line-dance-136,6218bc292822d0fe3ce3347b,653ad4ede882f528b327d8f8,68d1581fb1929401b15ee8fb,false,false,Mon Sep 22 2025 14:07:27 GMT+0000 (Coordinated Universal Time),Mon Sep 22 2025 14:07:27 GMT+0000 (Coordinated Universal Time),Mon Sep 22 2025 14:07:27 GMT+0000 (Coordinated Universal Time),Country Dance en Ligne,103,Thu Oct 02 2025 12:00:00 GMT+0000 (Coordinated Universal Time),14:00,16:00,De Harmonie,2,"Country Line Dance is een mengeling van allerlei muzieksoorten en dansen, afkomstig uit het Wilde Westen. Jules leert je de benen strekken zoals nog nooit tevoren.","Country Dance en ligne est un mélange de toutes sortes de musiques et de danses, originaire du Far West. Jules vous apprend à vous dégourdir les jambes comme jamais auparavant.",,,donderdag,jeudi,oktober,octobre,Gepubliceerd,
Country Line Dance,country-line-dance-137,6218bc292822d0fe3ce3347b,653ad4ede882f528b327d8f8,68d1582fb1929401b15ef00b,false,false,Mon Sep 22 2025 14:07:43 GMT+0000 (Coordinated Universal Time),Mon Sep 22 2025 14:07:43 GMT+0000 (Coordinated Universal Time),Mon Sep 22 2025 14:07:43 GMT+0000 (Coordinated Universal Time),Country Dance en Ligne,103,Thu Oct 09 2025 12:00:00 GMT+0000 (Coordinated Universal Time),14:00,16:00,De Harmonie,2,"Country Line Dance is een mengeling van allerlei muzieksoorten en dansen, afkomstig uit het Wilde Westen. Jules leert je de benen strekken zoals nog nooit tevoren.","Country Dance en ligne est un mélange de toutes sortes de musiques et de danses, originaire du Far West. Jules vous apprend à vous dégourdir les jambes comme jamais auparavant.",,,donderdag,jeudi,oktober,octobre,Gepubliceerd,
Country Line Dance,country-line-dance-138,6218bc292822d0fe3ce3347b,653ad4ede882f528b327d8f8,68d1583d8970e2bacb55e3b6,false,false,Mon Sep 22 2025 14:07:57 GMT+0000 (Coordinated Universal Time),Mon Sep 22 2025 14:07:57 GMT+0000 (Coordinated Universal Time),Mon Sep 22 2025 14:07:57 GMT+0000 (Coordinated Universal Time),Country Dance en Ligne,103,Thu Oct 16 2025 12:00:00 GMT+0000 (Coordinated Universal Time),14:00,16:00,De Harmonie,2,"Country Line Dance is een mengeling van allerlei muzieksoorten en dansen, afkomstig uit het Wilde Westen. Jules leert je de benen strekken zoals nog nooit tevoren.","Country Dance en ligne est un mélange de toutes sortes de musiques et de danses, originaire du Far West. Jules vous apprend à vous dégourdir les jambes comme jamais auparavant.",,,donderdag,jeudi,oktober,octobre,Gepubliceerd,
Country Line Dance,country-line-dance-139,6218bc292822d0fe3ce3347b,653ad4ede882f528b327d8f8,68d1584b4d6fe18b968e0f9e,false,false,Mon Sep 22 2025 14:08:11 GMT+0000 (Coordinated Universal Time),Mon Sep 22 2025 14:08:11 GMT+0000 (Coordinated Universal Time),Mon Sep 22 2025 14:08:11 GMT+0000 (Coordinated Universal Time),Country Dance en Ligne,103,Thu Oct 23 2025 12:00:00 GMT+0000 (Coordinated Universal Time),14:00,16:00,De Harmonie,2,"Country Line Dance is een mengeling van allerlei muzieksoorten en dansen, afkomstig uit het Wilde Westen. Jules leert je de benen strekken zoals nog nooit tevoren.","Country Dance en ligne est un mélange de toutes sortes de musiques et de danses, originaire du Far West. Jules vous apprend à vous dégourdir les jambes comme jamais auparavant.",,,donderdag,jeudi,oktober,octobre,Gepubliceerd,
Country Line Dance,country-line-dance-140,6218bc292822d0fe3ce3347b,653ad4ede882f528b327d8f8,68d1585bffc9e961d2f881db,false,false,Mon Sep 22 2025 14:08:27 GMT+0000 (Coordinated Universal Time),Mon Sep 22 2025 14:08:27 GMT+0000 (Coordinated Universal Time),Mon Sep 22 2025 14:08:27 GMT+0000 (Coordinated Universal Time),Country Dance en Ligne,103,Thu Oct 30 2025 13:00:00 GMT+0000 (Coordinated Universal Time),14:00,16:00,De Harmonie,2,"Country Line Dance is een mengeling van allerlei muzieksoorten en dansen, afkomstig uit het Wilde Westen. Jules leert je de benen strekken zoals nog nooit tevoren.","Country Dance en ligne est un mélange de toutes sortes de musiques et de danses, originaire du Far West. Jules vous apprend à vous dégourdir les jambes comme jamais auparavant.",,,donderdag,jeudi,oktober,octobre,Gepubliceerd,
Country Line Dance,country-line-dance-141,6218bc292822d0fe3ce3347b,653ad4ede882f528b327d8f8,68f7581172b5160786733333,false,false,Tue Oct 21 2025 09:53:21 GMT+0000 (Coordinated Universal Time),Tue Oct 21 2025 09:53:21 GMT+0000 (Coordinated Universal Time),Tue Oct 21 2025 09:53:21 GMT+0000 (Coordinated Universal Time),Country Dance en Ligne,103,Thu Nov 06 2025 13:00:00 GMT+0000 (Coordinated Universal Time),14:00,16:00,De Harmonie,2,"Country Line Dance is een mengeling van allerlei muzieksoorten en dansen, afkomstig uit het Wilde Westen. Jules leert je de benen strekken zoals nog nooit tevoren.","Country Dance en ligne est un mélange de toutes sortes de musiques et de danses, originaire du Far West. Jules vous apprend à vous dégourdir les jambes comme jamais auparavant.",,,donderdag,jeudi,november,novembre,Gepubliceerd,
Country Line Dance,country-line-dance-142,6218bc292822d0fe3ce3347b,653ad4ede882f528b327d8f8,68f75825be34fb0e2d91d228,false,false,Tue Oct 21 2025 09:53:41 GMT+0000 (Coordinated Universal Time),Tue Oct 21 2025 09:53:41 GMT+0000 (Coordinated Universal Time),Tue Oct 21 2025 09:53:41 GMT+0000 (Coordinated Universal Time),Country Dance en Ligne,103,Thu Nov 13 2025 13:00:00 GMT+0000 (Coordinated Universal Time),14:00,16:00,De Harmonie,2,"Country Line Dance is een mengeling van allerlei muzieksoorten en dansen, afkomstig uit het Wilde Westen. Jules leert je de benen strekken zoals nog nooit tevoren.","Country Dance en ligne est un mélange de toutes sortes de musiques et de danses, originaire du Far West. Jules vous apprend à vous dégourdir les jambes comme jamais auparavant.",,,donderdag,jeudi,november,novembre,Gepubliceerd,
Country Line Dance,country-line-dance-143,6218bc292822d0fe3ce3347b,653ad4ede882f528b327d8f8,68f758331f03a9c417f08cd5,false,false,Tue Oct 21 2025 09:53:55 GMT+0000 (Coordinated Universal Time),Tue Oct 21 2025 09:53:55 GMT+0000 (Coordinated Universal Time),Tue Oct 21 2025 09:53:55 GMT+0000 (Coordinated Universal Time),Country Dance en Ligne,103,Thu Nov 20 2025 13:00:00 GMT+0000 (Coordinated Universal Time),14:00,16:00,De Harmonie,2,"Country Line Dance is een mengeling van allerlei muzieksoorten en dansen, afkomstig uit het Wilde Westen. Jules leert je de benen strekken zoals nog nooit tevoren.","Country Dance en ligne est un mélange de toutes sortes de musiques et de danses, originaire du Far West. Jules vous apprend à vous dégourdir les jambes comme jamais auparavant.",,,donderdag,jeudi,november,novembre,Gepubliceerd,
💃 Country Line Dance 🕺,country-line-dance-144,6218bc292822d0fe3ce3347b,653ad4ede882f528b327d8f8,692daced161ee9368056da18,false,false,Mon Dec 01 2025 14:57:49 GMT+0000 (Coordinated Universal Time),Tue Dec 02 2025 14:07:35 GMT+0000 (Coordinated Universal Time),Tue Dec 02 2025 14:07:35 GMT+0000 (Coordinated Universal Time),💃 Country Dance en Ligne 🕺,103,Thu Dec 04 2025 13:00:00 GMT+0000 (Coordinated Universal Time),14:00,16:00,De Harmonie,2,"Country Line Dance is een mengeling van allerlei muzieksoorten en dansen, afkomstig uit het Wilde Westen. Jules leert je de benen strekken zoals nog nooit tevoren.","Country Dance en ligne est un mélange de toutes sortes de musiques et de danses, originaire du Far West. Jules vous apprend à vous dégourdir les jambes comme jamais auparavant.",,,donderdag,jeudi,december,decembre,Gepubliceerd,
💃 Country Line Dance 🕺,country-line-dance-145,6218bc292822d0fe3ce3347b,653ad4ede882f528b327d8f8,692dad03ecbbf6a3ea352f03,false,false,Mon Dec 01 2025 14:58:11 GMT+0000 (Coordinated Universal Time),Tue Dec 02 2025 14:07:49 GMT+0000 (Coordinated Universal Time),Tue Dec 02 2025 14:07:49 GMT+0000 (Coordinated Universal Time),💃 Country Dance en Ligne 🕺,103,Thu Dec 11 2025 13:00:00 GMT+0000 (Coordinated Universal Time),14:00,16:00,De Harmonie,2,"Country Line Dance is een mengeling van allerlei muzieksoorten en dansen, afkomstig uit het Wilde Westen. Jules leert je de benen strekken zoals nog nooit tevoren.","Country Dance en ligne est un mélange de toutes sortes de musiques et de danses, originaire du Far West. Jules vous apprend à vous dégourdir les jambes comme jamais auparavant.",,,donderdag,jeudi,december,decembre,Gepubliceerd,
💃 Country Line Dance 🕺,country-line-dance-146,6218bc292822d0fe3ce3347b,653ad4ede882f528b327d8f8,692dad520b9832208b2ad160,false,false,Mon Dec 01 2025 14:59:30 GMT+0000 (Coordinated Universal Time),Tue Dec 02 2025 14:08:01 GMT+0000 (Coordinated Universal Time),Tue Dec 02 2025 14:08:01 GMT+0000 (Coordinated Universal Time),💃 Country Dance en Ligne 🕺,103,Thu Dec 18 2025 13:00:00 GMT+0000 (Coordinated Universal Time),14:00,16:00,De Harmonie,2,"Country Line Dance is een mengeling van allerlei muzieksoorten en dansen, afkomstig uit het Wilde Westen. Jules leert je de benen strekken zoals nog nooit tevoren.","Country Dance en ligne est un mélange de toutes sortes de musiques et de danses, originaire du Far West. Jules vous apprend à vous dégourdir les jambes comme jamais auparavant.",,,donderdag,jeudi,december,decembre,Gepubliceerd,
💃 Country Line Dance 🕺 Copy,country-line-dance-146-copy,6218bc292822d0fe3ce3347b,653ad4ede882f528b327d8f8,695d1d35325856f43edb7b37,false,false,Tue Jan 06 2026 14:33:25 GMT+0000 (Coordinated Universal Time),Wed Jan 07 2026 10:27:15 GMT+0000 (Coordinated Universal Time),Mon Mar 09 2026 10:43:46 GMT+0000 (Coordinated Universal Time),💃 Country Dance en Ligne 🕺,103,Thu Jan 08 2026 13:00:00 GMT+0000 (Coordinated Universal Time),14:00,16:00,De Harmonie,2,"Country Line Dance is een mengeling van allerlei muzieksoorten en dansen, afkomstig uit het Wilde Westen. Jules leert je de benen strekken zoals nog nooit tevoren.","Country Dance en ligne est un mélange de toutes sortes de musiques et de danses, originaire du Far West. Jules vous apprend à vous dégourdir les jambes comme jamais auparavant.",,,donderdag,jeudi,januari,janvier,Gepubliceerd,
💃 Country Line Dance 🕺 Copy 2,country-line-dance-146-copy-2,6218bc292822d0fe3ce3347b,653ad4ede882f528b327d8f8,695d1d4fac52e2885d4802e3,false,false,Tue Jan 06 2026 14:33:51 GMT+0000 (Coordinated Universal Time),Wed Jan 07 2026 10:27:07 GMT+0000 (Coordinated Universal Time),Mon Mar 09 2026 10:43:46 GMT+0000 (Coordinated Universal Time),💃 Country Dance en Ligne 🕺,103,Thu Jan 15 2026 13:00:00 GMT+0000 (Coordinated Universal Time),14:00,16:00,De Harmonie,2,"Country Line Dance is een mengeling van allerlei muzieksoorten en dansen, afkomstig uit het Wilde Westen. Jules leert je de benen strekken zoals nog nooit tevoren.","Country Dance en ligne est un mélange de toutes sortes de musiques et de danses, originaire du Far West. Jules vous apprend à vous dégourdir les jambes comme jamais auparavant.",,,donderdag,jeudi,januari,janvier,Gepubliceerd,
💃 Country Line Dance 🕺 Copy 3,country-line-dance-146-copy-3,6218bc292822d0fe3ce3347b,653ad4ede882f528b327d8f8,695d1d6ccdcb9ef8514846e6,false,false,Tue Jan 06 2026 14:34:20 GMT+0000 (Coordinated Universal Time),Wed Jan 07 2026 10:27:01 GMT+0000 (Coordinated Universal Time),Mon Mar 09 2026 10:43:46 GMT+0000 (Coordinated Universal Time),💃 Country Dance en Ligne 🕺,103,Thu Jan 22 2026 13:00:00 GMT+0000 (Coordinated Universal Time),14:00,16:00,De Harmonie,2,"Country Line Dance is een mengeling van allerlei muzieksoorten en dansen, afkomstig uit het Wilde Westen. Jules leert je de benen strekken zoals nog nooit tevoren.","Country Dance en ligne est un mélange de toutes sortes de musiques et de danses, originaire du Far West. Jules vous apprend à vous dégourdir les jambes comme jamais auparavant.",,,donderdag,jeudi,januari,janvier,Gepubliceerd,
💃 Country Line Dance 🕺 Copy 4,country-line-dance-146-copy-4,6218bc292822d0fe3ce3347b,653ad4ede882f528b327d8f8,695d1d7ee3ff7df8af934c27,false,false,Tue Jan 06 2026 14:34:38 GMT+0000 (Coordinated Universal Time),Wed Jan 07 2026 09:36:12 GMT+0000 (Coordinated Universal Time),Mon Mar 09 2026 10:43:46 GMT+0000 (Coordinated Universal Time),💃 Country Dance en Ligne 🕺,103,Thu Jan 29 2026 13:00:00 GMT+0000 (Coordinated Universal Time),14:00,16:00,De Harmonie,2,"Country Line Dance is een mengeling van allerlei muzieksoorten en dansen, afkomstig uit het Wilde Westen. Jules leert je de benen strekken zoals nog nooit tevoren.","Country Dance en ligne est un mélange de toutes sortes de musiques et de danses, originaire du Far West. Jules vous apprend à vous dégourdir les jambes comme jamais auparavant.",,,donderdag,jeudi,januari,janvier,Gepubliceerd,
💃 Country Line Dance 🕺,country-line-dance-147,6218bc292822d0fe3ce3347b,653ad4ede882f528b327d8f8,6980c0b797b47ae03ceef12c,false,false,Mon Feb 02 2026 15:20:23 GMT+0000 (Coordinated Universal Time),Mon Feb 02 2026 15:20:23 GMT+0000 (Coordinated Universal Time),Mon Feb 02 2026 15:20:23 GMT+0000 (Coordinated Universal Time),💃 Country Dance en Ligne 🕺,103,Thu Feb 05 2026 13:00:00 GMT+0000 (Coordinated Universal Time),14:00,16:00,De Harmonie,2,"Country Line Dance is een mengeling van allerlei muzieksoorten en dansen, afkomstig uit het Wilde Westen. Jules leert je de benen strekken zoals nog nooit tevoren.","Country Dance en ligne est un mélange de toutes sortes de musiques et de danses, originaire du Far West. Jules vous apprend à vous dégourdir les jambes comme jamais auparavant.",,,donderdag,jeudi,februari,fevrier,Gepubliceerd,
💃 Country Line Dance 🕺 ,country-line-dance-148,6218bc292822d0fe3ce3347b,653ad4ede882f528b327d8f8,6980c0c92e4b057f851fb9e6,false,false,Mon Feb 02 2026 15:20:41 GMT+0000 (Coordinated Universal Time),Mon Feb 02 2026 15:20:41 GMT+0000 (Coordinated Universal Time),Mon Feb 02 2026 15:20:41 GMT+0000 (Coordinated Universal Time),💃 Country Dance en Ligne 🕺,103,Thu Feb 12 2026 13:00:00 GMT+0000 (Coordinated Universal Time),14:00,16:00,De Harmonie,2,"Country Line Dance is een mengeling van allerlei muzieksoorten en dansen, afkomstig uit het Wilde Westen. Jules leert je de benen strekken zoals nog nooit tevoren.","Country Dance en ligne est un mélange de toutes sortes de musiques et de danses, originaire du Far West. Jules vous apprend à vous dégourdir les jambes comme jamais auparavant.",,,donderdag,jeudi,februari,fevrier,Gepubliceerd,
💃 Country Line Dance 🕺  ,country-line-dance-149,6218bc292822d0fe3ce3347b,653ad4ede882f528b327d8f8,6980c0de17f95f9c54037ef1,false,false,Mon Feb 02 2026 15:21:02 GMT+0000 (Coordinated Universal Time),Mon Feb 02 2026 15:21:02 GMT+0000 (Coordinated Universal Time),Mon Feb 02 2026 15:21:02 GMT+0000 (Coordinated Universal Time),💃 Country Dance en Ligne 🕺,103,Thu Feb 19 2026 13:00:00 GMT+0000 (Coordinated Universal Time),14:00,16:00,De Harmonie,2,"Country Line Dance is een mengeling van allerlei muzieksoorten en dansen, afkomstig uit het Wilde Westen. Jules leert je de benen strekken zoals nog nooit tevoren.","Country Dance en ligne est un mélange de toutes sortes de musiques et de danses, originaire du Far West. Jules vous apprend à vous dégourdir les jambes comme jamais auparavant.",,,donderdag,jeudi,februari,fevrier,Gepubliceerd,
💃 Country Line Dance 🕺   ,country-line-dance-150,6218bc292822d0fe3ce3347b,653ad4ede882f528b327d8f8,6980c0f120087fe91ef1aa76,false,false,Mon Feb 02 2026 15:21:21 GMT+0000 (Coordinated Universal Time),Mon Feb 02 2026 15:21:21 GMT+0000 (Coordinated Universal Time),Mon Feb 02 2026 15:21:21 GMT+0000 (Coordinated Universal Time),💃 Country Dance en Ligne 🕺,103,Thu Feb 26 2026 13:00:00 GMT+0000 (Coordinated Universal Time),14:00,16:00,De Harmonie,2,"Country Line Dance is een mengeling van allerlei muzieksoorten en dansen, afkomstig uit het Wilde Westen. Jules leert je de benen strekken zoals nog nooit tevoren.","Country Dance en ligne est un mélange de toutes sortes de musiques et de danses, originaire du Far West. Jules vous apprend à vous dégourdir les jambes comme jamais auparavant.",,,donderdag,jeudi,februari,fevrier,Gepubliceerd,
💃 Country Line Dance 🕺 ,country-line-dance-151,6218bc292822d0fe3ce3347b,653ad4ede882f528b327d8f8,699eedc4b875693372124178,false,false,Wed Feb 25 2026 12:40:36 GMT+0000 (Coordinated Universal Time),Wed Feb 25 2026 12:40:36 GMT+0000 (Coordinated Universal Time),Wed Feb 25 2026 12:40:36 GMT+0000 (Coordinated Universal Time),💃 Country Dance en Ligne 🕺,103,Thu Mar 05 2026 13:00:00 GMT+0000 (Coordinated Universal Time),14:00,16:00,De Harmonie,2,"Country Line Dance is een mengeling van allerlei muzieksoorten en dansen, afkomstig uit het Wilde Westen. Jules leert je de benen strekken zoals nog nooit tevoren.","Country Dance en ligne est un mélange de toutes sortes de musiques et de danses, originaire du Far West. Jules vous apprend à vous dégourdir les jambes comme jamais auparavant.",,,donderdag,jeudi,maart,mars,Gepubliceerd,
💃 Country Line Dance 🕺  ,country-line-dance-152,6218bc292822d0fe3ce3347b,653ad4ede882f528b327d8f8,699eeddce147d265f274e5a0,false,false,Wed Feb 25 2026 12:41:00 GMT+0000 (Coordinated Universal Time),Wed Feb 25 2026 12:41:00 GMT+0000 (Coordinated Universal Time),Wed Feb 25 2026 12:41:00 GMT+0000 (Coordinated Universal Time),💃 Country Dance en Ligne 🕺,103,Thu Mar 12 2026 13:00:00 GMT+0000 (Coordinated Universal Time),14:00,16:00,De Harmonie,2,"Country Line Dance is een mengeling van allerlei muzieksoorten en dansen, afkomstig uit het Wilde Westen. Jules leert je de benen strekken zoals nog nooit tevoren.","Country Dance en ligne est un mélange de toutes sortes de musiques et de danses, originaire du Far West. Jules vous apprend à vous dégourdir les jambes comme jamais auparavant.",,,donderdag,jeudi,maart,mars,Gepubliceerd,
💃 Country Line Dance 🕺   ,country-line-dance-153,6218bc292822d0fe3ce3347b,653ad4ede882f528b327d8f8,699eedf320db50abf5775658,false,false,Wed Feb 25 2026 12:41:23 GMT+0000 (Coordinated Universal Time),Wed Feb 25 2026 12:41:23 GMT+0000 (Coordinated Universal Time),Wed Feb 25 2026 12:41:23 GMT+0000 (Coordinated Universal Time),💃 Country Dance en Ligne 🕺,103,Thu Mar 19 2026 13:00:00 GMT+0000 (Coordinated Universal Time),14:00,16:00,De Harmonie,2,"Country Line Dance is een mengeling van allerlei muzieksoorten en dansen, afkomstig uit het Wilde Westen. Jules leert je de benen strekken zoals nog nooit tevoren.","Country Dance en ligne est un mélange de toutes sortes de musiques et de danses, originaire du Far West. Jules vous apprend à vous dégourdir les jambes comme jamais auparavant.",,,donderdag,jeudi,maart,mars,Gepubliceerd,
💃 Country Line Dance 🕺    ,country-line-dance-154,6218bc292822d0fe3ce3347b,653ad4ede882f528b327d8f8,699eee0596be4e9153975caf,false,false,Wed Feb 25 2026 12:41:41 GMT+0000 (Coordinated Universal Time),Wed Feb 25 2026 12:41:41 GMT+0000 (Coordinated Universal Time),Wed Feb 25 2026 12:41:41 GMT+0000 (Coordinated Universal Time),💃 Country Dance en Ligne 🕺,103,Thu Mar 26 2026 13:00:00 GMT+0000 (Coordinated Universal Time),14:00,16:00,De Harmonie,2,"Country Line Dance is een mengeling van allerlei muzieksoorten en dansen, afkomstig uit het Wilde Westen. Jules leert je de benen strekken zoals nog nooit tevoren.","Country Dance en ligne est un mélange de toutes sortes de musiques et de danses, originaire du Far West. Jules vous apprend à vous dégourdir les jambes comme jamais auparavant.",,,donderdag,jeudi,maart,mars,Gepubliceerd,
💃 Country Line Dance 🕺,country-line-dance-155,6218bc292822d0fe3ce3347b,653ad4ede882f528b327d8f8,69c115f35846826fa876c437,false,false,Mon Mar 23 2026 10:29:07 GMT+0000 (Coordinated Universal Time),Mon Mar 23 2026 10:29:07 GMT+0000 (Coordinated Universal Time),Mon Mar 23 2026 10:29:07 GMT+0000 (Coordinated Universal Time),💃 Country Dance en Ligne 🕺,103,Thu Apr 02 2026 12:00:00 GMT+0000 (Coordinated Universal Time),14:00,16:00,De Harmonie,2,"Country Line Dance is een mengeling van allerlei muzieksoorten en dansen, afkomstig uit het Wilde Westen. Jules leert je de benen strekken zoals nog nooit tevoren.","Country Dance en ligne est un mélange de toutes sortes de musiques et de danses, originaire du Far West. Jules vous apprend à vous dégourdir les jambes comme jamais auparavant.",,,donderdag,jeudi,april,avril,Gepubliceerd,
💃 Country Line Dance 🕺,country-line-dance-156,6218bc292822d0fe3ce3347b,653ad4ede882f528b327d8f8,69c1160842137934c1b0c6a0,false,false,Mon Mar 23 2026 10:29:28 GMT+0000 (Coordinated Universal Time),Mon Mar 23 2026 10:29:28 GMT+0000 (Coordinated Universal Time),Mon Mar 23 2026 10:29:28 GMT+0000 (Coordinated Universal Time),💃 Country Dance en Ligne 🕺,103,Thu Apr 09 2026 12:00:00 GMT+0000 (Coordinated Universal Time),14:00,16:00,De Harmonie,2,"Country Line Dance is een mengeling van allerlei muzieksoorten en dansen, afkomstig uit het Wilde Westen. Jules leert je de benen strekken zoals nog nooit tevoren.","Country Dance en ligne est un mélange de toutes sortes de musiques et de danses, originaire du Far West. Jules vous apprend à vous dégourdir les jambes comme jamais auparavant.",,,donderdag,jeudi,april,avril,Gepubliceerd,
💃 Country Line Dance 🕺,country-line-dance-157,6218bc292822d0fe3ce3347b,653ad4ede882f528b327d8f8,69c1161661ff15235511f281,false,false,Mon Mar 23 2026 10:29:42 GMT+0000 (Coordinated Universal Time),Mon Mar 23 2026 10:29:42 GMT+0000 (Coordinated Universal Time),Mon Mar 23 2026 10:29:42 GMT+0000 (Coordinated Universal Time),💃 Country Dance en Ligne 🕺,103,Thu Apr 16 2026 12:00:00 GMT+0000 (Coordinated Universal Time),14:00,16:00,De Harmonie,2,"Country Line Dance is een mengeling van allerlei muzieksoorten en dansen, afkomstig uit het Wilde Westen. Jules leert je de benen strekken zoals nog nooit tevoren.","Country Dance en ligne est un mélange de toutes sortes de musiques et de danses, originaire du Far West. Jules vous apprend à vous dégourdir les jambes comme jamais auparavant.",,,donderdag,jeudi,april,avril,Gepubliceerd,
💃 Country Line Dance 🕺,country-line-dance-158,6218bc292822d0fe3ce3347b,653ad4ede882f528b327d8f8,69c116269f3cb255251283b4,false,false,Mon Mar 23 2026 10:29:58 GMT+0000 (Coordinated Universal Time),Mon Mar 23 2026 10:29:58 GMT+0000 (Coordinated Universal Time),Mon Mar 23 2026 10:29:58 GMT+0000 (Coordinated Universal Time),💃 Country Dance en Ligne 🕺,103,Thu Apr 23 2026 12:00:00 GMT+0000 (Coordinated Universal Time),14:00,16:00,De Harmonie,2,"Country Line Dance is een mengeling van allerlei muzieksoorten en dansen, afkomstig uit het Wilde Westen. Jules leert je de benen strekken zoals nog nooit tevoren.","Country Dance en ligne est un mélange de toutes sortes de musiques et de danses, originaire du Far West. Jules vous apprend à vous dégourdir les jambes comme jamais auparavant.",,,donderdag,jeudi,april,avril,Gepubliceerd,
💃 Country Line Dance 🕺,country-line-dance-159,6218bc292822d0fe3ce3347b,653ad4ede882f528b327d8f8,69c1163bea2919c720d89e72,false,false,Mon Mar 23 2026 10:30:19 GMT+0000 (Coordinated Universal Time),Mon Mar 23 2026 10:30:19 GMT+0000 (Coordinated Universal Time),Mon Mar 23 2026 10:30:19 GMT+0000 (Coordinated Universal Time),💃 Country Dance en Ligne 🕺,103,Thu Apr 30 2026 12:00:00 GMT+0000 (Coordinated Universal Time),14:00,16:00,De Harmonie,2,"Country Line Dance is een mengeling van allerlei muzieksoorten en dansen, afkomstig uit het Wilde Westen. Jules leert je de benen strekken zoals nog nooit tevoren.","Country Dance en ligne est un mélange de toutes sortes de musiques et de danses, originaire du Far West. Jules vous apprend à vous dégourdir les jambes comme jamais auparavant.",,,donderdag,jeudi,april,avril,Gepubliceerd,
Creativiteit workshop ,creativiteit-workshop-19,6218bc292822d0fe3ce3347b,653ad4ede882f528b327d8f8,6878ffe7a7f9e9723efe49f1,false,false,Thu Jul 17 2025 13:51:35 GMT+0000 (Coordinated Universal Time),Thu Jul 17 2025 13:53:28 GMT+0000 (Coordinated Universal Time),Thu Jul 17 2025 13:53:28 GMT+0000 (Coordinated Universal Time),Atelier de Créativité,,Mon Jul 14 2025 12:00:00 GMT+0000 (Coordinated Universal Time),14:00,16:00,De Harmonie,,Een activiteit voorgesteld door Cathy & Yvette waarmee je je creativiteit en verbeelding de vrije loop kunt laten met verschillende knutseltechnieken.,Activité proposée par Cathy & Yvette qui permet de laisser libre cours à sa créativité et à son imagination à travers différentes techniques de bricolage.,,,maandag,lundi,augustus,août,Gepubliceerd,
Creativiteit workshop  ,creativiteit-workshop-19-copy,6218bc292822d0fe3ce3347b,653ad4ede882f528b327d8f8,687901a36b6b1b763abd7db4,false,false,Thu Jul 17 2025 13:58:59 GMT+0000 (Coordinated Universal Time),Thu Jul 17 2025 14:04:41 GMT+0000 (Coordinated Universal Time),Thu Jul 17 2025 14:04:41 GMT+0000 (Coordinated Universal Time),Atelier de Créativité,,Mon Jul 28 2025 12:00:00 GMT+0000 (Coordinated Universal Time),14:00,16:00,De Harmonie,,Een activiteit voorgesteld door Cathy & Yvette waarmee je je creativiteit en verbeelding de vrije loop kunt laten met verschillende knutseltechnieken.,Activité proposée par Cathy & Yvette qui permet de laisser libre cours à sa créativité et à son imagination à travers différentes techniques de bricolage.,,,maandag,lundi,augustus,août,Gepubliceerd,
Creativiteit workshop   ,creativiteit-workshop-20,6218bc292822d0fe3ce3347b,653ad4ede882f528b327d8f8,68a321300321cbee5487e1bf,false,false,Mon Aug 18 2025 12:48:48 GMT+0000 (Coordinated Universal Time),Mon Aug 18 2025 12:51:09 GMT+0000 (Coordinated Universal Time),Mon Aug 18 2025 12:51:09 GMT+0000 (Coordinated Universal Time),Atelier de Créativité,,Mon Sep 08 2025 12:00:00 GMT+0000 (Coordinated Universal Time),14:00,16:00,De Harmonie,,Een activiteit voorgesteld door Cathy & Yvette waarmee je je creativiteit en verbeelding de vrije loop kunt laten met verschillende knutseltechnieken.,Activité proposée par Cathy & Yvette qui permet de laisser libre cours à sa créativité et à son imagination à travers différentes techniques de bricolage.,,,maandag,lundi,september,septembre,Gepubliceerd,
Creativiteit workshop    ,creativiteit-workshop-21,6218bc292822d0fe3ce3347b,653ad4ede882f528b327d8f8,68a323d365cc332a0e50476d,false,false,Mon Aug 18 2025 13:00:03 GMT+0000 (Coordinated Universal Time),Mon Aug 18 2025 13:00:03 GMT+0000 (Coordinated Universal Time),Mon Aug 18 2025 13:00:03 GMT+0000 (Coordinated Universal Time),Atelier de Créativité,,Mon Sep 22 2025 12:00:00 GMT+0000 (Coordinated Universal Time),14:00,16:00,De Harmonie,,Een activiteit voorgesteld door Cathy & Yvette waarmee je je creativiteit en verbeelding de vrije loop kunt laten met verschillende knutseltechnieken.,Activité proposée par Cathy & Yvette qui permet de laisser libre cours à sa créativité et à son imagination à travers différentes techniques de bricolage.,,,maandag,lundi,september,septembre,Gepubliceerd,
Creativiteit workshop,creativiteit-workshop-22,6218bc292822d0fe3ce3347b,653ad4ede882f528b327d8f8,68d14d060f6d62db45128f56,false,false,Mon Sep 22 2025 13:20:06 GMT+0000 (Coordinated Universal Time),Mon Sep 22 2025 13:20:06 GMT+0000 (Coordinated Universal Time),Mon Sep 22 2025 13:20:06 GMT+0000 (Coordinated Universal Time),Atelier de Créativité,,Mon Oct 13 2025 12:00:00 GMT+0000 (Coordinated Universal Time),14:00,16:00,De Harmonie,,Een activiteit voorgesteld door Cathy & Yvette waarmee je je creativiteit en verbeelding de vrije loop kunt laten met verschillende knutseltechnieken.,Activité proposée par Cathy & Yvette qui permet de laisser libre cours à sa créativité et à son imagination à travers différentes techniques de bricolage.,,,maandag,lundi,oktober,octobre,Gepubliceerd,
Creativiteit workshop,creativiteit-workshop-23,6218bc292822d0fe3ce3347b,653ad4ede882f528b327d8f8,68d14d18da32828368c59087,false,false,Mon Sep 22 2025 13:20:24 GMT+0000 (Coordinated Universal Time),Mon Sep 22 2025 13:20:24 GMT+0000 (Coordinated Universal Time),Mon Sep 22 2025 13:20:24 GMT+0000 (Coordinated Universal Time),Atelier de Créativité,,Mon Oct 27 2025 13:00:00 GMT+0000 (Coordinated Universal Time),14:00,16:00,De Harmonie,,Een activiteit voorgesteld door Cathy & Yvette waarmee je je creativiteit en verbeelding de vrije loop kunt laten met verschillende knutseltechnieken.,Activité proposée par Cathy & Yvette qui permet de laisser libre cours à sa créativité et à son imagination à travers différentes techniques de bricolage.,,,maandag,lundi,oktober,octobre,Gepubliceerd,
Creativiteit workshop,creativiteit-workshop-24,6218bc292822d0fe3ce3347b,653ad4ede882f528b327d8f8,68f75208a025bb8b8b2ff42c,false,false,Tue Oct 21 2025 09:27:36 GMT+0000 (Coordinated Universal Time),Tue Oct 21 2025 09:27:36 GMT+0000 (Coordinated Universal Time),Tue Oct 21 2025 09:27:36 GMT+0000 (Coordinated Universal Time),Atelier de Créativité,,Mon Nov 10 2025 13:00:00 GMT+0000 (Coordinated Universal Time),14:00,16:00,De Harmonie,,Een activiteit voorgesteld door Cathy & Yvette waarmee je je creativiteit en verbeelding de vrije loop kunt laten met verschillende knutseltechnieken.,Activité proposée par Cathy & Yvette qui permet de laisser libre cours à sa créativité et à son imagination à travers différentes techniques de bricolage.,,,maandag,lundi,november,novembre,Gepubliceerd,
Creativiteit workshop,creativiteit-workshop-25,6218bc292822d0fe3ce3347b,653ad4ede882f528b327d8f8,68f7523f629eb98189170e3f,false,false,Tue Oct 21 2025 09:28:31 GMT+0000 (Coordinated Universal Time),Tue Oct 21 2025 09:28:31 GMT+0000 (Coordinated Universal Time),Tue Oct 21 2025 09:28:31 GMT+0000 (Coordinated Universal Time),Atelier de Créativité,,Mon Nov 24 2025 13:00:00 GMT+0000 (Coordinated Universal Time),14:00,16:00,De Harmonie,,Een activiteit voorgesteld door Cathy & Yvette waarmee je je creativiteit en verbeelding de vrije loop kunt laten met verschillende knutseltechnieken.,Activité proposée par Cathy & Yvette qui permet de laisser libre cours à sa créativité et à son imagination à travers différentes techniques de bricolage.,,,maandag,lundi,november,novembre,Gepubliceerd,
🖌️ Creativiteit workshop 🖌️,creativiteit-workshop-26,6218bc292822d0fe3ce3347b,653ad4ede882f528b327d8f8,692d9d10bc5ca848efec5736,false,false,Mon Dec 01 2025 13:50:08 GMT+0000 (Coordinated Universal Time),Tue Dec 02 2025 14:20:52 GMT+0000 (Coordinated Universal Time),Tue Dec 02 2025 14:20:52 GMT+0000 (Coordinated Universal Time),🖌️ Atelier de Créativité 🖌️,,Mon Dec 08 2025 13:00:00 GMT+0000 (Coordinated Universal Time),14:00,16:00,De Harmonie,,Een activiteit voorgesteld door Cathy & Yvette waarmee je je creativiteit en verbeelding de vrije loop kunt laten met verschillende knutseltechnieken.,Activité proposée par Cathy & Yvette qui permet de laisser libre cours à sa créativité et à son imagination à travers différentes techniques de bricolage.,,,maandag,lundi,december,decembre,Gepubliceerd,
🖌️ Creativiteit workshop 🖌️,creativiteit-workshop-27,6218bc292822d0fe3ce3347b,653ad4ede882f528b327d8f8,692d9d1f749291703beedbb8,false,false,Mon Dec 01 2025 13:50:23 GMT+0000 (Coordinated Universal Time),Tue Dec 02 2025 14:20:34 GMT+0000 (Coordinated Universal Time),Tue Dec 02 2025 14:20:34 GMT+0000 (Coordinated Universal Time),🖌️ Atelier de Créativité 🖌️,,Mon Dec 22 2025 13:00:00 GMT+0000 (Coordinated Universal Time),14:00,16:00,De Harmonie,,Een activiteit voorgesteld door Cathy & Yvette waarmee je je creativiteit en verbeelding de vrije loop kunt laten met verschillende knutseltechnieken.,Activité proposée par Cathy & Yvette qui permet de laisser libre cours à sa créativité et à son imagination à travers différentes techniques de bricolage.,,,maandag,lundi,december,decembre,Gepubliceerd,
🖌️ Creativiteit workshop 🖌️ Copy,creativiteit-workshop-27-copy,6218bc292822d0fe3ce3347b,653ad4ede882f528b327d8f8,695d18d4a0c690f9ef594cad,false,false,Tue Jan 06 2026 14:14:44 GMT+0000 (Coordinated Universal Time),Wed Jan 07 2026 10:29:17 GMT+0000 (Coordinated Universal Time),Mon Mar 09 2026 10:43:46 GMT+0000 (Coordinated Universal Time),🖌️ Atelier de Créativité 🖌️,,Mon Jan 12 2026 13:00:00 GMT+0000 (Coordinated Universal Time),14:00,16:00,De Harmonie,,Een activiteit voorgesteld door Cathy & Yvette waarmee je je creativiteit en verbeelding de vrije loop kunt laten met verschillende knutseltechnieken.,Activité proposée par Cathy & Yvette qui permet de laisser libre cours à sa créativité et à son imagination à travers différentes techniques de bricolage.,,,maandag,lundi,januari,janvier,Gepubliceerd,
🖌️ Creativiteit workshop 🖌️ Copy 2,creativiteit-workshop-27-copy-2,6218bc292822d0fe3ce3347b,653ad4ede882f528b327d8f8,695d18e80a338ddaf480ebf0,false,false,Tue Jan 06 2026 14:15:04 GMT+0000 (Coordinated Universal Time),Wed Jan 07 2026 10:29:09 GMT+0000 (Coordinated Universal Time),Mon Mar 09 2026 10:43:46 GMT+0000 (Coordinated Universal Time),🖌️ Atelier de Créativité 🖌️,,Mon Jan 26 2026 13:00:00 GMT+0000 (Coordinated Universal Time),14:00,16:00,De Harmonie,,Een activiteit voorgesteld door Cathy & Yvette waarmee je je creativiteit en verbeelding de vrije loop kunt laten met verschillende knutseltechnieken.,Activité proposée par Cathy & Yvette qui permet de laisser libre cours à sa créativité et à son imagination à travers différentes techniques de bricolage.,,,maandag,lundi,januari,janvier,Gepubliceerd,
🖌️ Creativiteit workshop 🖌️ ,creativiteit-workshop-28,6218bc292822d0fe3ce3347b,653ad4ede882f528b327d8f8,6980bc5620087fe91eef7a51,false,false,Mon Feb 02 2026 15:01:42 GMT+0000 (Coordinated Universal Time),Mon Feb 02 2026 15:01:42 GMT+0000 (Coordinated Universal Time),Mon Feb 02 2026 15:01:42 GMT+0000 (Coordinated Universal Time),🖌️ Atelier de Créativité 🖌️,,Mon Feb 09 2026 13:00:00 GMT+0000 (Coordinated Universal Time),14:00,16:00,De Harmonie,,Een activiteit voorgesteld door Cathy & Yvette waarmee je je creativiteit en verbeelding de vrije loop kunt laten met verschillende knutseltechnieken.,Activité proposée par Cathy & Yvette qui permet de laisser libre cours à sa créativité et à son imagination à travers différentes techniques de bricolage.,,,maandag,lundi,februari,fevrier,Gepubliceerd,
🖌️ Creativiteit workshop 🖌️ ,creativiteit-workshop-29,6218bc292822d0fe3ce3347b,653ad4ede882f528b327d8f8,6980bc7830d8a86f6d0c9fb2,false,false,Mon Feb 02 2026 15:02:16 GMT+0000 (Coordinated Universal Time),Mon Feb 02 2026 15:02:16 GMT+0000 (Coordinated Universal Time),Mon Feb 02 2026 15:02:16 GMT+0000 (Coordinated Universal Time),🖌️ Atelier de Créativité 🖌️,,Mon Feb 23 2026 13:00:00 GMT+0000 (Coordinated Universal Time),14:00,16:00,De Harmonie,,Een activiteit voorgesteld door Cathy & Yvette waarmee je je creativiteit en verbeelding de vrije loop kunt laten met verschillende knutseltechnieken.,Activité proposée par Cathy & Yvette qui permet de laisser libre cours à sa créativité et à son imagination à travers différentes techniques de bricolage.,,,maandag,lundi,februari,fevrier,Gepubliceerd,
🖌️ Creativiteit workshop 🖌️  ,creativiteit-workshop-30,6218bc292822d0fe3ce3347b,653ad4ede882f528b327d8f8,699eea9e96be4e91539525ba,false,false,Wed Feb 25 2026 12:27:10 GMT+0000 (Coordinated Universal Time),Wed Feb 25 2026 12:27:10 GMT+0000 (Coordinated Universal Time),Wed Feb 25 2026 12:27:10 GMT+0000 (Coordinated Universal Time),🖌️ Atelier de Créativité 🖌️,,Mon Mar 09 2026 13:00:00 GMT+0000 (Coordinated Universal Time),14:00,16:00,De Harmonie,,Een activiteit voorgesteld door Cathy & Yvette waarmee je je creativiteit en verbeelding de vrije loop kunt laten met verschillende knutseltechnieken.,Activité proposée par Cathy & Yvette qui permet de laisser libre cours à sa créativité et à son imagination à travers différentes techniques de bricolage.,,,maandag,lundi,maart,mars,Gepubliceerd,
🖌️ Creativiteit workshop 🖌️   ,creativiteit-workshop-31,6218bc292822d0fe3ce3347b,653ad4ede882f528b327d8f8,699eeabe2687eb2a068cd8df,false,false,Wed Feb 25 2026 12:27:42 GMT+0000 (Coordinated Universal Time),Wed Feb 25 2026 12:27:42 GMT+0000 (Coordinated Universal Time),Wed Feb 25 2026 12:27:42 GMT+0000 (Coordinated Universal Time),🖌️ Atelier de Créativité 🖌️,,Mon Mar 23 2026 13:00:00 GMT+0000 (Coordinated Universal Time),14:00,16:00,De Harmonie,,Een activiteit voorgesteld door Cathy & Yvette waarmee je je creativiteit en verbeelding de vrije loop kunt laten met verschillende knutseltechnieken.,Activité proposée par Cathy & Yvette qui permet de laisser libre cours à sa créativité et à son imagination à travers différentes techniques de bricolage.,,,maandag,lundi,maart,mars,Gepubliceerd,
🖌️ Creativiteit workshop 🖌️,creativiteit-workshop-32,6218bc292822d0fe3ce3347b,653ad4ede882f528b327d8f8,69c11313e2ee2b236ae00224,false,false,Mon Mar 23 2026 10:16:51 GMT+0000 (Coordinated Universal Time),Mon Mar 23 2026 10:16:51 GMT+0000 (Coordinated Universal Time),Mon Mar 23 2026 10:16:51 GMT+0000 (Coordinated Universal Time),🖌️ Atelier de Créativité 🖌️,,Mon Apr 13 2026 12:00:00 GMT+0000 (Coordinated Universal Time),14:00,16:00,De Harmonie,,Een activiteit voorgesteld door Cathy & Yvette waarmee je je creativiteit en verbeelding de vrije loop kunt laten met verschillende knutseltechnieken.,Activité proposée par Cathy & Yvette qui permet de laisser libre cours à sa créativité et à son imagination à travers différentes techniques de bricolage.,,,maandag,lundi,april,avril,Gepubliceerd,
🖌️ Creativiteit workshop 🖌️,creativiteit-workshop-33,6218bc292822d0fe3ce3347b,653ad4ede882f528b327d8f8,69c1132c8e0a813e82063002,false,false,Mon Mar 23 2026 10:17:16 GMT+0000 (Coordinated Universal Time),Mon Mar 23 2026 10:17:16 GMT+0000 (Coordinated Universal Time),Mon Mar 23 2026 10:17:16 GMT+0000 (Coordinated Universal Time),🖌️ Atelier de Créativité 🖌️,,Mon Apr 27 2026 12:00:00 GMT+0000 (Coordinated Universal Time),14:00,16:00,De Harmonie,,Een activiteit voorgesteld door Cathy & Yvette waarmee je je creativiteit en verbeelding de vrije loop kunt laten met verschillende knutseltechnieken.,Activité proposée par Cathy & Yvette qui permet de laisser libre cours à sa créativité et à son imagination à travers différentes techniques de bricolage.,,,maandag,lundi,april,avril,Gepubliceerd,
Dagreis naar Sluis in Nederland,dagreis-naar-sluis-in-nederland,6218bc292822d0fe3ce3347b,653ad4ede882f528b327d8f8,6363ade5ad92ddd35e69c8d8,false,false,Thu Nov 03 2022 12:02:45 GMT+0000 (Coordinated Universal Time),Thu Nov 03 2022 12:02:45 GMT+0000 (Coordinated Universal Time),Thu Nov 03 2022 12:02:55 GMT+0000 (Coordinated Universal Time),Excursion d'un jour à SLuis aux Pays-Bas,126,Fri Nov 11 2022 07:30:00 GMT+0000 (Coordinated Universal Time),8:30,18:00,Noordstation Gare du Nord,,"We vertrekken in Brussel met de trein naar Brugge Met een gewoon ticket van De Lijn kunnen we met de bus tot in Sluis. 's Middags eten we in The Corner, specialiteit Zeeuwse mosselen, maar op de kaart staat voor ieder wat wils. Bezoek aan de stad in de namiddag. Er is tijd voor een beetje shopping te doen. Terug in Brussel rond 18 uur.","On part de Bruxelles en train jusqu'à Bruges Avec un billet régulier de De Lijn, nous pouvons prendre le bus jusqu'à Sluis. A midi, nous mangeons à The Corner, spécialité moules de Zélande, mais au menu, il y en a pour tous les goûts. Visite de la ville dans l’après-midi. Il y a du temps pour faire du shopping. Retour à Bruxelles prévu à 18h",De prijs verschilt naargelang uw statuut.,Le prix dépend de votre statut.,vrijdag,vendredi,november,november,Gepubliceerd,uitstappen.png
Dansend verjaardagsfeest van juli,dansend-verjaardagsfeest-van-juli,6218bc292822d0fe3ce3347b,653ad4ede882f528b327d8f8,685d2459c379a0e346408140,false,false,Thu Jun 26 2025 10:43:37 GMT+0000 (Coordinated Universal Time),Thu Jun 26 2025 10:43:37 GMT+0000 (Coordinated Universal Time),Thu Jun 26 2025 10:43:37 GMT+0000 (Coordinated Universal Time),Anniversaire dansant de juillet,,Wed Jul 16 2025 11:30:00 GMT+0000 (Coordinated Universal Time),13:30,,De Harmonie,,"We openen de dansvloer om de inboorlingen van juli te vieren !!!
Taart, cadeautjes en vrolijk dansen, wat wil je nog meer ? Kom en vier met ons mee !","On ouvre la piste de danse pour célébrer les natifs du mois de juillet !!!
Gâteau, cadeaux et joyeuses danses, que demander de plus ? Venez faire la fête avec nous !", ,,woensdag,mercredi,juli,juillet,Gepubliceerd,
De Goeie Tip van de Week : Minime Cantat : Bach,de-goeie-tip-van-de-week-minime-cantat-bach,6218bc292822d0fe3ce3347b,653ad4ede882f528b327d8f8,667405554ad2cc4e906a9565,false,false,Thu Jun 20 2024 10:32:53 GMT+0000 (Coordinated Universal Time),Thu Jun 20 2024 10:32:53 GMT+0000 (Coordinated Universal Time),Thu Jun 20 2024 10:32:58 GMT+0000 (Coordinated Universal Time),Le Bon Conseil de la Semaine : Minime Cantat : Bach,,Sun Jun 23 2024 15:00:00 GMT+0000 (Coordinated Universal Time),17:00,,"Eglise Saint-Jacques sur Coudenberg, Place Royale 1 à 1000 Brussel",0,"Gratis Bach-concert, reserveren niet nodig. Kom vroeg om een goede plaats te bemachtigen.","Concert gratuit de Bach, sans réservation. Venir tôt pour avoir une bonne place. ","""De Goeie Tip van de Week"" is een idee voor een activiteit die we aanbevelen, maar die niet gedekt wordt door De Harmonie.","""Le Bon Plan de la Semaine"" est une idée d'activité que nous vous conseillons mais qui n'est pas prise en charge par De Harmonie.",zondag,dimanche,juni,juin,Gepubliceerd,
De Harmonie Café,de-harmonie-cafe-10,6218bc292822d0fe3ce3347b,653ad4ede882f528b327d8f8,68f757eb36ceda885a4e9c0e,false,false,Tue Oct 21 2025 09:52:43 GMT+0000 (Coordinated Universal Time),Tue Oct 21 2025 09:52:43 GMT+0000 (Coordinated Universal Time),Tue Oct 21 2025 09:52:43 GMT+0000 (Coordinated Universal Time),De Harmonie Café,,Thu Nov 27 2025 22:00:00 GMT+0000 (Coordinated Universal Time),11:00,,De Harmonie,,"Kom een gezellig moment delen met het animatieteam van Harmonie. We delen onze ideeën voor de komende maanden, maar we luisteren vooral naar jullie ideeën. Het is ook een kans voor u om ons te vertellen wat er verbeterd moet worden bij l'Harmonie, of het nu gaat om entertainment, service of algemene organisatie. Als het gaat om wat er op je bord ligt, zijn je ideeën welkom bij de “ comité menu ” elke 3de dinsdag van de maand (volgende vergadering op 14/10).","Venez partager un moment convivial avec l'équipe d'animation de l'Harmonie. Nous vous partagerons nos idées pour les mois à venir mais SURTOUT nous écouterons vos idées. L'occasion aussi de nous indiquer les points à améliorer à l'Harmonie, que ce soit pour l'animation mais aussi pour les services ou l'organisation en général. Attention que pour le contenu de votre assiette, vos idées sont les bienvenues au ""comité menu"" chaque 3e mardi du mois (prochain rdv le 14/10).","We houden dit evenement elke laatste donderdag van de maand, volgende keer donderdag 27/11.","Nous vous proposons ce rendez-vous tous les derniers jeudis du mois, prochain rendez-vous le jeudi 27/11.",donderdag,jeudi,november,novembre,Gepubliceerd,
🍵 De Harmonie Café 🍰,de-harmonie-cafe-11,6218bc292822d0fe3ce3347b,653ad4ede882f528b327d8f8,692dac16737a8e7a4b48198e,false,true,Mon Dec 01 2025 14:54:14 GMT+0000 (Coordinated Universal Time),Wed Jan 07 2026 15:10:47 GMT+0000 (Coordinated Universal Time),,🍵 De Harmonie Café 🍰,,Thu Jan 29 2026 22:00:00 GMT+0000 (Coordinated Universal Time),11:00,,De Harmonie,,"Kom een gezellig moment delen met het animatieteam van Harmonie. We delen onze ideeën voor de komende maanden, maar we luisteren vooral naar jullie ideeën. Het is ook een kans voor u om ons te vertellen wat er verbeterd moet worden bij l'Harmonie, of het nu gaat om entertainment, service of algemene organisatie. Als het gaat om wat er op je bord ligt, zijn je ideeën welkom bij de “ comité menu ” elke 3de dinsdag van de maand (volgende vergadering op 14/10).","Venez partager un moment convivial avec l'équipe d'animation de l'Harmonie. Nous vous partagerons nos idées pour les mois à venir mais SURTOUT nous écouterons vos idées. L'occasion aussi de nous indiquer les points à améliorer à l'Harmonie, que ce soit pour l'animation mais aussi pour les services ou l'organisation en général. Attention que pour le contenu de votre assiette, vos idées sont les bienvenues au ""comité menu"" chaque 3e mardi du mois (prochain rdv le 14/10).","We houden dit evenement elke laatste donderdag van de maand, volgende keer donderdag 27/11.","Nous vous proposons ce rendez-vous tous les derniers jeudis du mois, prochain rendez-vous le jeudi 27/11.",donderdag,jeudi,januari,janvier,Gepubliceerd,
De Harmonie Café ,de-harmonie-cafe-7,6218bc292822d0fe3ce3347b,653ad4ede882f528b327d8f8,68790cf77df55d9b92384659,false,false,Thu Jul 17 2025 14:47:19 GMT+0000 (Coordinated Universal Time),Mon Aug 18 2025 09:06:00 GMT+0000 (Coordinated Universal Time),Mon Aug 18 2025 09:06:00 GMT+0000 (Coordinated Universal Time),De Harmonie Café,,Thu Aug 28 2025 08:30:00 GMT+0000 (Coordinated Universal Time),10:30,,De Harmonie,,"Kom een gezellig moment delen met het animatieteam van Harmonie. We delen onze ideeën voor de komende maanden, maar we luisteren vooral naar jullie ideeën. Het is ook een kans voor u om ons te vertellen wat er verbeterd moet worden bij l'Harmonie, of het nu gaat om entertainment, service of algemene organisatie. Als het gaat om wat er op je bord ligt, zijn je ideeën welkom bij de “ comité menu ” elke 3de dinsdag van de maand (volgende vergadering op 17/06).","Venez partager un moment convivial avec l'équipe d'animation de l'Harmonie. Nous vous partagerons nos idées pour les mois à venir mais SURTOUT nous écouterons vos idées. L'occasion aussi de nous indiquer les points à améliorer à l'Harmonie, que ce soit pour l'animation mais aussi pour les services ou l'organisation en général. Attention que pour le contenu de votre assiette, vos idées sont les bienvenues au ""comité menu"" chaque 3e mardi du mois (prochain rdv le 17/06).","We houden dit evenement elke laatste donderdag van de maand, volgende keer donderdag 31/07.","Nous vous proposons ce rendez-vous tous les derniers jeudis du mois, prochain rendez-vous le jeudi 31/07",donderdag,jeudi,augustus,août,Gepubliceerd,
De Harmonie Café  ,de-harmonie-cafe-8,6218bc292822d0fe3ce3347b,653ad4ede882f528b327d8f8,68a328868dbac9657d8c48cc,false,false,Mon Aug 18 2025 13:20:06 GMT+0000 (Coordinated Universal Time),Mon Aug 18 2025 13:21:53 GMT+0000 (Coordinated Universal Time),Mon Aug 18 2025 13:21:53 GMT+0000 (Coordinated Universal Time),De Harmonie Café,,Thu Sep 25 2025 08:30:00 GMT+0000 (Coordinated Universal Time),10:30,,De Harmonie,,"Kom een gezellig moment delen met het animatieteam van Harmonie. We delen onze ideeën voor de komende maanden, maar we luisteren vooral naar jullie ideeën. Het is ook een kans voor u om ons te vertellen wat er verbeterd moet worden bij l'Harmonie, of het nu gaat om entertainment, service of algemene organisatie. Als het gaat om wat er op je bord ligt, zijn je ideeën welkom bij de “ comité menu ” elke 3de dinsdag van de maand (volgende vergadering op 17/06).","Venez partager un moment convivial avec l'équipe d'animation de l'Harmonie. Nous vous partagerons nos idées pour les mois à venir mais SURTOUT nous écouterons vos idées. L'occasion aussi de nous indiquer les points à améliorer à l'Harmonie, que ce soit pour l'animation mais aussi pour les services ou l'organisation en général. Attention que pour le contenu de votre assiette, vos idées sont les bienvenues au ""comité menu"" chaque 3e mardi du mois (prochain rdv le 17/06).","We houden dit evenement elke laatste donderdag van de maand, volgende keer donderdag 31/07.","Nous vous proposons ce rendez-vous tous les derniers jeudis du mois, prochain rendez-vous le jeudi 31/07",donderdag,jeudi,september,septembre,Gepubliceerd,
De Harmonie Café,de-harmonie-cafe-9,6218bc292822d0fe3ce3347b,653ad4ede882f528b327d8f8,68d15727ad092bfe439e36b6,false,false,Mon Sep 22 2025 14:03:19 GMT+0000 (Coordinated Universal Time),Mon Oct 06 2025 10:47:07 GMT+0000 (Coordinated Universal Time),Mon Oct 06 2025 10:47:07 GMT+0000 (Coordinated Universal Time),De Harmonie Café,,Thu Oct 23 2025 11:30:00 GMT+0000 (Coordinated Universal Time),13:30,,De Harmonie,,"Kom een gezellig moment delen met het animatieteam van Harmonie. We delen onze ideeën voor de komende maanden, maar we luisteren vooral naar jullie ideeën. Het is ook een kans voor u om ons te vertellen wat er verbeterd moet worden bij l'Harmonie, of het nu gaat om entertainment, service of algemene organisatie. Als het gaat om wat er op je bord ligt, zijn je ideeën welkom bij de “ comité menu ” elke 3de dinsdag van de maand (volgende vergadering op 14/10).","Venez partager un moment convivial avec l'équipe d'animation de l'Harmonie. Nous vous partagerons nos idées pour les mois à venir mais SURTOUT nous écouterons vos idées. L'occasion aussi de nous indiquer les points à améliorer à l'Harmonie, que ce soit pour l'animation mais aussi pour les services ou l'organisation en général. Attention que pour le contenu de votre assiette, vos idées sont les bienvenues au ""comité menu"" chaque 3e mardi du mois (prochain rdv le 14/10).","We houden dit evenement elke laatste donderdag van de maand, volgende keer donderdag 27/11.","Nous vous proposons ce rendez-vous tous les derniers jeudis du mois, prochain rendez-vous le jeudi 27/11.",donderdag,jeudi,oktober,octobre,Gepubliceerd,
DE HARMONIE GAAT OP VAKANTIE !,de-harmonie-gaat-op-vakantie,6218bc292822d0fe3ce3347b,653ad4ede882f528b327d8f8,64942b90221ba05b97768e98,false,false,Thu Jun 22 2023 11:08:00 GMT+0000 (Coordinated Universal Time),Thu Jun 22 2023 11:21:34 GMT+0000 (Coordinated Universal Time),Thu Jun 22 2023 11:56:50 GMT+0000 (Coordinated Universal Time),DE HARMONIE PREND DES VACANCES ! ,,Mon Jul 24 2023 07:30:00 GMT+0000 (Coordinated Universal Time),,,Bora Bora,,"De Harmonie neemt haar jaarlijkse vakantie van maandag 24 juli tot en met zondag 6 augustus. Op maandag 7 augustus zijn we terug in topvorm met nieuwe menu's, nieuwe activiteiten, nieuwe diensten en nog veel meer :) ","De Harmonie prend ses vacances annuelles du lundi 24 juillet au dimanche 6 août. On vous revient le lundi 7 août en pleine forme avec de nouveaux menus, de nouvelles activités, de nouveaux services et encore bien d'autres choses :) ","Houd er rekening mee dat we gesloten zijn, maar dat sommige activiteiten nog wel doorgaan (museum met Pepita, muziek in de Vaux-Hall).","Attention nous sommes fermés mais certaines activités auront bien lieu (musée avec Pepita, musique au Vaux-Hall)",maandag,lundi,juli-augustus,juillet-août,Gepubliceerd,
De Harmonie is op zoek naar...,de-harmonie-is-op-zoek-naar-2,6218bc292822d0fe3ce3347b,653ad4ede882f528b327d8f8,63ff1ab2fc1d3e4d756ed323,false,false,Wed Mar 01 2023 09:28:18 GMT+0000 (Coordinated Universal Time),Wed Mar 08 2023 09:44:11 GMT+0000 (Coordinated Universal Time),Wed Mar 08 2023 09:44:32 GMT+0000 (Coordinated Universal Time),De Harmonie recherche,,Wed Mar 08 2023 09:05:00 GMT+0000 (Coordinated Universal Time),,,De Harmonie,,"De Harmonie wil haar workshops uitbreiden en is op zoek naar nieuwe vrijwilligers voor : - Een Engelse conversatietafel (beginners of gevorderden)
- Een Brusseleirse conversatietafel - een juwelenatelier - een zangworkshop.","De Harmonie désire développer son offre d'ateliers et recherche de nouveaux volontaires pour : - Une table de conversation en anglais (débutants ou avancés)
- Une table de conversation en bruxellois
- un atelier bijou - un atelier chant.","Bent u of kent u de perfecte persoon, kom dan naar de receptie! ","Si vous êtes ou si vous connaissez la perle rare, venez nous voir à l'accueil ! ",Elke dag,Tous les jours,,,Gepubliceerd,
⛄ De Harmonie KERSTMARKT !,de-harmonie-kerstmarkt,6218bc292822d0fe3ce3347b,653ad4ede882f528b327d8f8,692db714b72c1fc91f69c6cf,false,false,Mon Dec 01 2025 15:41:08 GMT+0000 (Coordinated Universal Time),Tue Dec 02 2025 13:56:53 GMT+0000 (Coordinated Universal Time),Tue Dec 02 2025 13:56:53 GMT+0000 (Coordinated Universal Time),⛄ Le MARCHÉ DE NOËL de l'Harmonie !,,Wed Dec 03 2025 13:00:00 GMT+0000 (Coordinated Universal Time),14:00,18:00,De Harmonie,,"Kom uzelf en uw naasten verwennen op onze mooie kerstmarkt, met een unieke sfeer die nog betoverender is dan de winterpret zelf :D ","Venez vous faire plaisir et faire plaisir à votre entourage avec notre joli marché de Noël, une ambiance unique et plus féérique que les plaisirs d'hiver :D ",,,woensdag,mercredi,december,decembre,Gepubliceerd,
De Harmonie op radio BX1,de-harmonie-op-radio-bx1,6218bc292822d0fe3ce3347b,653ad4ede882f528b327d8f8,640855499bca9fe3c98b088b,false,false,Wed Mar 08 2023 09:28:41 GMT+0000 (Coordinated Universal Time),Wed Mar 08 2023 09:28:41 GMT+0000 (Coordinated Universal Time),Wed Mar 08 2023 09:28:53 GMT+0000 (Coordinated Universal Time),De Harmonie sur la radio BX1,,Wed Mar 08 2023 09:00:00 GMT+0000 (Coordinated Universal Time),,,www.BX1.be,,"Stefica, Magdalena en Jean-Claude praten over de Noordwijk en De Harmonie in het programma Quartiers op BX1. Het volledige programma is te vinden op het volgende adres : https://bx1.be/radio-emission/quartiers-06-03-23/","Stefica, Magdalena et Jean-Claude parlent du Quartier Nord et De Harmonie dans l'émission Quartiers sur BX1. Vous pouvez retrouver l'émission au grand complet à l'adresse suivante : https://bx1.be/radio-emission/quartiers-06-03-23/",,,Elke Dag,Tous les jours,,,Gepubliceerd,
De kerstboom versieren,de-kerstboom-versieren,6218bc292822d0fe3ce3347b,653ad4ede882f528b327d8f8,656724a2be3cb1d1bb91447a,false,false,Wed Nov 29 2023 11:46:42 GMT+0000 (Coordinated Universal Time),Wed Nov 29 2023 11:46:42 GMT+0000 (Coordinated Universal Time),Wed Nov 29 2023 11:46:47 GMT+0000 (Coordinated Universal Time),Décoration du sapin de Noël,,Tue Dec 05 2023 13:00:00 GMT+0000 (Coordinated Universal Time),14:00,,De Harmonie,,Kom en versier onze gigantische kerstboom met ons !,Venez décorer notre sapin de Noël géant avec nous !,,,dinsdag,mardi,december,decembre,Gepubliceerd,
De kerstverhalen van MerlinConteur,de-kerstverhalen-van-merlinconteur,6218bc292822d0fe3ce3347b,653ad4ede882f528b327d8f8,6565f84903b210e878eedb70,false,false,Tue Nov 28 2023 14:25:13 GMT+0000 (Coordinated Universal Time),Thu Dec 21 2023 13:25:38 GMT+0000 (Coordinated Universal Time),Thu Dec 21 2023 13:25:45 GMT+0000 (Coordinated Universal Time),Les Contes de Noël de MerlinConteur,,Fri Dec 22 2023 13:00:00 GMT+0000 (Coordinated Universal Time),14:00,,De Harmonie,,MerlinConteur is terug om zijn meest kleurrijke verhalen over het thema Kerstmis te delen. Een vleugje Andersen in de Marollen :) ,MerlinConteur revient nous partager ses contes les plus truculents autour de la thématique de Noël. Un soupçon d'Andersen dans les Marolles :) ,,,vrijdag,vendredi,december,decembre,Gepubliceerd,
Diamond Painting Workshop ,diamond-painting-workshop-50,6218bc292822d0fe3ce3347b,653ad4ede882f528b327d8f8,687910c1e6f575324b54c4f2,false,false,Thu Jul 17 2025 15:03:29 GMT+0000 (Coordinated Universal Time),Thu Jul 17 2025 15:03:29 GMT+0000 (Coordinated Universal Time),Thu Jul 17 2025 15:03:29 GMT+0000 (Coordinated Universal Time),Atelier de Diamond Painting,,Fri Aug 01 2025 12:00:00 GMT+0000 (Coordinated Universal Time),14:00,,De Harmonie,,"Een ontspannende ervaring, een fijne motorische training met het plezier van de ogen! ","Une expérience relaxante, un entrainement de la motricité fine avec le plaisir des yeux à la clé ! ",Deelnemers kunnen hun eigen ontwerp meebrengen of er een van ons kopen.,Les participants peuvent venir avec leur propre dessin ou en acheter un chez nous.,vrijdag,vendredi,augustus,août,Gepubliceerd,
Diamond Painting Workshop met Nadia,diamond-painting-workshop-51,6218bc292822d0fe3ce3347b,653ad4ede882f528b327d8f8,687910e4cc7fd889e47ea833,false,false,Thu Jul 17 2025 15:04:04 GMT+0000 (Coordinated Universal Time),Mon Aug 18 2025 09:07:47 GMT+0000 (Coordinated Universal Time),Mon Aug 18 2025 09:07:47 GMT+0000 (Coordinated Universal Time),Atelier de Diamond Painting avec Nadia,,Fri Aug 22 2025 12:00:00 GMT+0000 (Coordinated Universal Time),14:00,,De Harmonie,,"Een ontspannende ervaring, een fijne motorische training met het plezier van de ogen! ","Une expérience relaxante, un entrainement de la motricité fine avec le plaisir des yeux à la clé ! ",Deelnemers kunnen hun eigen ontwerp meebrengen of er een van ons kopen.,Les participants peuvent venir avec leur propre dessin ou en acheter un chez nous.,vrijdag,vendredi,augustus,août,Gepubliceerd,
Diamond Painting Workshop met Nadia ,diamond-painting-workshop-met-nadia,6218bc292822d0fe3ce3347b,653ad4ede882f528b327d8f8,68a329fb3999476a23dac0e2,false,false,Mon Aug 18 2025 13:26:19 GMT+0000 (Coordinated Universal Time),Mon Aug 18 2025 13:26:19 GMT+0000 (Coordinated Universal Time),Mon Aug 18 2025 13:26:19 GMT+0000 (Coordinated Universal Time),Atelier de Diamond Painting avec Nadia,,Fri Sep 05 2025 12:00:00 GMT+0000 (Coordinated Universal Time),14:00,,De Harmonie,,"Een ontspannende ervaring, een fijne motorische training met het plezier van de ogen! ","Une expérience relaxante, un entrainement de la motricité fine avec le plaisir des yeux à la clé ! ",Deelnemers kunnen hun eigen ontwerp meebrengen of er een van ons kopen.,Les participants peuvent venir avec leur propre dessin ou en acheter un chez nous.,vrijdag,vendredi,september,septembre,Gepubliceerd,
💎 Diamond Painting Workshop met Nadia 💎  ,diamond-painting-workshop-met-nadia-10,6218bc292822d0fe3ce3347b,653ad4ede882f528b327d8f8,6980c277c94ec758fa019d2a,false,false,Mon Feb 02 2026 15:27:51 GMT+0000 (Coordinated Universal Time),Mon Feb 02 2026 15:27:51 GMT+0000 (Coordinated Universal Time),Mon Feb 02 2026 15:27:51 GMT+0000 (Coordinated Universal Time),💎 Atelier de Diamond Painting avec Nadia 💎,,Fri Feb 20 2026 13:00:00 GMT+0000 (Coordinated Universal Time),14:00,,De Harmonie,,"Een ontspannende ervaring, een fijne motorische training met het plezier van de ogen! ","Une expérience relaxante, un entrainement de la motricité fine avec le plaisir des yeux à la clé ! ",Deelnemers kunnen hun eigen ontwerp meebrengen of er een van ons kopen.,Les participants peuvent venir avec leur propre dessin ou en acheter un chez nous.,vrijdag,vendredi,februari,fevrier,Gepubliceerd,
💎 Diamond Painting Workshop met Nadia 💎  ,diamond-painting-workshop-met-nadia-11,6218bc292822d0fe3ce3347b,653ad4ede882f528b327d8f8,699eef085af26fd03b0a6d10,false,false,Wed Feb 25 2026 12:46:00 GMT+0000 (Coordinated Universal Time),Wed Feb 25 2026 12:46:00 GMT+0000 (Coordinated Universal Time),Wed Feb 25 2026 12:46:00 GMT+0000 (Coordinated Universal Time),💎 Atelier de Diamond Painting avec Nadia 💎,,Fri Mar 06 2026 13:00:00 GMT+0000 (Coordinated Universal Time),14:00,,De Harmonie,,"Een ontspannende ervaring, een fijne motorische training met het plezier van de ogen! ","Une expérience relaxante, un entrainement de la motricité fine avec le plaisir des yeux à la clé ! ",Deelnemers kunnen hun eigen ontwerp meebrengen of er een van ons kopen.,Les participants peuvent venir avec leur propre dessin ou en acheter un chez nous.,vrijdag,vendredi,maart,mars,Gepubliceerd,
💎 Diamond Painting Workshop met Nadia 💎   ,diamond-painting-workshop-met-nadia-12,6218bc292822d0fe3ce3347b,653ad4ede882f528b327d8f8,699eef226c0445bddbb3f0fd,false,false,Wed Feb 25 2026 12:46:26 GMT+0000 (Coordinated Universal Time),Wed Feb 25 2026 12:46:26 GMT+0000 (Coordinated Universal Time),Wed Feb 25 2026 12:46:26 GMT+0000 (Coordinated Universal Time),💎 Atelier de Diamond Painting avec Nadia 💎,,Fri Mar 20 2026 13:00:00 GMT+0000 (Coordinated Universal Time),14:00,,De Harmonie,,"Een ontspannende ervaring, een fijne motorische training met het plezier van de ogen! ","Une expérience relaxante, un entrainement de la motricité fine avec le plaisir des yeux à la clé ! ",Deelnemers kunnen hun eigen ontwerp meebrengen of er een van ons kopen.,Les participants peuvent venir avec leur propre dessin ou en acheter un chez nous.,vrijdag,vendredi,maart,mars,Gepubliceerd,
💎 Diamond Painting Workshop met Nadia 💎 ,diamond-painting-workshop-met-nadia-13,6218bc292822d0fe3ce3347b,653ad4ede882f528b327d8f8,69c116df4c53d2899e4c440d,false,false,Mon Mar 23 2026 10:33:03 GMT+0000 (Coordinated Universal Time),Mon Mar 23 2026 10:33:03 GMT+0000 (Coordinated Universal Time),Mon Mar 23 2026 10:33:03 GMT+0000 (Coordinated Universal Time),💎 Atelier de Diamond Painting avec Nadia 💎,,Fri Apr 03 2026 12:00:00 GMT+0000 (Coordinated Universal Time),14:00,,De Harmonie,,"Een ontspannende ervaring, een fijne motorische training met het plezier van de ogen! ","Une expérience relaxante, un entrainement de la motricité fine avec le plaisir des yeux à la clé ! ",Deelnemers kunnen hun eigen ontwerp meebrengen of er een van ons kopen.,Les participants peuvent venir avec leur propre dessin ou en acheter un chez nous.,vrijdag,vendredi,april,avril,Gepubliceerd,
💎 Diamond Painting Workshop met Nadia 💎 ,diamond-painting-workshop-met-nadia-14,6218bc292822d0fe3ce3347b,653ad4ede882f528b327d8f8,69c11703d12638f7bd05d7c6,false,false,Mon Mar 23 2026 10:33:39 GMT+0000 (Coordinated Universal Time),Mon Mar 23 2026 10:33:39 GMT+0000 (Coordinated Universal Time),Mon Mar 23 2026 10:33:39 GMT+0000 (Coordinated Universal Time),💎 Atelier de Diamond Painting avec Nadia 💎,,Fri Apr 17 2026 12:00:00 GMT+0000 (Coordinated Universal Time),14:00,,De Harmonie,,"Een ontspannende ervaring, een fijne motorische training met het plezier van de ogen! ","Une expérience relaxante, un entrainement de la motricité fine avec le plaisir des yeux à la clé ! ",Deelnemers kunnen hun eigen ontwerp meebrengen of er een van ons kopen.,Les participants peuvent venir avec leur propre dessin ou en acheter un chez nous.,vrijdag,vendredi,april,avril,Gepubliceerd,
Diamond Painting Workshop met Nadia  ,diamond-painting-workshop-met-nadia-2,6218bc292822d0fe3ce3347b,653ad4ede882f528b327d8f8,68a32a1c0c2364e4e62e37bf,false,false,Mon Aug 18 2025 13:26:52 GMT+0000 (Coordinated Universal Time),Mon Aug 18 2025 13:26:52 GMT+0000 (Coordinated Universal Time),Mon Aug 18 2025 13:26:52 GMT+0000 (Coordinated Universal Time),Atelier de Diamond Painting avec Nadia,,Fri Sep 19 2025 12:00:00 GMT+0000 (Coordinated Universal Time),14:00,,De Harmonie,,"Een ontspannende ervaring, een fijne motorische training met het plezier van de ogen! ","Une expérience relaxante, un entrainement de la motricité fine avec le plaisir des yeux à la clé ! ",Deelnemers kunnen hun eigen ontwerp meebrengen of er een van ons kopen.,Les participants peuvent venir avec leur propre dessin ou en acheter un chez nous.,vrijdag,vendredi,september,septembre,Gepubliceerd,
Diamond Painting Workshop met Nadia,diamond-painting-workshop-met-nadia-3,6218bc292822d0fe3ce3347b,653ad4ede882f528b327d8f8,68d158d47c66a41bf1bcddc7,false,false,Mon Sep 22 2025 14:10:28 GMT+0000 (Coordinated Universal Time),Mon Sep 22 2025 14:10:28 GMT+0000 (Coordinated Universal Time),Mon Sep 22 2025 14:10:28 GMT+0000 (Coordinated Universal Time),Atelier de Diamond Painting avec Nadia,,Fri Oct 03 2025 12:00:00 GMT+0000 (Coordinated Universal Time),14:00,,De Harmonie,,"Een ontspannende ervaring, een fijne motorische training met het plezier van de ogen! ","Une expérience relaxante, un entrainement de la motricité fine avec le plaisir des yeux à la clé ! ",Deelnemers kunnen hun eigen ontwerp meebrengen of er een van ons kopen.,Les participants peuvent venir avec leur propre dessin ou en acheter un chez nous.,vrijdag,vendredi,oktober,octobre,Gepubliceerd,
Diamond Painting Workshop met Nadia,diamond-painting-workshop-met-nadia-4,6218bc292822d0fe3ce3347b,653ad4ede882f528b327d8f8,68d158e6ffc9e961d2f8acee,false,false,Mon Sep 22 2025 14:10:46 GMT+0000 (Coordinated Universal Time),Mon Sep 22 2025 14:10:46 GMT+0000 (Coordinated Universal Time),Mon Sep 22 2025 14:10:46 GMT+0000 (Coordinated Universal Time),Atelier de Diamond Painting avec Nadia,,Fri Oct 17 2025 12:00:00 GMT+0000 (Coordinated Universal Time),14:00,,De Harmonie,,"Een ontspannende ervaring, een fijne motorische training met het plezier van de ogen! ","Une expérience relaxante, un entrainement de la motricité fine avec le plaisir des yeux à la clé ! ",Deelnemers kunnen hun eigen ontwerp meebrengen of er een van ons kopen.,Les participants peuvent venir avec leur propre dessin ou en acheter un chez nous.,vrijdag,vendredi,oktober,octobre,Gepubliceerd,
Diamond Painting Workshop met Nadia,diamond-painting-workshop-met-nadia-5,6218bc292822d0fe3ce3347b,653ad4ede882f528b327d8f8,68d158f64d6fe18b968ea87d,false,false,Mon Sep 22 2025 14:11:02 GMT+0000 (Coordinated Universal Time),Mon Sep 22 2025 14:11:02 GMT+0000 (Coordinated Universal Time),Mon Sep 22 2025 14:11:02 GMT+0000 (Coordinated Universal Time),Atelier de Diamond Painting avec Nadia,,Fri Oct 31 2025 13:00:00 GMT+0000 (Coordinated Universal Time),14:00,,De Harmonie,,"Een ontspannende ervaring, een fijne motorische training met het plezier van de ogen! ","Une expérience relaxante, un entrainement de la motricité fine avec le plaisir des yeux à la clé ! ",Deelnemers kunnen hun eigen ontwerp meebrengen of er een van ons kopen.,Les participants peuvent venir avec leur propre dessin ou en acheter un chez nous.,vrijdag,vendredi,oktober,octobre,Gepubliceerd,
Diamond Painting Workshop met Nadia,diamond-painting-workshop-met-nadia-6,6218bc292822d0fe3ce3347b,653ad4ede882f528b327d8f8,68f762aa0c70d338933ba025,false,false,Tue Oct 21 2025 10:38:34 GMT+0000 (Coordinated Universal Time),Tue Oct 21 2025 10:38:34 GMT+0000 (Coordinated Universal Time),Tue Oct 21 2025 10:38:34 GMT+0000 (Coordinated Universal Time),Atelier de Diamond Painting avec Nadia,,Fri Nov 14 2025 13:00:00 GMT+0000 (Coordinated Universal Time),14:00,,De Harmonie,,"Een ontspannende ervaring, een fijne motorische training met het plezier van de ogen! ","Une expérience relaxante, un entrainement de la motricité fine avec le plaisir des yeux à la clé ! ",Deelnemers kunnen hun eigen ontwerp meebrengen of er een van ons kopen.,Les participants peuvent venir avec leur propre dessin ou en acheter un chez nous.,vrijdag,vendredi,november,novembre,Gepubliceerd,
Diamond Painting Workshop met Nadia,diamond-painting-workshop-met-nadia-7,6218bc292822d0fe3ce3347b,653ad4ede882f528b327d8f8,68f762bbbf1f2b7d0022a6ca,false,false,Tue Oct 21 2025 10:38:51 GMT+0000 (Coordinated Universal Time),Tue Oct 21 2025 10:38:51 GMT+0000 (Coordinated Universal Time),Tue Oct 21 2025 10:38:51 GMT+0000 (Coordinated Universal Time),Atelier de Diamond Painting avec Nadia,,Fri Nov 28 2025 13:00:00 GMT+0000 (Coordinated Universal Time),14:00,,De Harmonie,,"Een ontspannende ervaring, een fijne motorische training met het plezier van de ogen! ","Une expérience relaxante, un entrainement de la motricité fine avec le plaisir des yeux à la clé ! ",Deelnemers kunnen hun eigen ontwerp meebrengen of er een van ons kopen.,Les participants peuvent venir avec leur propre dessin ou en acheter un chez nous.,vrijdag,vendredi,november,novembre,Gepubliceerd,
Diamond Painting Workshop met Nadia Copy,diamond-painting-workshop-met-nadia-7-copy,6218bc292822d0fe3ce3347b,653ad4ede882f528b327d8f8,695d1e37929778a24f8d4976,false,false,Tue Jan 06 2026 14:37:43 GMT+0000 (Coordinated Universal Time),Wed Jan 07 2026 09:35:42 GMT+0000 (Coordinated Universal Time),Mon Mar 09 2026 10:43:46 GMT+0000 (Coordinated Universal Time),Atelier de Diamond Painting avec Nadia,,Fri Jan 09 2026 13:00:00 GMT+0000 (Coordinated Universal Time),14:00,,De Harmonie,,"Een ontspannende ervaring, een fijne motorische training met het plezier van de ogen! ","Une expérience relaxante, un entrainement de la motricité fine avec le plaisir des yeux à la clé ! ",Deelnemers kunnen hun eigen ontwerp meebrengen of er een van ons kopen.,Les participants peuvent venir avec leur propre dessin ou en acheter un chez nous.,vrijdag,vendredi,januari,janvier,Gepubliceerd,
Diamond Painting Workshop met Nadia Copy 2,diamond-painting-workshop-met-nadia-7-copy-2,6218bc292822d0fe3ce3347b,653ad4ede882f528b327d8f8,695d1e4620896d7c99c60865,false,false,Tue Jan 06 2026 14:37:58 GMT+0000 (Coordinated Universal Time),Wed Jan 07 2026 09:35:36 GMT+0000 (Coordinated Universal Time),Mon Mar 09 2026 10:43:46 GMT+0000 (Coordinated Universal Time),Atelier de Diamond Painting avec Nadia,,Fri Jan 23 2026 13:00:00 GMT+0000 (Coordinated Universal Time),14:00,,De Harmonie,,"Een ontspannende ervaring, een fijne motorische training met het plezier van de ogen! ","Une expérience relaxante, un entrainement de la motricité fine avec le plaisir des yeux à la clé ! ",Deelnemers kunnen hun eigen ontwerp meebrengen of er een van ons kopen.,Les participants peuvent venir avec leur propre dessin ou en acheter un chez nous.,vrijdag,vendredi,januari,janvier,Gepubliceerd,
💎 Diamond Painting Workshop met Nadia 💎,diamond-painting-workshop-met-nadia-8,6218bc292822d0fe3ce3347b,653ad4ede882f528b327d8f8,692dae8b422515e45f6054ba,false,false,Mon Dec 01 2025 15:04:43 GMT+0000 (Coordinated Universal Time),Tue Dec 02 2025 14:03:24 GMT+0000 (Coordinated Universal Time),Tue Dec 02 2025 14:03:24 GMT+0000 (Coordinated Universal Time),💎 Atelier de Diamond Painting avec Nadia 💎,,Fri Dec 12 2025 13:00:00 GMT+0000 (Coordinated Universal Time),14:00,,De Harmonie,,"Een ontspannende ervaring, een fijne motorische training met het plezier van de ogen! ","Une expérience relaxante, un entrainement de la motricité fine avec le plaisir des yeux à la clé ! ",Deelnemers kunnen hun eigen ontwerp meebrengen of er een van ons kopen.,Les participants peuvent venir avec leur propre dessin ou en acheter un chez nous.,vrijdag,vendredi,december,decembre,Gepubliceerd,
💎 Diamond Painting Workshop met Nadia 💎 ,diamond-painting-workshop-met-nadia-9,6218bc292822d0fe3ce3347b,653ad4ede882f528b327d8f8,6980c25cf542970d68b83f6b,false,false,Mon Feb 02 2026 15:27:24 GMT+0000 (Coordinated Universal Time),Mon Feb 02 2026 15:27:24 GMT+0000 (Coordinated Universal Time),Mon Feb 02 2026 15:27:24 GMT+0000 (Coordinated Universal Time),💎 Atelier de Diamond Painting avec Nadia 💎,,Fri Feb 06 2026 13:00:00 GMT+0000 (Coordinated Universal Time),14:00,,De Harmonie,,"Een ontspannende ervaring, een fijne motorische training met het plezier van de ogen! ","Une expérience relaxante, un entrainement de la motricité fine avec le plaisir des yeux à la clé ! ",Deelnemers kunnen hun eigen ontwerp meebrengen of er een van ons kopen.,Les participants peuvent venir avec leur propre dessin ou en acheter un chez nous.,vrijdag,vendredi,februari,fevrier,Gepubliceerd,
Digitale workshop  ,digitale-workshop-59,6218bc292822d0fe3ce3347b,653ad4ede882f528b327d8f8,687907f1224fb48cd43cb03d,false,false,Thu Jul 17 2025 14:25:53 GMT+0000 (Coordinated Universal Time),Thu Jul 17 2025 14:25:53 GMT+0000 (Coordinated Universal Time),Thu Jul 17 2025 14:25:53 GMT+0000 (Coordinated Universal Time),Atelier Numérique,,Wed Aug 13 2025 12:00:00 GMT+0000 (Coordinated Universal Time),14:00,16:00,De Harmonie,0,"Hulp nodig met je computer of smartphone? We staan klaar om je te helpen met alle soorten digitale diensten: een overdracht maken, een document zoeken, een toepassing installeren, een e-mail versturen, enz.","Besoin d'aide sur votre ordinateur ou votre smartphone ? Nous sommes disponibles pour vous aider pour tout style de service numérique : faire un virement, chercher un document, installer une application, faire un mail, etc.","Registratie verplicht. Er is een computer beschikbaar.
",Sur inscription uniquement. Un ordinateur est disponible sur place.,woensdag,mercredi,augustus,août,Gepubliceerd,
Digitale workshop   ,digitale-workshop-63,6218bc292822d0fe3ce3347b,653ad4ede882f528b327d8f8,68790a1e7b757479e45b97c8,false,false,Thu Jul 17 2025 14:35:10 GMT+0000 (Coordinated Universal Time),Thu Jul 17 2025 14:35:10 GMT+0000 (Coordinated Universal Time),Thu Jul 17 2025 14:35:10 GMT+0000 (Coordinated Universal Time),Atelier Numérique,,Wed Aug 06 2025 12:00:00 GMT+0000 (Coordinated Universal Time),14:00,16:00,De Harmonie,0,"Hulp nodig met je computer of smartphone? We staan klaar om je te helpen met alle soorten digitale diensten: een overdracht maken, een document zoeken, een toepassing installeren, een e-mail versturen, enz.","Besoin d'aide sur votre ordinateur ou votre smartphone ? Nous sommes disponibles pour vous aider pour tout style de service numérique : faire un virement, chercher un document, installer une application, faire un mail, etc.","Registratie verplicht. Er is een computer beschikbaar.
",Sur inscription uniquement. Un ordinateur est disponible sur place.,woensdag,mercredi,augustus,août,Gepubliceerd,
Digitale workshop    ,digitale-workshop-64,6218bc292822d0fe3ce3347b,653ad4ede882f528b327d8f8,68790a8e09302f82ceff4cc0,false,false,Thu Jul 17 2025 14:37:02 GMT+0000 (Coordinated Universal Time),Thu Jul 17 2025 14:37:02 GMT+0000 (Coordinated Universal Time),Thu Jul 17 2025 14:37:02 GMT+0000 (Coordinated Universal Time),Atelier Numérique,,Wed Aug 20 2025 12:00:00 GMT+0000 (Coordinated Universal Time),14:00,16:00,De Harmonie,0,"Hulp nodig met je computer of smartphone? We staan klaar om je te helpen met alle soorten digitale diensten: een overdracht maken, een document zoeken, een toepassing installeren, een e-mail versturen, enz.","Besoin d'aide sur votre ordinateur ou votre smartphone ? Nous sommes disponibles pour vous aider pour tout style de service numérique : faire un virement, chercher un document, installer une application, faire un mail, etc.","Registratie verplicht. Er is een computer beschikbaar.
",Sur inscription uniquement. Un ordinateur est disponible sur place.,woensdag,mercredi,augustus,août,Gepubliceerd,
Digitale workshop     ,digitale-workshop-65,6218bc292822d0fe3ce3347b,653ad4ede882f528b327d8f8,68790ac6a1e8fe84ae1166ab,false,false,Thu Jul 17 2025 14:37:58 GMT+0000 (Coordinated Universal Time),Thu Jul 17 2025 14:37:58 GMT+0000 (Coordinated Universal Time),Thu Jul 17 2025 14:37:58 GMT+0000 (Coordinated Universal Time),Atelier Numérique,,Wed Aug 27 2025 12:00:00 GMT+0000 (Coordinated Universal Time),14:00,16:00,De Harmonie,0,"Hulp nodig met je computer of smartphone? We staan klaar om je te helpen met alle soorten digitale diensten: een overdracht maken, een document zoeken, een toepassing installeren, een e-mail versturen, enz.","Besoin d'aide sur votre ordinateur ou votre smartphone ? Nous sommes disponibles pour vous aider pour tout style de service numérique : faire un virement, chercher un document, installer une application, faire un mail, etc.","Registratie verplicht. Er is een computer beschikbaar.
",Sur inscription uniquement. Un ordinateur est disponible sur place.,woensdag,mercredi,augustus,août,Gepubliceerd,
Digitale workshop      ,digitale-workshop-66,6218bc292822d0fe3ce3347b,653ad4ede882f528b327d8f8,68a32709845248870e2638f2,false,false,Mon Aug 18 2025 13:13:45 GMT+0000 (Coordinated Universal Time),Mon Aug 18 2025 13:13:45 GMT+0000 (Coordinated Universal Time),Mon Aug 18 2025 13:13:45 GMT+0000 (Coordinated Universal Time),Atelier Numérique,,Wed Sep 03 2025 12:00:00 GMT+0000 (Coordinated Universal Time),14:00,16:00,De Harmonie,0,"Hulp nodig met je computer of smartphone? We staan klaar om je te helpen met alle soorten digitale diensten: een overdracht maken, een document zoeken, een toepassing installeren, een e-mail versturen, enz.","Besoin d'aide sur votre ordinateur ou votre smartphone ? Nous sommes disponibles pour vous aider pour tout style de service numérique : faire un virement, chercher un document, installer une application, faire un mail, etc.","Registratie verplicht. Er is een computer beschikbaar.
",Sur inscription uniquement. Un ordinateur est disponible sur place.,woensdag,mercredi,september,septembre,Gepubliceerd,
Digitale workshop       ,digitale-workshop-67,6218bc292822d0fe3ce3347b,653ad4ede882f528b327d8f8,68a327219651249e8069af08,false,false,Mon Aug 18 2025 13:14:09 GMT+0000 (Coordinated Universal Time),Mon Aug 18 2025 13:14:09 GMT+0000 (Coordinated Universal Time),Mon Aug 18 2025 13:14:09 GMT+0000 (Coordinated Universal Time),Atelier Numérique,,Wed Sep 10 2025 12:00:00 GMT+0000 (Coordinated Universal Time),14:00,16:00,De Harmonie,0,"Hulp nodig met je computer of smartphone? We staan klaar om je te helpen met alle soorten digitale diensten: een overdracht maken, een document zoeken, een toepassing installeren, een e-mail versturen, enz.","Besoin d'aide sur votre ordinateur ou votre smartphone ? Nous sommes disponibles pour vous aider pour tout style de service numérique : faire un virement, chercher un document, installer une application, faire un mail, etc.","Registratie verplicht. Er is een computer beschikbaar.
",Sur inscription uniquement. Un ordinateur est disponible sur place.,woensdag,mercredi,september,septembre,Gepubliceerd,
Digitale workshop        ,digitale-workshop-68,6218bc292822d0fe3ce3347b,653ad4ede882f528b327d8f8,68a32732845248870e263faf,false,false,Mon Aug 18 2025 13:14:26 GMT+0000 (Coordinated Universal Time),Mon Aug 18 2025 13:14:26 GMT+0000 (Coordinated Universal Time),Mon Aug 18 2025 13:14:26 GMT+0000 (Coordinated Universal Time),Atelier Numérique,,Wed Sep 17 2025 12:00:00 GMT+0000 (Coordinated Universal Time),14:00,16:00,De Harmonie,0,"Hulp nodig met je computer of smartphone? We staan klaar om je te helpen met alle soorten digitale diensten: een overdracht maken, een document zoeken, een toepassing installeren, een e-mail versturen, enz.","Besoin d'aide sur votre ordinateur ou votre smartphone ? Nous sommes disponibles pour vous aider pour tout style de service numérique : faire un virement, chercher un document, installer une application, faire un mail, etc.","Registratie verplicht. Er is een computer beschikbaar.
",Sur inscription uniquement. Un ordinateur est disponible sur place.,woensdag,mercredi,september,septembre,Gepubliceerd,
Digitale workshop         ,digitale-workshop-69,6218bc292822d0fe3ce3347b,653ad4ede882f528b327d8f8,68a32744867fc56a1af49a0c,false,false,Mon Aug 18 2025 13:14:44 GMT+0000 (Coordinated Universal Time),Mon Aug 18 2025 13:14:44 GMT+0000 (Coordinated Universal Time),Mon Aug 18 2025 13:14:44 GMT+0000 (Coordinated Universal Time),Atelier Numérique,,Wed Sep 24 2025 12:00:00 GMT+0000 (Coordinated Universal Time),14:00,16:00,De Harmonie,0,"Hulp nodig met je computer of smartphone? We staan klaar om je te helpen met alle soorten digitale diensten: een overdracht maken, een document zoeken, een toepassing installeren, een e-mail versturen, enz.","Besoin d'aide sur votre ordinateur ou votre smartphone ? Nous sommes disponibles pour vous aider pour tout style de service numérique : faire un virement, chercher un document, installer une application, faire un mail, etc.","Registratie verplicht. Er is een computer beschikbaar.
",Sur inscription uniquement. Un ordinateur est disponible sur place.,woensdag,mercredi,september,septembre,Gepubliceerd,
Digitale workshop,digitale-workshop-70,6218bc292822d0fe3ce3347b,653ad4ede882f528b327d8f8,68d15662b7b57f3d8dd1af08,false,false,Mon Sep 22 2025 14:00:02 GMT+0000 (Coordinated Universal Time),Mon Sep 22 2025 14:00:02 GMT+0000 (Coordinated Universal Time),Mon Sep 22 2025 14:00:02 GMT+0000 (Coordinated Universal Time),Atelier Numérique,,Wed Oct 01 2025 12:00:00 GMT+0000 (Coordinated Universal Time),14:00,16:00,De Harmonie,0,"Hulp nodig met je computer of smartphone? We staan klaar om je te helpen met alle soorten digitale diensten: een overdracht maken, een document zoeken, een toepassing installeren, een e-mail versturen, enz.","Besoin d'aide sur votre ordinateur ou votre smartphone ? Nous sommes disponibles pour vous aider pour tout style de service numérique : faire un virement, chercher un document, installer une application, faire un mail, etc.","Registratie verplicht. Er is een computer beschikbaar.
",Sur inscription uniquement. Un ordinateur est disponible sur place.,woensdag,mercredi,oktober,octobre,Gepubliceerd,
Digitale workshop,digitale-workshop-71,6218bc292822d0fe3ce3347b,653ad4ede882f528b327d8f8,68d15671b02cc737aedf5166,false,false,Mon Sep 22 2025 14:00:17 GMT+0000 (Coordinated Universal Time),Mon Sep 22 2025 14:00:17 GMT+0000 (Coordinated Universal Time),Mon Sep 22 2025 14:00:17 GMT+0000 (Coordinated Universal Time),Atelier Numérique,,Wed Oct 08 2025 12:00:00 GMT+0000 (Coordinated Universal Time),14:00,16:00,De Harmonie,0,"Hulp nodig met je computer of smartphone? We staan klaar om je te helpen met alle soorten digitale diensten: een overdracht maken, een document zoeken, een toepassing installeren, een e-mail versturen, enz.","Besoin d'aide sur votre ordinateur ou votre smartphone ? Nous sommes disponibles pour vous aider pour tout style de service numérique : faire un virement, chercher un document, installer une application, faire un mail, etc.","Registratie verplicht. Er is een computer beschikbaar.
",Sur inscription uniquement. Un ordinateur est disponible sur place.,woensdag,mercredi,oktober,octobre,Gepubliceerd,
Digitale workshop,digitale-workshop-72,6218bc292822d0fe3ce3347b,653ad4ede882f528b327d8f8,68d1567fb02cc737aedf5ad8,false,false,Mon Sep 22 2025 14:00:31 GMT+0000 (Coordinated Universal Time),Mon Sep 22 2025 14:00:31 GMT+0000 (Coordinated Universal Time),Mon Sep 22 2025 14:00:31 GMT+0000 (Coordinated Universal Time),Atelier Numérique,,Wed Oct 15 2025 12:00:00 GMT+0000 (Coordinated Universal Time),14:00,16:00,De Harmonie,0,"Hulp nodig met je computer of smartphone? We staan klaar om je te helpen met alle soorten digitale diensten: een overdracht maken, een document zoeken, een toepassing installeren, een e-mail versturen, enz.","Besoin d'aide sur votre ordinateur ou votre smartphone ? Nous sommes disponibles pour vous aider pour tout style de service numérique : faire un virement, chercher un document, installer une application, faire un mail, etc.","Registratie verplicht. Er is een computer beschikbaar.
",Sur inscription uniquement. Un ordinateur est disponible sur place.,woensdag,mercredi,oktober,octobre,Gepubliceerd,
Digitale workshop,digitale-workshop-73,6218bc292822d0fe3ce3347b,653ad4ede882f528b327d8f8,68d1568eb10517c295ac8ee4,false,false,Mon Sep 22 2025 14:00:46 GMT+0000 (Coordinated Universal Time),Mon Sep 22 2025 14:00:46 GMT+0000 (Coordinated Universal Time),Mon Sep 22 2025 14:00:46 GMT+0000 (Coordinated Universal Time),Atelier Numérique,,Wed Oct 22 2025 12:00:00 GMT+0000 (Coordinated Universal Time),14:00,16:00,De Harmonie,0,"Hulp nodig met je computer of smartphone? We staan klaar om je te helpen met alle soorten digitale diensten: een overdracht maken, een document zoeken, een toepassing installeren, een e-mail versturen, enz.","Besoin d'aide sur votre ordinateur ou votre smartphone ? Nous sommes disponibles pour vous aider pour tout style de service numérique : faire un virement, chercher un document, installer une application, faire un mail, etc.","Registratie verplicht. Er is een computer beschikbaar.
",Sur inscription uniquement. Un ordinateur est disponible sur place.,woensdag,mercredi,oktober,octobre,Gepubliceerd,
Digitale workshop,digitale-workshop-74,6218bc292822d0fe3ce3347b,653ad4ede882f528b327d8f8,68d1569f26dfb94179424627,false,false,Mon Sep 22 2025 14:01:03 GMT+0000 (Coordinated Universal Time),Mon Sep 22 2025 14:01:03 GMT+0000 (Coordinated Universal Time),Mon Sep 22 2025 14:01:03 GMT+0000 (Coordinated Universal Time),Atelier Numérique,,Wed Oct 29 2025 13:00:00 GMT+0000 (Coordinated Universal Time),14:00,16:00,De Harmonie,0,"Hulp nodig met je computer of smartphone? We staan klaar om je te helpen met alle soorten digitale diensten: een overdracht maken, een document zoeken, een toepassing installeren, een e-mail versturen, enz.","Besoin d'aide sur votre ordinateur ou votre smartphone ? Nous sommes disponibles pour vous aider pour tout style de service numérique : faire un virement, chercher un document, installer une application, faire un mail, etc.","Registratie verplicht. Er is een computer beschikbaar.
",Sur inscription uniquement. Un ordinateur est disponible sur place.,woensdag,mercredi,oktober,octobre,Gepubliceerd,
Digitale workshop,digitale-workshop-75,6218bc292822d0fe3ce3347b,653ad4ede882f528b327d8f8,68f75680268cf9a3afee3c29,false,false,Tue Oct 21 2025 09:46:40 GMT+0000 (Coordinated Universal Time),Tue Oct 21 2025 09:46:40 GMT+0000 (Coordinated Universal Time),Tue Oct 21 2025 09:46:40 GMT+0000 (Coordinated Universal Time),Atelier Numérique,,Wed Nov 05 2025 13:00:00 GMT+0000 (Coordinated Universal Time),14:00,16:00,De Harmonie,0,"Hulp nodig met je computer of smartphone? We staan klaar om je te helpen met alle soorten digitale diensten: een overdracht maken, een document zoeken, een toepassing installeren, een e-mail versturen, enz.","Besoin d'aide sur votre ordinateur ou votre smartphone ? Nous sommes disponibles pour vous aider pour tout style de service numérique : faire un virement, chercher un document, installer une application, faire un mail, etc.","Registratie verplicht. Er is een computer beschikbaar.
",Sur inscription uniquement. Un ordinateur est disponible sur place.,woensdag,mercredi,november,novembre,Gepubliceerd,
Digitale workshop,digitale-workshop-76,6218bc292822d0fe3ce3347b,653ad4ede882f528b327d8f8,68f756f66810cc76b30bc978,false,false,Tue Oct 21 2025 09:48:38 GMT+0000 (Coordinated Universal Time),Tue Oct 21 2025 09:48:38 GMT+0000 (Coordinated Universal Time),Tue Oct 21 2025 09:48:38 GMT+0000 (Coordinated Universal Time),Atelier Numérique,,Wed Nov 12 2025 13:00:00 GMT+0000 (Coordinated Universal Time),14:00,16:00,De Harmonie,0,"Hulp nodig met je computer of smartphone? We staan klaar om je te helpen met alle soorten digitale diensten: een overdracht maken, een document zoeken, een toepassing installeren, een e-mail versturen, enz.","Besoin d'aide sur votre ordinateur ou votre smartphone ? Nous sommes disponibles pour vous aider pour tout style de service numérique : faire un virement, chercher un document, installer une application, faire un mail, etc.","Registratie verplicht. Er is een computer beschikbaar.
",Sur inscription uniquement. Un ordinateur est disponible sur place.,woensdag,mercredi,november,novembre,Gepubliceerd,
Digitale workshop,digitale-workshop-77,6218bc292822d0fe3ce3347b,653ad4ede882f528b327d8f8,68f75707ac251e5f5e4fae1b,false,false,Tue Oct 21 2025 09:48:55 GMT+0000 (Coordinated Universal Time),Tue Oct 21 2025 09:48:55 GMT+0000 (Coordinated Universal Time),Tue Oct 21 2025 09:48:55 GMT+0000 (Coordinated Universal Time),Atelier Numérique,,Wed Nov 19 2025 13:00:00 GMT+0000 (Coordinated Universal Time),14:00,16:00,De Harmonie,0,"Hulp nodig met je computer of smartphone? We staan klaar om je te helpen met alle soorten digitale diensten: een overdracht maken, een document zoeken, een toepassing installeren, een e-mail versturen, enz.","Besoin d'aide sur votre ordinateur ou votre smartphone ? Nous sommes disponibles pour vous aider pour tout style de service numérique : faire un virement, chercher un document, installer une application, faire un mail, etc.","Registratie verplicht. Er is een computer beschikbaar.
",Sur inscription uniquement. Un ordinateur est disponible sur place.,woensdag,mercredi,november,novembre,Gepubliceerd,
Digitale workshop,digitale-workshop-78,6218bc292822d0fe3ce3347b,653ad4ede882f528b327d8f8,68f7571517977ac2b6518a6b,false,false,Tue Oct 21 2025 09:49:09 GMT+0000 (Coordinated Universal Time),Tue Oct 21 2025 09:49:09 GMT+0000 (Coordinated Universal Time),Tue Oct 21 2025 09:49:09 GMT+0000 (Coordinated Universal Time),Atelier Numérique,,Wed Nov 26 2025 13:00:00 GMT+0000 (Coordinated Universal Time),14:00,16:00,De Harmonie,0,"Hulp nodig met je computer of smartphone? We staan klaar om je te helpen met alle soorten digitale diensten: een overdracht maken, een document zoeken, een toepassing installeren, een e-mail versturen, enz.","Besoin d'aide sur votre ordinateur ou votre smartphone ? Nous sommes disponibles pour vous aider pour tout style de service numérique : faire un virement, chercher un document, installer une application, faire un mail, etc.","Registratie verplicht. Er is een computer beschikbaar.
",Sur inscription uniquement. Un ordinateur est disponible sur place.,woensdag,mercredi,november,novembre,Gepubliceerd,
💻 Digitale workshop 💻,digitale-workshop-79,6218bc292822d0fe3ce3347b,653ad4ede882f528b327d8f8,692dab04e10f1ac6dc2905d9,false,false,Mon Dec 01 2025 14:49:40 GMT+0000 (Coordinated Universal Time),Tue Dec 02 2025 14:13:15 GMT+0000 (Coordinated Universal Time),Tue Dec 02 2025 14:13:15 GMT+0000 (Coordinated Universal Time),💻 Atelier Numérique 💻,,Wed Dec 10 2025 13:00:00 GMT+0000 (Coordinated Universal Time),14:00,16:00,De Harmonie,0,"Hulp nodig met je computer of smartphone? We staan klaar om je te helpen met alle soorten digitale diensten: een overdracht maken, een document zoeken, een toepassing installeren, een e-mail versturen, enz.","Besoin d'aide sur votre ordinateur ou votre smartphone ? Nous sommes disponibles pour vous aider pour tout style de service numérique : faire un virement, chercher un document, installer une application, faire un mail, etc.","Registratie verplicht. Er is een computer beschikbaar.
",Sur inscription uniquement. Un ordinateur est disponible sur place.,woensdag,mercredi,december,decembre,Gepubliceerd,
💻 Digitale workshop 💻 Copy,digitale-workshop-79-copy,6218bc292822d0fe3ce3347b,653ad4ede882f528b327d8f8,695d1a659de492342e7eba9f,false,false,Tue Jan 06 2026 14:21:25 GMT+0000 (Coordinated Universal Time),Wed Jan 07 2026 10:28:39 GMT+0000 (Coordinated Universal Time),Mon Mar 09 2026 10:43:46 GMT+0000 (Coordinated Universal Time),💻 Atelier Numérique 💻,,Wed Jan 14 2026 13:00:00 GMT+0000 (Coordinated Universal Time),14:00,16:00,De Harmonie,0,"Hulp nodig met je computer of smartphone? We staan klaar om je te helpen met alle soorten digitale diensten: een overdracht maken, een document zoeken, een toepassing installeren, een e-mail versturen, enz.","Besoin d'aide sur votre ordinateur ou votre smartphone ? Nous sommes disponibles pour vous aider pour tout style de service numérique : faire un virement, chercher un document, installer une application, faire un mail, etc.","Registratie verplicht. Er is een computer beschikbaar.
",Sur inscription uniquement. Un ordinateur est disponible sur place.,woensdag,mercredi,januari,janvier,Gepubliceerd,
💻 Digitale workshop 💻 ,digitale-workshop-80,6218bc292822d0fe3ce3347b,653ad4ede882f528b327d8f8,6980be972b0417680f15d714,false,false,Mon Feb 02 2026 15:11:19 GMT+0000 (Coordinated Universal Time),Mon Feb 02 2026 15:11:19 GMT+0000 (Coordinated Universal Time),Mon Feb 02 2026 15:11:19 GMT+0000 (Coordinated Universal Time),💻 Atelier Numérique 💻,,Wed Feb 11 2026 13:00:00 GMT+0000 (Coordinated Universal Time),14:00,16:00,De Harmonie,0,"Hulp nodig met je computer of smartphone? We staan klaar om je te helpen met alle soorten digitale diensten: een overdracht maken, een document zoeken, een toepassing installeren, een e-mail versturen, enz.","Besoin d'aide sur votre ordinateur ou votre smartphone ? Nous sommes disponibles pour vous aider pour tout style de service numérique : faire un virement, chercher un document, installer une application, faire un mail, etc.","Registratie verplicht. Er is een computer beschikbaar.
",Sur inscription uniquement. Un ordinateur est disponible sur place.,woensdag,mercredi,februari,fevrier,Gepubliceerd,
💻 Digitale workshop 💻  ,digitale-workshop-81,6218bc292822d0fe3ce3347b,653ad4ede882f528b327d8f8,699eec6ac1a2274a7dfe8ad1,false,false,Wed Feb 25 2026 12:34:50 GMT+0000 (Coordinated Universal Time),Wed Feb 25 2026 12:34:50 GMT+0000 (Coordinated Universal Time),Wed Feb 25 2026 12:34:50 GMT+0000 (Coordinated Universal Time),💻 Atelier Numérique 💻,,Wed Mar 11 2026 13:00:00 GMT+0000 (Coordinated Universal Time),14:00,16:00,De Harmonie,0,"Hulp nodig met je computer of smartphone? We staan klaar om je te helpen met alle soorten digitale diensten: een overdracht maken, een document zoeken, een toepassing installeren, een e-mail versturen, enz.","Besoin d'aide sur votre ordinateur ou votre smartphone ? Nous sommes disponibles pour vous aider pour tout style de service numérique : faire un virement, chercher un document, installer une application, faire un mail, etc.","Registratie verplicht. Er is een computer beschikbaar.
",Sur inscription uniquement. Un ordinateur est disponible sur place.,woensdag,mercredi,maart,mars,Gepubliceerd,
💻 Digitale workshop 💻,digitale-workshop-82,6218bc292822d0fe3ce3347b,653ad4ede882f528b327d8f8,69c113c64c53d2899e4b3582,false,false,Mon Mar 23 2026 10:19:50 GMT+0000 (Coordinated Universal Time),Mon Mar 23 2026 10:19:50 GMT+0000 (Coordinated Universal Time),Mon Mar 23 2026 10:19:50 GMT+0000 (Coordinated Universal Time),💻 Atelier Numérique 💻,,Wed Apr 08 2026 12:00:00 GMT+0000 (Coordinated Universal Time),14:00,16:00,De Harmonie,0,"Hulp nodig met je computer of smartphone? We staan klaar om je te helpen met alle soorten digitale diensten: een overdracht maken, een document zoeken, een toepassing installeren, een e-mail versturen, enz.","Besoin d'aide sur votre ordinateur ou votre smartphone ? Nous sommes disponibles pour vous aider pour tout style de service numérique : faire un virement, chercher un document, installer une application, faire un mail, etc.","Registratie verplicht. Er is een computer beschikbaar.
",Sur inscription uniquement. Un ordinateur est disponible sur place.,woensdag,mercredi,april,avril,Gepubliceerd,
"Documentaire : ""Compostez-moi"" + Dood Koffie",documentaire-compostez-moi-dood-koffie,6218bc292822d0fe3ce3347b,653ad4ede882f528b327d8f8,672cd4e33e44d7d27299fc12,false,false,Thu Nov 07 2024 14:55:31 GMT+0000 (Coordinated Universal Time),Thu Nov 07 2024 14:55:31 GMT+0000 (Coordinated Universal Time),Thu Nov 07 2024 14:55:39 GMT+0000 (Coordinated Universal Time),"Documentaire : ""Compostez-moi"" + Café de la mort",,Mon Nov 25 2024 12:30:00 GMT+0000 (Coordinated Universal Time),13:30,16:00,De Harmonie,0,"Allerheiligen was, zoals elk jaar, een gelegenheid om in het bijzonder aan onze dierbaren te denken. Het onderwerp van de dood wordt steeds meer taboe en kan beangstigend zijn. Dus wat als we er tegenin gaan en er persoonlijk over praten? Het is een veelomvattend onderwerp, met vele interpretaties, en het is een kans voor ons allemaal om onze overtuigingen, hoop en angsten te delen over een onderwerp dat ons allemaal aangaat. En wat is er beter dan een warme kop om ons tegelijkertijd te troosten? Om ons 'in de stemming' te brengen, bieden we je een documentaire die voorstelt om onze tradities met betrekking tot begraven te heroverwegen. ","La Toussaint a été une occasion, comme chaque année, de penser en particulier à nos disparus. De plus en plus tabou, le sujet de la mort peut faire peur. Et si, à contre courant, nous en parlions de vive voix ? Sujet extrêmement vaste, aux interprétations multiples, c'est l'occasion de partager tous ensemble nos croyances, nos espoirs et nos craintes sur ce sujet qui nous concerne tous. Et quoi de mieux qu'une tasse bien chaude pour nous réconforter en même temps ? Pour nous ""mettre dans l'ambiance"", nous vous proposons un documentaire qui propose de repenser nos traditions en lien avec l'inhumation. ",Je kunt alleen de documentaire of alleen de discussie bijwonen. ,Il est possible d'assister au documentaire uniquement ou à la discussion uniquement. ,maandag,lundi,november,novembre,Gepubliceerd,
Driekoningentaart,driekoningentaart,6218bc292822d0fe3ce3347b,653ad4ede882f528b327d8f8,63ac09d36d7d6c5325b75205,false,false,Wed Dec 28 2022 09:18:11 GMT+0000 (Coordinated Universal Time),Wed Dec 28 2022 09:18:11 GMT+0000 (Coordinated Universal Time),Wed Dec 28 2022 09:48:14 GMT+0000 (Coordinated Universal Time),Galette des Rois,,Fri Jan 06 2023 12:00:00 GMT+0000 (Coordinated Universal Time),13:00,,De Harmonie,,Wie vindt de boon en wordt de koning of koningin van De Harmonie ?,Qui trouvera la fève et deviendra ainsi le Roi ou la Reine De Harmonie ?,,,vrijdag,vendredi,januari,janvier,Gepubliceerd,
Driekoningentaart,driekoningentaart-2,6218bc292822d0fe3ce3347b,653ad4ede882f528b327d8f8,676d3d608aee29ae3851aaec,false,false,Thu Dec 26 2024 11:26:24 GMT+0000 (Coordinated Universal Time),Thu Dec 26 2024 11:26:24 GMT+0000 (Coordinated Universal Time),Thu Dec 26 2024 11:26:24 GMT+0000 (Coordinated Universal Time),Galette des Rois,,Mon Jan 06 2025 12:00:00 GMT+0000 (Coordinated Universal Time),13:00,,De Harmonie,,Wie vindt de boon en wordt de koning of koningin van De Harmonie ?,Qui trouvera la fève et deviendra ainsi le Roi ou la Reine de l'Harmonie ?,,,maandag,lundi,januari,janvier,Gepubliceerd,
Een dag naar Nieuwpoort met Arnaud,een-dag-naar-nieuwpoort-met-arnaud,6218bc292822d0fe3ce3347b,653ad4ede882f528b327d8f8,64ef45e9063790cf0919710a,false,false,Wed Aug 30 2023 13:36:41 GMT+0000 (Coordinated Universal Time),Wed Aug 30 2023 13:36:41 GMT+0000 (Coordinated Universal Time),Wed Aug 30 2023 13:36:46 GMT+0000 (Coordinated Universal Time),Une journée à Nieuport avec Arnaud,,Wed Sep 13 2023 06:45:00 GMT+0000 (Coordinated Universal Time),08:56,19:04,Nieuwpoort,,"Arnaud nodigt je uit om langs te komen en hallo te zeggen tegen onze vrienden die de week in Nieupoort doorbrengen en, wie weet, van de gelegenheid gebruik te maken om in het water te spetteren :)","Arnaud vous propose de l'accompagner pour aller saluer nos amis qui passent la semaine à Nieupoort et, qui sait, en profiter pour barboter les pieds dans l'eau :) ","Om het meeste uit de dag te halen (en te voorkomen dat we na het middaguur aankomen), nemen we de trein vroeg: 08:56 op Brussel Noord, 09:01 op Brussel Centraal en 09:08 op Brussel-Zuid. We komen om 10.17 uur aan in Oostende. Dan de tram van De Lijn om 10.32 uur om om 11.18 uur in Nieuwpoort aan te komen. Voor de terugreis nemen we de tram om 16.33 uur en de trein om 17.40 uur. We komen aan in Brussel-Zuid om 18.55 uur, in Brussel-Centraal om 19.00 uur en in Brussel-Noord om 19.04 uur.","Pour profiter pleinement de cette journée (et ne pas arriver sur place passé midi) nous prendrons le train assez tôt : 08h56 à la Gare du Nord, 09h01 à la Gare Centrale et 09h08 à Bruxelles Midi. Nous arriverons à 10h17 à Ostende. Ensuite le tram De Lijn à 10h32 pour enfin arriver à Nieuwpoort à 11h18. Pour le retour nous prendrons le tram à 16h33 et le train à 17h40 pour être de retour à Bruxelles Midi à 18h55, Bruxelles Centrale à 19h et Bruxelles Nord à 19h04.",woensdag,mercredi,september,septembre,Gepubliceerd,
expo avec marie ,expo-avec-marie,6218bc292822d0fe3ce3347b,653ad4ede882f528b327d8f8,6981f3ef2ad2a41ea94ee3ee,false,false,Tue Feb 03 2026 13:11:11 GMT+0000 (Coordinated Universal Time),Tue Feb 03 2026 13:11:11 GMT+0000 (Coordinated Universal Time),Tue Feb 03 2026 13:11:11 GMT+0000 (Coordinated Universal Time),centrale électrique michel couturier la friche et la galaxie ,,Fri Feb 13 2026 13:30:00 GMT+0000 (Coordinated Universal Time),,,place sainte catherine ,1.25,L'artiste a promené sa caméra dans des paysages urbains et préurbains et en a tiré des images et des dessins pleins de poésie sans doute hélas la dernière expo avant la fermeture de la centrale que nous voulons honorer et qui est victime de la calamiteuse gestion bruxelloise ,"De kunstenaar heeft zijn camera door stedelijke en voorstedelijke landschappen geleid en daaruit beelden en tekeningen vol poëzie gehaald. Helaas is dit waarschijnlijk de laatste tentoonstelling voor de sluiting van de centrale, die we willen eren en die het slachtoffer is van het rampzalige Brusselse beleid. ",,,vrijdag,vendredi ,februari ,fevrier ,,
"FAMILIE CINÉ-CLUB : ""Coco""",familie-cine-club,6218bc292822d0fe3ce3347b,653ad4ede882f528b327d8f8,68d14e4a33abe982ef0a377f,false,false,Mon Sep 22 2025 13:25:30 GMT+0000 (Coordinated Universal Time),Mon Sep 22 2025 13:44:51 GMT+0000 (Coordinated Universal Time),Mon Sep 22 2025 13:44:51 GMT+0000 (Coordinated Universal Time),"CINÉ-CLUB en FAMILLE : ""Coco""",,Tue Oct 21 2025 11:30:00 GMT+0000 (Coordinated Universal Time),13:30,15:30,De Harmonie,0,"Kom samen met uw kleinkinderen genieten van een film. Met Allerheiligen in aantocht is hier een verhaal dat alle leeftijden zal aanspreken: Miguel, die muzikant wil worden, begint aan een buitengewone reis naar het magische land van zijn voorouders, het kleurrijke en schitterende rijk van de doden.","Venez profiter d'une séance de cinéma avec vos petit-enfants. A l'approche de la Toussaint, voici une histoire qui parlera à tous les âges : Miguel, qui espère devenir musicien, se lance dans un voyage extraordinaire au pays magique de ses ancêtres, dans le coloré et éblouissant territoire des morts.","
Reserveer van tevoren zodat we voor voldoende stoelen kunnen zorgen :) ","
Merci de réserver pour qu'on puisse prévoir un nombre suffisant de chaises :) ",dinsdag,mardi,oktober,octobre,Gepubliceerd,
FAMILIE CINÉ-CLUB : Hôtel Transylvania,familie-cine-club-2,6218bc292822d0fe3ce3347b,653ad4ede882f528b327d8f8,68d14e602aebadcd4669604f,false,false,Mon Sep 22 2025 13:25:52 GMT+0000 (Coordinated Universal Time),Thu Oct 23 2025 13:58:32 GMT+0000 (Coordinated Universal Time),Thu Oct 23 2025 13:58:32 GMT+0000 (Coordinated Universal Time),CINÉ-CLUB en FAMILLE : Hôtel Transylvania,,Tue Oct 28 2025 12:30:00 GMT+0000 (Coordinated Universal Time),13:30,15:30,De Harmonie,0,"Welkom in Hotel Transsylvanië, het luxueuze hotel van Dracula, waar monsters en hun families eindelijk hun leven kunnen leiden, zich kunnen ontspannen en ‘monsterlijk’ kunnen feesten zoals ze dat willen, zonder last te hebben van mensen. Voor de verjaardag van zijn dochter, de jonge Mavis, die 118 jaar wordt, nodigt Dracula de beroemdste monsters ter wereld uit: Frankenstein en zijn vrouw, de Mummie, de Onzichtbare Man, een familie weerwolven en nog veel meer... Alles verloopt voorspoedig, totdat er per ongeluk een mens in het hotel terechtkomt en vriendschap sluit met Mavis...","Bienvenue à l’Hôtel Transylvanie, le somptueux hôtel de Dracula, où les monstres et leurs familles peuvent enfin vivre leur vie, se détendre et faire « monstrueusement » la fête comme ils en ont envie sans être embêtés par les humains. Pour l’anniversaire de sa fille, la jeune Mavis, qui fête ses 118 printemps, Dracula invite les plus célèbres monstres du monde – Frankenstein et sa femme, la Momie, l’Homme Invisible, une famille de loups-garous, et bien d’autres encore… Tout se passe très bien, jusqu’à ce qu’un humain débarque par hasard à l’hôtel et se lie d’amitié avec Mavis…","
Reserveer van tevoren zodat we voor voldoende stoelen kunnen zorgen :) ","
Merci de réserver pour qu'on puisse prévoir un nombre suffisant de chaises :) ",dinsdag,mardi,oktober,octobre,Gepubliceerd,
Feest van 51 jaar van de harmonie ,feest-van-51-jaar-van-de-harmonie,6218bc292822d0fe3ce3347b,653ad4ede882f528b327d8f8,699eff8458ba8b2921d37a6f,false,false,Wed Feb 25 2026 13:56:20 GMT+0000 (Coordinated Universal Time),Wed Feb 25 2026 13:56:20 GMT+0000 (Coordinated Universal Time),Wed Feb 25 2026 13:56:20 GMT+0000 (Coordinated Universal Time),fête des 51 ans de harmonie ,,Wed Mar 04 2026 13:00:00 GMT+0000 (Coordinated Universal Time),,,de harmonie ,,"""Het Harmoniecentrum viert zijn 51ste verjaardag, kom samen met ons feest vieren!""","Le centre de harmonie fête ces 51 ans ,venez fêté avec nous!",,,woensdag,mercredi,maart,mars,,
festival des lumière,festival-des-lumiere,6218bc292822d0fe3ce3347b,653ad4ede882f528b327d8f8,6981e9b984ff5b3446c99b23,false,false,Tue Feb 03 2026 12:27:37 GMT+0000 (Coordinated Universal Time),Tue Feb 03 2026 12:27:37 GMT+0000 (Coordinated Universal Time),Tue Feb 03 2026 12:27:37 GMT+0000 (Coordinated Universal Time),,,Thu Feb 12 2026 17:00:00 GMT+0000 (Coordinated Universal Time),,,,,parcour de lumière dans bruxelles ,,,,donderdag,jeudi,februari,fevrier ,,
FESTIVAL : Folklore in Sint-Agatha-Berchem - Argentinië,festival-folklore-in-sint-agatha-berchem-argentinie,6218bc292822d0fe3ce3347b,653ad4ede882f528b327d8f8,646f2cb24cb4a4f26005243e,false,false,Thu May 25 2023 09:38:58 GMT+0000 (Coordinated Universal Time),Thu May 25 2023 09:38:58 GMT+0000 (Coordinated Universal Time),Thu May 25 2023 09:43:44 GMT+0000 (Coordinated Universal Time),FESTIVAL : Folklore à Berchem-Ste-Agathe - Argentine,,Tue Jun 27 2023 12:30:00 GMT+0000 (Coordinated Universal Time),14:30,,"Gemeentelijke Feestzaal, Koning Albertlaan 33 - 1082 Sint-Agatha-Berchem",,"Argentinië & Gran Ballet Argentino uit Cordoba. Tango verwoordt ""een trieste gedachte die wordt gedanst"" in een adembenemende sensuele en kleurrijke show. Dit ensemble brengt je de ware Argentijnse dans door zichzelf te herscheppen, te innoveren en te verrijken in respect met haar roots. Het ensemble bootst getrouw de beelden van weleer na en hecht een uitzonderlijke waarde aan expressiviteit en het overbrengen van de boodschap. Kom en ontdek de regio's van de Paraná-rivier, de Pampas, het noorden van Argentinië, zonder de Carnaval uit het oog te verliezen.","Argentine & Gran Ballet Argentino de Cordoba. Le tango articule ""une pensée triste dansée"" dans un spectacle sensuel et coloré à couper le souffle. Cet ensemble vous apporte la véritable danse argentine en recréant, innovant et s'enrichissant dans le respect de ses racines. L'ensemble reproduit fidèlement les images d'antan et accorde une valeur exceptionnelle à l'expressivité et à la transmission du message. Venez découvrir les régions du fleuve Paraná, de la Pampa, du nord de l'Argentine, sans perdre de vue le Carnaval.",,,dinsdag,mardi,juni,juin,Gepubliceerd,
FESTIVAL : Folklore in Sint-Agatha-Berchem - Uruguay,festival-folklore-in-sint-agatha-berchem-uruguay,6218bc292822d0fe3ce3347b,653ad4ede882f528b327d8f8,646f2dc42ed4b99ac779d925,false,false,Thu May 25 2023 09:43:32 GMT+0000 (Coordinated Universal Time),Thu May 25 2023 09:43:32 GMT+0000 (Coordinated Universal Time),Thu May 25 2023 09:43:44 GMT+0000 (Coordinated Universal Time),FESTIVAL : Folklore à Berchem-Ste-Agathe - Uruguay,,Wed Jun 28 2023 12:30:00 GMT+0000 (Coordinated Universal Time),14:30,,"Gemeentelijke Feestzaal, Koning Albertlaan 33 - 1082 Sint-Agatha-Berchem",,"Uruguay & Compania Contradanza. Tien jaar ervaring! Deze groep danst en zingt bekende melodieën uit de Zuid-Amerikaanse traditie en meer karakteristieke deuntjes waar de Spaanse invloed sterk aanwezig blijft. In Uruguay, een vredig en landelijk land, zijn dansen en zingen als een tweede natuur dat intiem deel uitmaakt van de ziel van een volk dat zich een beetje gekneld voelt door zijn machtige buren, Argentinië en Brazilië. Maar door de muziek en de dans zijn ze minstens evenwaardig. Je hebt er een veelzijdige keuze aan dansen: tango – malambo – polka – chimarrita – wals – milonga.","Uruguay & Compania Contradanza. Dix ans d'expérience ! Ce groupe danse et chante des mélodies connues de la tradition sud-américaine et des airs plus caractéristiques où l'influence espagnole reste très présente. En Uruguay, pays paisible et rural, la danse et le chant sont comme une seconde nature qui fait intimement partie de l'âme d'un peuple qui se sent un peu coincé par ses puissants voisins, l'Argentine et le Brésil. Mais à travers la musique et la danse, ils sont au moins égaux. Le choix des danses est très varié : tango - malambo - polka - chimarrita - valse - milonga.",,,woensdag,mercredi,juni,juin,Gepubliceerd,
FESTIVAL : Folklore in Sint-Agatha-Berchem - Zuid-Africa,festival-folklore-in-sint-agatha-berchem-zuid-africa,6218bc292822d0fe3ce3347b,653ad4ede882f528b327d8f8,646f2b8872a841ba9752ee1f,false,false,Thu May 25 2023 09:34:00 GMT+0000 (Coordinated Universal Time),Thu May 25 2023 09:34:00 GMT+0000 (Coordinated Universal Time),Thu May 25 2023 09:43:44 GMT+0000 (Coordinated Universal Time),FESTIVAL : Folklore à Berchem-Ste-Agathe - Afrique du Sud,,Mon Jun 26 2023 12:30:00 GMT+0000 (Coordinated Universal Time),14:30,,"Gemeentelijke Feestzaal, Koning Albertlaan 33 - 1082 Sint-Agatha-Berchem",,"Zuid-Afrika & Ama Zebra. De drums beginnen te weerklinken en geven het ritme aan, in harmonie met de meerstemmige gezangen. Bij elke trommelslag gaat een been omhoog en ploft gracieus en krachtig neer op de grond. De groep Ama Zebra brengt ons krijgerdansen begeleid door liederen van verschillend stammen uit Zuid-Afrika. De toeschouwer wordt werkelijk getransponeerdnaar een andere wereld.","Afrique du Sud & Ama Zebra. Les tambours commencent à résonner, donnant le rythme, en harmonie avec les chants polyphoniques. À chaque battement de tambour, une jambe se lève et se pose avec grâce et puissance sur le sol. Le groupe Ama Zebra nous présente des danses guerrières accompagnées de chants de différentes tribus d'Afrique du Sud. Le spectateur est véritablement transposé dans un autre monde.",,,maandag,lundi,juni,juin,Gepubliceerd,
Geheugenatelier ,geheugenatelier-58,6218bc292822d0fe3ce3347b,653ad4ede882f528b327d8f8,6878fedff75c9b7374ceda26,false,false,Thu Jul 17 2025 13:47:11 GMT+0000 (Coordinated Universal Time),Thu Jul 17 2025 13:47:11 GMT+0000 (Coordinated Universal Time),Thu Jul 17 2025 13:47:11 GMT+0000 (Coordinated Universal Time),Atelier de Mémoire,114,Mon Aug 04 2025 11:30:00 GMT+0000 (Coordinated Universal Time),13:30,15:15,De Harmonie,1,"Je geheugen is een spier wordt gezegd, elke 1ste en 3de maandag van de maand trainen we ons geheugen onder de leiding van Pepita.","On dit parfois que la mémoire est un muscle, chaque 1er et 3ᵉ lundi du mois, nous entraînons notre mémoire sous la direction de Pepita.",,,maandag,lundi,augustus,août,Gepubliceerd,zelfzorg.png
Geheugenatelier  ,geheugenatelier-59,6218bc292822d0fe3ce3347b,653ad4ede882f528b327d8f8,6878fefe46d33c97a4c709b5,false,false,Thu Jul 17 2025 13:47:42 GMT+0000 (Coordinated Universal Time),Thu Jul 17 2025 13:47:42 GMT+0000 (Coordinated Universal Time),Thu Jul 17 2025 13:47:42 GMT+0000 (Coordinated Universal Time),Atelier de Mémoire,114,Mon Aug 18 2025 11:30:00 GMT+0000 (Coordinated Universal Time),13:30,15:15,De Harmonie,1,"Je geheugen is een spier wordt gezegd, elke 1ste en 3de maandag van de maand trainen we ons geheugen onder de leiding van Pepita.","On dit parfois que la mémoire est un muscle, chaque 1er et 3ᵉ lundi du mois, nous entraînons notre mémoire sous la direction de Pepita.",,,maandag,lundi,augustus,août,Gepubliceerd,zelfzorg.png
Geheugenatelier  ,geheugenatelier-60,6218bc292822d0fe3ce3347b,653ad4ede882f528b327d8f8,68a320806a3c9820df02762b,false,false,Mon Aug 18 2025 12:45:52 GMT+0000 (Coordinated Universal Time),Mon Aug 18 2025 12:45:52 GMT+0000 (Coordinated Universal Time),Mon Aug 18 2025 12:45:52 GMT+0000 (Coordinated Universal Time),Atelier de Mémoire,114,Mon Sep 01 2025 11:30:00 GMT+0000 (Coordinated Universal Time),13:30,15:15,De Harmonie,1,"Je geheugen is een spier wordt gezegd, elke 1ste en 3de maandag van de maand trainen we ons geheugen onder de leiding van Pepita.","On dit parfois que la mémoire est un muscle, chaque 1er et 3ᵉ lundi du mois, nous entraînons notre mémoire sous la direction de Pepita.",,,maandag,lundi,september,septembre,Gepubliceerd,zelfzorg.png
Geheugenatelier   ,geheugenatelier-61,6218bc292822d0fe3ce3347b,653ad4ede882f528b327d8f8,68a320a4ccb8f610a3cba5b4,false,false,Mon Aug 18 2025 12:46:28 GMT+0000 (Coordinated Universal Time),Mon Aug 18 2025 12:46:28 GMT+0000 (Coordinated Universal Time),Mon Aug 18 2025 12:46:28 GMT+0000 (Coordinated Universal Time),Atelier de Mémoire,114,Mon Sep 15 2025 11:30:00 GMT+0000 (Coordinated Universal Time),13:30,15:15,De Harmonie,1,"Je geheugen is een spier wordt gezegd, elke 1ste en 3de maandag van de maand trainen we ons geheugen onder de leiding van Pepita.","On dit parfois que la mémoire est un muscle, chaque 1er et 3ᵉ lundi du mois, nous entraînons notre mémoire sous la direction de Pepita.",,,maandag,lundi,september,septembre,Gepubliceerd,zelfzorg.png
Geheugenatelier,geheugenatelier-62,6218bc292822d0fe3ce3347b,653ad4ede882f528b327d8f8,68d14cbfc78b784ae3d42ea9,false,false,Mon Sep 22 2025 13:18:55 GMT+0000 (Coordinated Universal Time),Mon Sep 22 2025 13:18:55 GMT+0000 (Coordinated Universal Time),Mon Sep 22 2025 13:18:55 GMT+0000 (Coordinated Universal Time),Atelier de Mémoire,114,Mon Oct 06 2025 11:30:00 GMT+0000 (Coordinated Universal Time),13:30,15:15,De Harmonie,1,"Je geheugen is een spier wordt gezegd, elke 1ste en 3de maandag van de maand trainen we ons geheugen onder de leiding van Pepita.","On dit parfois que la mémoire est un muscle, chaque 1er et 3ᵉ lundi du mois, nous entraînons notre mémoire sous la direction de Pepita.",,,maandag,lundi,oktober,octobre,Gepubliceerd,zelfzorg.png
Geheugenatelier,geheugenatelier-63,6218bc292822d0fe3ce3347b,653ad4ede882f528b327d8f8,68d14cd57eeafd8e67df80e2,false,false,Mon Sep 22 2025 13:19:17 GMT+0000 (Coordinated Universal Time),Mon Sep 22 2025 13:19:17 GMT+0000 (Coordinated Universal Time),Mon Sep 22 2025 13:19:17 GMT+0000 (Coordinated Universal Time),Atelier de Mémoire,114,Mon Oct 20 2025 11:30:00 GMT+0000 (Coordinated Universal Time),13:30,15:15,De Harmonie,1,"Je geheugen is een spier wordt gezegd, elke 1ste en 3de maandag van de maand trainen we ons geheugen onder de leiding van Pepita.","On dit parfois que la mémoire est un muscle, chaque 1er et 3ᵉ lundi du mois, nous entraînons notre mémoire sous la direction de Pepita.",,,maandag,lundi,oktober,octobre,Gepubliceerd,zelfzorg.png
Geheugenatelier,geheugenatelier-64,6218bc292822d0fe3ce3347b,653ad4ede882f528b327d8f8,68f751a85280df7bf5d400f0,false,false,Tue Oct 21 2025 09:26:00 GMT+0000 (Coordinated Universal Time),Tue Oct 21 2025 09:26:00 GMT+0000 (Coordinated Universal Time),Tue Oct 21 2025 09:26:00 GMT+0000 (Coordinated Universal Time),Atelier de Mémoire,114,Mon Nov 03 2025 12:30:00 GMT+0000 (Coordinated Universal Time),13:30,15:15,De Harmonie,1,"Je geheugen is een spier wordt gezegd, elke 1ste en 3de maandag van de maand trainen we ons geheugen onder de leiding van Pepita.","On dit parfois que la mémoire est un muscle, chaque 1er et 3ᵉ lundi du mois, nous entraînons notre mémoire sous la direction de Pepita.",,,maandag,lundi,november,novembre,Gepubliceerd,zelfzorg.png
Geheugenatelier,geheugenatelier-65,6218bc292822d0fe3ce3347b,653ad4ede882f528b327d8f8,68f751bc5280df7bf5d40ed4,false,false,Tue Oct 21 2025 09:26:20 GMT+0000 (Coordinated Universal Time),Tue Oct 21 2025 09:26:20 GMT+0000 (Coordinated Universal Time),Tue Oct 21 2025 09:26:20 GMT+0000 (Coordinated Universal Time),Atelier de Mémoire,114,Mon Nov 17 2025 12:30:00 GMT+0000 (Coordinated Universal Time),13:30,15:15,De Harmonie,1,"Je geheugen is een spier wordt gezegd, elke 1ste en 3de maandag van de maand trainen we ons geheugen onder de leiding van Pepita.","On dit parfois que la mémoire est un muscle, chaque 1er et 3ᵉ lundi du mois, nous entraînons notre mémoire sous la direction de Pepita.",,,maandag,lundi,november,novembre,Gepubliceerd,zelfzorg.png
🧠 Geheugenatelier 🧠,geheugenatelier-66,6218bc292822d0fe3ce3347b,653ad4ede882f528b327d8f8,692d9cda5fbb96773f273119,false,false,Mon Dec 01 2025 13:49:14 GMT+0000 (Coordinated Universal Time),Tue Dec 02 2025 14:19:13 GMT+0000 (Coordinated Universal Time),Tue Dec 02 2025 14:19:13 GMT+0000 (Coordinated Universal Time),🧠 Atelier de Mémoire 🧠,114,Mon Dec 01 2025 12:30:00 GMT+0000 (Coordinated Universal Time),13:30,15:15,De Harmonie,1,"Je geheugen is een spier wordt gezegd, elke 1ste en 3de maandag van de maand trainen we ons geheugen onder de leiding van Pepita.","On dit parfois que la mémoire est un muscle, chaque 1er et 3ᵉ lundi du mois, nous entraînons notre mémoire sous la direction de Pepita.",,,maandag,lundi,december,decembre,Gepubliceerd,zelfzorg.png
🧠 Geheugenatelier 🧠,geheugenatelier-67,6218bc292822d0fe3ce3347b,653ad4ede882f528b327d8f8,692d9ce937507c7b3932d91f,false,false,Mon Dec 01 2025 13:49:29 GMT+0000 (Coordinated Universal Time),Tue Dec 02 2025 14:18:57 GMT+0000 (Coordinated Universal Time),Tue Dec 02 2025 14:18:57 GMT+0000 (Coordinated Universal Time),🧠 Atelier de Mémoire 🧠,114,Mon Dec 15 2025 12:30:00 GMT+0000 (Coordinated Universal Time),13:30,15:15,De Harmonie,1,"Je geheugen is een spier wordt gezegd, elke 1ste en 3de maandag van de maand trainen we ons geheugen onder de leiding van Pepita.","On dit parfois que la mémoire est un muscle, chaque 1er et 3ᵉ lundi du mois, nous entraînons notre mémoire sous la direction de Pepita.",,,maandag,lundi,december,decembre,Gepubliceerd,zelfzorg.png
🧠 Geheugenatelier 🧠 Copy,geheugenatelier-67-copy,6218bc292822d0fe3ce3347b,653ad4ede882f528b327d8f8,695d1841a0c690f9ef592466,false,false,Tue Jan 06 2026 14:12:16 GMT+0000 (Coordinated Universal Time),Wed Jan 07 2026 10:29:24 GMT+0000 (Coordinated Universal Time),Mon Mar 09 2026 10:43:46 GMT+0000 (Coordinated Universal Time),🧠 Atelier de Mémoire 🧠,114,Mon Jan 19 2026 12:30:00 GMT+0000 (Coordinated Universal Time),13:30,15:15,De Harmonie,1,"Je geheugen is een spier wordt gezegd, elke 1ste en 3de maandag van de maand trainen we ons geheugen onder de leiding van Pepita.","On dit parfois que la mémoire est un muscle, chaque 1er et 3ᵉ lundi du mois, nous entraînons notre mémoire sous la direction de Pepita.",,,maandag,lundi,januari,janvier,Gepubliceerd,zelfzorg.png
🧠 Geheugenatelier 🧠 ,geheugenatelier-68,6218bc292822d0fe3ce3347b,653ad4ede882f528b327d8f8,6980bbb32c03647337f738f0,false,false,Mon Feb 02 2026 14:58:59 GMT+0000 (Coordinated Universal Time),Mon Feb 02 2026 14:58:59 GMT+0000 (Coordinated Universal Time),Mon Feb 02 2026 14:58:59 GMT+0000 (Coordinated Universal Time),🧠 Atelier de Mémoire 🧠,114,Mon Feb 16 2026 12:30:00 GMT+0000 (Coordinated Universal Time),13:30,15:15,De Harmonie,1,"Je geheugen is een spier wordt gezegd, elke 1ste en 3de maandag van de maand trainen we ons geheugen onder de leiding van Pepita.","On dit parfois que la mémoire est un muscle, chaque 1er et 3ᵉ lundi du mois, nous entraînons notre mémoire sous la direction de Pepita.",,,maandag,lundi,februari,fevrier,Gepubliceerd,zelfzorg.png
🧠 Geheugenatelier 🧠  ,geheugenatelier-69,6218bc292822d0fe3ce3347b,653ad4ede882f528b327d8f8,699eea3aa1cf0263ba68e376,false,false,Wed Feb 25 2026 12:25:30 GMT+0000 (Coordinated Universal Time),Wed Feb 25 2026 12:25:30 GMT+0000 (Coordinated Universal Time),Wed Feb 25 2026 12:25:30 GMT+0000 (Coordinated Universal Time),🧠 Atelier de Mémoire 🧠,114,Mon Mar 02 2026 12:30:00 GMT+0000 (Coordinated Universal Time),13:30,15:15,De Harmonie,1,"Je geheugen is een spier wordt gezegd, elke 1ste en 3de maandag van de maand trainen we ons geheugen onder de leiding van Pepita.","On dit parfois que la mémoire est un muscle, chaque 1er et 3ᵉ lundi du mois, nous entraînons notre mémoire sous la direction de Pepita.",,,maandag,lundi,maart,mars,Gepubliceerd,zelfzorg.png
🧠 Geheugenatelier 🧠   ,geheugenatelier-70,6218bc292822d0fe3ce3347b,653ad4ede882f528b327d8f8,699eea5b3abe792ae8de4bd7,false,false,Wed Feb 25 2026 12:26:03 GMT+0000 (Coordinated Universal Time),Wed Feb 25 2026 12:26:03 GMT+0000 (Coordinated Universal Time),Wed Feb 25 2026 12:26:03 GMT+0000 (Coordinated Universal Time),🧠 Atelier de Mémoire 🧠,114,Mon Mar 16 2026 12:30:00 GMT+0000 (Coordinated Universal Time),13:30,15:15,De Harmonie,1,"Je geheugen is een spier wordt gezegd, elke 1ste en 3de maandag van de maand trainen we ons geheugen onder de leiding van Pepita.","On dit parfois que la mémoire est un muscle, chaque 1er et 3ᵉ lundi du mois, nous entraînons notre mémoire sous la direction de Pepita.",,,maandag,lundi,maart,mars,Gepubliceerd,zelfzorg.png
🧠 Geheugenatelier 🧠 ,geheugenatelier-71,6218bc292822d0fe3ce3347b,653ad4ede882f528b327d8f8,69c112ef8e0a813e8206115c,false,false,Mon Mar 23 2026 10:16:15 GMT+0000 (Coordinated Universal Time),Mon Mar 23 2026 10:16:15 GMT+0000 (Coordinated Universal Time),Mon Mar 23 2026 10:16:15 GMT+0000 (Coordinated Universal Time),🧠 Atelier de Mémoire 🧠,114,Mon Apr 20 2026 11:30:00 GMT+0000 (Coordinated Universal Time),13:30,15:15,De Harmonie,1,"Je geheugen is een spier wordt gezegd, elke 1ste en 3de maandag van de maand trainen we ons geheugen onder de leiding van Pepita.","On dit parfois que la mémoire est un muscle, chaque 1er et 3ᵉ lundi du mois, nous entraînons notre mémoire sous la direction de Pepita.",,,maandag,lundi,april,avril,Gepubliceerd,zelfzorg.png
GELUKKIG NIEUWJAAR !!!,gelukkig-nieuwjaar,6218bc292822d0fe3ce3347b,653ad4ede882f528b327d8f8,657053c511c7b8999ef7e2b4,false,false,Wed Dec 06 2023 10:58:13 GMT+0000 (Coordinated Universal Time),Wed Dec 06 2023 10:58:13 GMT+0000 (Coordinated Universal Time),Wed Dec 06 2023 10:58:18 GMT+0000 (Coordinated Universal Time),BONNE ANNÉE !!!!,,Mon Jan 01 2024 08:00:00 GMT+0000 (Coordinated Universal Time),,,De Harmonie,,Vandaag bouwen we onze krachten op zodat we morgen een vliegende start kunnen maken ! Een gelukkig nieuwjaar 2024 voor jullie allemaal !,On reprend des forces aujourd'hui pour pouvoir démarrer l'année en fanfare dès demain ! Une bonne et heureuse année 2024 à tous et à toutes !,,,maandag,lundi,januari,janvier,Gepubliceerd,
gesloten personeelsfeest,gesloten-personeelsfeest,6218bc292822d0fe3ce3347b,653ad4ede882f528b327d8f8,695e46635bb72e8f9e2eae6e,false,false,Wed Jan 07 2026 11:41:23 GMT+0000 (Coordinated Universal Time),Wed Jan 07 2026 11:41:23 GMT+0000 (Coordinated Universal Time),Wed Jan 07 2026 11:41:23 GMT+0000 (Coordinated Universal Time),fermé fête de personnel,,Fri Jan 30 2026 11:39:00 GMT+0000 (Coordinated Universal Time),,,,,,,,,vrijdag,vendredi,januari,janvier,,
Gesloten voor eieren zoeken,gesloten-voor-eieren-zoeken,6218bc292822d0fe3ce3347b,653ad4ede882f528b327d8f8,65fc1292ef36ed389873dfdb,false,false,Thu Mar 21 2024 10:57:22 GMT+0000 (Coordinated Universal Time),Thu Mar 21 2024 10:57:22 GMT+0000 (Coordinated Universal Time),Thu Mar 21 2024 10:57:28 GMT+0000 (Coordinated Universal Time),Fermé pour la chasse aux oeufs,,Mon Apr 01 2024 06:00:00 GMT+0000 (Coordinated Universal Time),,,,,We gaan op paaseierenjacht en zijn morgen weer terug. Het De Harmonie team,"Nous sommes partis à la chasse aux oeufs de Pâques, nous revenons demain. L'équipe De Harmonie",,,maandag,lundi,april,avril,Gepubliceerd,
Gesloten voor eieren zoeken,gesloten-voor-eieren-zoeken-2,6218bc292822d0fe3ce3347b,653ad4ede882f528b327d8f8,67e2b8775db655393f553e3e,false,false,Tue Mar 25 2025 14:06:47 GMT+0000 (Coordinated Universal Time),Tue Mar 25 2025 14:06:47 GMT+0000 (Coordinated Universal Time),Tue Mar 25 2025 14:06:47 GMT+0000 (Coordinated Universal Time),Fermé pour la chasse aux oeufs,,Mon Apr 21 2025 06:00:00 GMT+0000 (Coordinated Universal Time),,,,,We gaan op paaseierenjacht en zijn morgen weer terug. Het De Harmonie team,"Nous sommes partis à la chasse aux oeufs de Pâques, nous revenons demain. L'équipe De Harmonie",,,maandag,lundi,april,avril,Gepubliceerd,
Gezelschapsspelletjes met Marc,gezelschapsspelletjes-met-marc,6218bc292822d0fe3ce3347b,653ad4ede882f528b327d8f8,63b40ad84106f4dbf9eeabf2,false,false,Tue Jan 03 2023 11:00:40 GMT+0000 (Coordinated Universal Time),Tue Jan 03 2023 11:00:40 GMT+0000 (Coordinated Universal Time),Tue Jan 03 2023 11:25:49 GMT+0000 (Coordinated Universal Time),Jeux de Société avec Marc,134,Wed Jan 11 2023 13:00:00 GMT+0000 (Coordinated Universal Time),14u,16u,De Harmonie,1,Onze toffe en lieve Marc komt de woensdag om zijn gezelschapspelletjes te delen. Wie graag speelt welkom!,Notre cher et tendre Marc viendra vous divertir le mercredi pendant un moment avec des jeux de société à votre guise. Avis au amateurs de jeux!,,,woensdag,mercredi,januari,janvier,Gepubliceerd,gezelschap.png
Gratis bezoek aan het biermuseum met Deborah & Arnaud,gratis-bezoek-aan-het-biermuseum-met-deborah-arnaud,6218bc292822d0fe3ce3347b,653ad4ede882f528b327d8f8,673b5eda2b6d294a72c26795,false,false,Mon Nov 18 2024 15:35:54 GMT+0000 (Coordinated Universal Time),Mon Nov 18 2024 15:35:54 GMT+0000 (Coordinated Universal Time),Mon Nov 18 2024 15:36:01 GMT+0000 (Coordinated Universal Time),Visite gratuite du Musée de la Bière avec Deborah & Arnaud,,Thu Nov 21 2024 13:00:00 GMT+0000 (Coordinated Universal Time),14:00,15:30,"Musée de la Bière, ex-Bourse",0,"Het nieuwe Brussels Biermuseum, in de voormalige Beurs, is gratis toegankelijk (net als het Bruxella 1238 museum met hetzelfde kaartje) voor alle inwoners van het Brussels Hoofdstedelijk Gewest! Profiteer er dus van :) ","Le nouveau Musée de la Bière de Bruxelles, dans l'ancienne Bourse, est accessible gratuitement (ainsi que le musée Bruxella 1238 avec le même ticket) pour tous les habitants de la Région Bruxelles-Capitale ! Alors on en profite :) ",Identiteitskaart verplicht voor gratis toegang !!!,Carte d'identité indispensable pour pouvoir profiter de l'entrée gratuite !!!,donderdag,jeudi,november,novembre,Gepubliceerd,
🎪 Groot Brussels Kerstcircus - Bouglione 🤡,groot-brussels-kerstcircus---bouglione,6218bc292822d0fe3ce3347b,653ad4ede882f528b327d8f8,693823e3eb4c27d6b92d4b08,false,false,Tue Dec 09 2025 13:28:03 GMT+0000 (Coordinated Universal Time),Tue Dec 09 2025 13:28:03 GMT+0000 (Coordinated Universal Time),Tue Dec 09 2025 13:28:03 GMT+0000 (Coordinated Universal Time),🎪 Grand Cirque de Noël - Bouglione 🤡,,Wed Dec 24 2025 10:00:00 GMT+0000 (Coordinated Universal Time),11:00,,"Place Flageyplein, 1050 Elsene",1.25,"Om Kerstmis te vieren, nodigen wij u uit om opnieuw in de magie van de kindertijd te duiken met het beroemde Cirque Bouglione !",Pour fêter Noël nous vous proposons de replonger dans la magie de l'enfance avec le célèbre Cirque Bouglione !,afspraak om 10.30 uur bij de ingang van het circus,rendez-vous à 10h30 à l'entrée du Cirque,woensdag,mercredi,december,decembre,Gepubliceerd,
"GROTE ""POUTREL"" SPEL !!!",grote-poutrel-spel,6218bc292822d0fe3ce3347b,653ad4ede882f528b327d8f8,66faaecc6b3c949594409deb,false,false,Mon Sep 30 2024 13:59:40 GMT+0000 (Coordinated Universal Time),Mon Oct 21 2024 14:33:16 GMT+0000 (Coordinated Universal Time),Mon Oct 21 2024 14:33:20 GMT+0000 (Coordinated Universal Time),"GRAND JEU ""POUTREL""",,Thu Oct 17 2024 08:00:00 GMT+0000 (Coordinated Universal Time),10:00,15:30,"Alle dienstecentra, tous les centres de service ",0,"Samen met andere Poutrelcentra (Forum, Het Anker, Miro & Vives) organiseert De Harmonie HET grote spel van het jaar !!!!! Een niet te missen evenement, kom samen met het team van De Harmonie naar deze unieke activiteit !","De Harmonie organise avec d'autres centres Poutrel (Forum, Het Anker, Miro & Vives) LE grand jeu de l'année !!!!! Événement immanquable, rejoignez vite l'équipe De Harmonie pour cette activité unique !",Schrijf je in bij de receptie ! We kijken ernaar uit om je daar te zien :) ,Enregistrez-vous auprès de l'accueil ! On vous attend nombreux :) ,donderdag,jeudi,oktober,octobre,Gepubliceerd,
Hallo Sinterklaas !,hallo-sinterklaas,6218bc292822d0fe3ce3347b,653ad4ede882f528b327d8f8,673f2256d95115e4516db14c,false,false,Thu Nov 21 2024 12:06:46 GMT+0000 (Coordinated Universal Time),Thu Nov 21 2024 12:06:46 GMT+0000 (Coordinated Universal Time),Thu Nov 21 2024 12:06:51 GMT+0000 (Coordinated Universal Time),Bienvenue Saint-Nicolas,,Fri Dec 06 2024 12:00:00 GMT+0000 (Coordinated Universal Time),,,Harmonie,,"We hopen dat jullie je gedragen hebben dit jaar, anders komt de arme Grote Sint onnodig naar De Harmonie :)","On espère que vous avez été bien sages cet année, sinon le pauvre Grand Saint viendra inutilement à De Harmonie :) ",,,vrijdag,vendredi,december,décembre,Gepubliceerd,
🎁 Hallo Sinterklaas !,hallo-sinterklaas-2,6218bc292822d0fe3ce3347b,653ad4ede882f528b327d8f8,692ed71425ba6be79448bf62,false,false,Tue Dec 02 2025 12:09:56 GMT+0000 (Coordinated Universal Time),Tue Dec 02 2025 13:50:31 GMT+0000 (Coordinated Universal Time),Tue Dec 02 2025 13:50:31 GMT+0000 (Coordinated Universal Time),🎁 Bienvenue Saint-Nicolas,,Fri Dec 05 2025 12:00:00 GMT+0000 (Coordinated Universal Time),,,Harmonie,,"We hopen dat jullie je gedragen hebben dit jaar, anders komt de arme Grote Sint onnodig naar De Harmonie :)","On espère que vous avez été bien sages cet année, sinon le pauvre Grand Saint viendra inutilement à De Harmonie :) ",,,vrijdag,vendredi,december,décembre,Gepubliceerd,
HALLOWEEN (snoepjes voor kinderen in Noordwijk),halloween-snoepjes-voor-kinderen-in-noordwijk,6218bc292822d0fe3ce3347b,653ad4ede882f528b327d8f8,671a31c6a237235ef1b54abe,false,false,Thu Oct 24 2024 11:38:46 GMT+0000 (Coordinated Universal Time),Thu Oct 24 2024 11:38:46 GMT+0000 (Coordinated Universal Time),Thu Oct 24 2024 11:38:50 GMT+0000 (Coordinated Universal Time),HALLOWEEN (bonbons pour les enfants du Quartier Nord),,Tue Oct 29 2024 14:00:00 GMT+0000 (Coordinated Universal Time),15:00,,De Harmonie,,Tussen 15.00 en 16.00 uur worden we overspoeld door een zwerm als monsters verklede kinderen. Je kent het oude gezegde wel: “Trick or treat”. We rekenen op jullie om ervoor te zorgen dat De Harmonie niet wordt overvallen :) ,"Entre 15h et 16h nous serons envahis par une ribambelle d'enfants déguisés en monstres. Vous connaissez la célèbre rengaine : ""un bonbon ou un sort"". On compte sur vous pour que De Harmonie ne subisse aucun sort :) ",Snoepjes verzorgd door De Harmonie,Les bonbons sont fournis par De Harmonie,dinsdag,mardi,oktober,octobre,Gepubliceerd,
Harmoween,harmoween,6218bc292822d0fe3ce3347b,653ad4ede882f528b327d8f8,653a20cf20173d76f32e7d5b,false,false,Thu Oct 26 2023 08:18:23 GMT+0000 (Coordinated Universal Time),Thu Oct 26 2023 08:18:23 GMT+0000 (Coordinated Universal Time),Thu Oct 26 2023 08:18:29 GMT+0000 (Coordinated Universal Time),Harmoween,,Tue Oct 31 2023 07:00:00 GMT+0000 (Coordinated Universal Time),,,De Harmonie,,"Spoken komen uit hun kledingkasten en zombies uit hun graven, spinnen worden enorm groot terwijl bedwantsen en kakkerlakken piepklein worden en onder je kleren en huid kruipen... Welkom in de wereld van Halloween bij Harmonie. Pak je mooiste make-up en verkleedkleding en breng De Harmoween tot leven !","Les fantômes sortent de leur placard et les zombies de leur tombe, les araignées deviennent énormes quand les punaises et les blattes se font toutes petites pour mieux vous glisser sous les vêtements et la peau... Bienvenue dans le monde d'Halloween à de Harmonie. Prenez vos meilleurs maquillages et plus beaux déguisements pour faire vivre De Harmoween !",,,dinsdag,mardi,oktober,octobre,Gepubliceerd,
HET FEEST VAN DE VRIJWILLIGERS !!!,het-feest-van-de-vrijwilligers,6218bc292822d0fe3ce3347b,653ad4ede882f528b327d8f8,6908c378aa7565d6ffee142b,false,false,Mon Nov 03 2025 15:00:08 GMT+0000 (Coordinated Universal Time),Mon Nov 03 2025 15:00:08 GMT+0000 (Coordinated Universal Time),Mon Nov 03 2025 15:00:08 GMT+0000 (Coordinated Universal Time),LA FÊTE DES BÉNÉVOLES !!!,,Thu Nov 27 2025 13:00:00 GMT+0000 (Coordinated Universal Time),14:00,,LD3,,We zijn vanmiddag uitzonderlijk gesloten omdat we al onze vrijwilligers in het zonnetje zetten tijdens een speciaal voor hen georganiseerd feest. ,Nous serons exceptionnellement fermés cet après-midi car nous mettrons à l'honneur tous nos bénévoles lors d'une fête organisée spécialement pour eux. ,,,donderdag,jeudi,november,novembre,Gepubliceerd,
✨ Het kerstverhaal van MerlinConteur ✨,het-kerstverhaal-van-merlinconteur,6218bc292822d0fe3ce3347b,653ad4ede882f528b327d8f8,6931a170fdd9a613fa5d4250,false,false,Thu Dec 04 2025 14:57:52 GMT+0000 (Coordinated Universal Time),Thu Dec 04 2025 14:57:52 GMT+0000 (Coordinated Universal Time),Thu Dec 04 2025 14:57:52 GMT+0000 (Coordinated Universal Time),✨ Le Conte de Noël de MerlinConteur ✨,,Tue Dec 23 2025 12:30:00 GMT+0000 (Coordinated Universal Time),13:30,,De Harmonie,,MerlinConteur is terug om zijn meest kleurrijke verhalen over het thema Kerstmis te delen. Een vleugje Andersen in de Marollen :) ,MerlinConteur revient nous partager ses contes les plus truculents autour de la thématique de Noël. Un soupçon d'Andersen dans les Marolles :) ,,,dinsdag,mardi,december,decembre,Gepubliceerd,
HIER KOMT DE ZOMER !!!!,hier-komt-de-zomer,6218bc292822d0fe3ce3347b,653ad4ede882f528b327d8f8,6494529375b7716f2182b59a,false,false,Thu Jun 22 2023 13:54:27 GMT+0000 (Coordinated Universal Time),Thu Jun 29 2023 13:25:58 GMT+0000 (Coordinated Universal Time),Thu Jun 29 2023 13:27:00 GMT+0000 (Coordinated Universal Time),VOILÀ L'ÉTÉ !!!!,,Fri Jun 30 2023 05:00:00 GMT+0000 (Coordinated Universal Time),,,De Harmonie,,"Het is eindelijk zomer ! Eerste goed nieuws: de meeste van onze reguliere activiteiten zullen nog steeds elke week plaatsvinden, met uitzondering van Mandala, dans van 11/07 tot 14/08 en Brusseleir oefeningen met Marc. Tweede goed nieuws: ondanks de zomersluiting van onze gebruikelijke locaties, zijn we erin geslaagd om een aantal geweldige concerten en toneelstukken voor jullie te vinden!
Tot slot is het belangrijk om te weten dat we gesloten zullen zijn op 21 juli en 15 augustus, evenals tijdens 'onze' vakantie van 24 juli tot 6 augustus. Tot slot willen we je eraan herinneren dat ons terras open is voor de ingang en boven (voor degenen die een beetje schaduw willen ;) ).","Voilà enfin l'été ! Première bonne nouvelle : la majeure partie de nos activités régulières auront toujours lieu chaque semaine à l'exception du Mandala, de la danse du 11/07 au 14/08 et des exercices de Brusseleir avec Marc. Deuxième bonne nouvelle : Malgré la fermeture estivale des salles de spectacles habituelles nous vous avons trouvé des concerts et pièces de théâtre de qualité !
Enfin il est important de noter que nous serons fermés le 21 juillet et le 15 août ainsi que durant ""nos"" vacances du 24 juillet au 6 août. Pour terminer nous vous rappelons que notre terrasse est ouverte devant l'entrée ainsi qu'à l'étage (pour celles et ceux qui veulent un peu d'ombre ;) )",,,,,juli - augustus,juillet - août,Gepubliceerd,
Iedereen naar La Roche-en-Ardenne !!!!,iedereen-naar-la-roche-en-ardenne,6218bc292822d0fe3ce3347b,653ad4ede882f528b327d8f8,65ae6b2c66de835c18706f27,false,false,Mon Jan 22 2024 13:18:36 GMT+0000 (Coordinated Universal Time),Mon Jan 22 2024 13:18:36 GMT+0000 (Coordinated Universal Time),Mon Jan 22 2024 14:21:13 GMT+0000 (Coordinated Universal Time),Tout le monde à La Roche-en-Ardenne !!!!,,Mon Jan 29 2024 10:00:00 GMT+0000 (Coordinated Universal Time),11:00,,De Harmonie,,We gaan nu over tot de kern van de zaak met de inschrijvingsformulieren en betalingen. Kom en doe mee van 8 tot 12 april 2024 in het Floréal in La Roche-en-Ardenne!,On rentre dans le vif du sujet avec les fiches d'inscriptions et les paiements. Venez avec nous du 8 au 12 avril 2024 au Floréal de la Roche-en-Ardenne !,,,maandag,lundi,januari,janvier,Gepubliceerd,
Iedereen naar zee in september,iedereen-naar-zee-in-september,6218bc292822d0fe3ce3347b,653ad4ede882f528b327d8f8,644a3a2ea5e66ba87dfebce1,false,false,Thu Apr 27 2023 09:02:37 GMT+0000 (Coordinated Universal Time),Tue May 16 2023 09:49:54 GMT+0000 (Coordinated Universal Time),Tue May 16 2023 09:49:59 GMT+0000 (Coordinated Universal Time),Tous à la mer en septembre ! ,,Tue May 16 2023 05:00:00 GMT+0000 (Coordinated Universal Time),,,Nieuwpoort,,"De Harmonie gaat van maandag 11 tot en met vrijdag 15 september met de schop en de emmer naar Nieuwpoort voor haar jaarlijkse reis. Er zijn nog een tiental plaatsen beschikbaar. De reis kost 335€/395€ (tweepersoons-/eenpersoonskamer) voor de week, dat is inclusief de kamer, ochtend- en avondmaaltijden en entertainment. Mis dit evenement niet! ","De Harmonie emmène sa pelle et son petit seau du lundi 11 au vendredi 15 septembre à Nieuwpoort pour son voyage annuel. Il reste encore une dizaine de places. Le voyage revient à 335€/395€ (chambre double/simple) pour la semaine ce qui comprend la chambre, les repas du matin et soir et les animations. Ne manquez pas cet événement incontournable ! ",,,,,,,Gepubliceerd,
iftar,iftar,6218bc292822d0fe3ce3347b,653ad4ede882f528b327d8f8,6981fae165ecc47a0c7acce1,false,false,Tue Feb 03 2026 13:40:49 GMT+0000 (Coordinated Universal Time),Tue Feb 03 2026 13:43:32 GMT+0000 (Coordinated Universal Time),Tue Feb 03 2026 13:43:32 GMT+0000 (Coordinated Universal Time),,,Fri Feb 20 2026 17:00:00 GMT+0000 (Coordinated Universal Time),,,,,"Terwijl de zon ondergaat en we het vasten van de dag afsluiten, zouden we het een eer vinden u bij ons te mogen verwelkomen voor een speciale iftar-viering. (reservatie)","Alors que le soleil se couche et que nous concluons le jeûne de la journée,nous serions honorés de vous compter parmi nous pour une celebration spéciale de l'iftar sur reservation",,,vrijdag,vendredi ,februari ,fevrier ,,
INFOSESSIE : Ergotherapeut,infosessie-ergotherapeut,6218bc292822d0fe3ce3347b,653ad4ede882f528b327d8f8,65fc1fad319cc8d2a7973b2f,false,false,Thu Mar 21 2024 11:53:17 GMT+0000 (Coordinated Universal Time),Fri Mar 29 2024 10:06:49 GMT+0000 (Coordinated Universal Time),Fri Mar 29 2024 10:18:45 GMT+0000 (Coordinated Universal Time),SESSION INFO : Ergothérapeute,,Wed Apr 03 2024 12:00:00 GMT+0000 (Coordinated Universal Time),14:00,16:00,De Harmonie,0,Twee ergotherapeuten komen in een ontspannen sfeer een workshop valpreventie geven.,Deux ergothérapeutes viennent donner un atelier sur la prévention des chutes dans une ambiance décontractée.,Reserveer a.u.b. je plaats zodat we het nodige aantal stoelen kunnen voorzien.,Merci de réserver votre place afin que nous puissions prévoir le nombre de chaises nécessaires. ,woensdag,mercredi,april,avril,Gepubliceerd,
"INFOSESSIE : Notaris (Testamenten, erfenissen, ...)",infosessie-notaris-testamenten-erfenissen,6218bc292822d0fe3ce3347b,653ad4ede882f528b327d8f8,650c1f38f597020eb6b59dac,false,false,Thu Sep 21 2023 10:47:20 GMT+0000 (Coordinated Universal Time),Thu Sep 21 2023 10:47:20 GMT+0000 (Coordinated Universal Time),Thu Sep 21 2023 10:47:31 GMT+0000 (Coordinated Universal Time),"SESSION INFO : Notaire (Testaments, Successions, ...)",,Wed Oct 04 2023 12:00:00 GMT+0000 (Coordinated Universal Time),14:00,16:30,De Harmonie,0,"Olivier de Clippele, geassocieerde notaris bij Notabel, komt speciaal naar De Harmonie om een informatiesessie te geven over alles wat te maken heeft met testamenten, erfenissen en andere documenten en beslissingen die te maken hebben met de overdracht van onroerend goed aan het einde van het leven. De presentatie wordt gevolgd door een vraag-en-antwoordsessie in groepsverband en wordt afgesloten met een licht hapje waarbij je haar kunt benaderen om je meer persoonlijke vragen te stellen. ","Olivier de Clippele, notaire associé de l'Étude Notariale Notabel, viendra tout spécialement à De Harmonie pour vous offrir une séance d'information sur tout ce qui a attrait aux testaments, successions, et autres documents et décisions en lien avec la transmission en fin de vie. La présentation sera suivie d'une séance de questions-réponses en groupe, et se clôturera par un petit goûter où il sera possible de l'approcher pour lui poser vos questions plus personnelles. ",Reserveer a.u.b. je plaats zodat we het nodige aantal stoelen kunnen voorzien.,Merci de réserver votre place afin que nous puissions prévoir le nombre de chaises nécessaires. ,woensdag,mercredi,oktober,octobre,Gepubliceerd,
"INFOSESSIE : Notaris (Testamenten, erfenissen, ...)",infosessie-notaris-testamenten-erfenissen-2,6218bc292822d0fe3ce3347b,653ad4ede882f528b327d8f8,65d75d016c7146b0aaf593f7,false,false,Thu Feb 22 2024 14:41:05 GMT+0000 (Coordinated Universal Time),Thu Feb 29 2024 11:37:05 GMT+0000 (Coordinated Universal Time),Thu Feb 29 2024 11:37:17 GMT+0000 (Coordinated Universal Time),"SESSION INFO : Notaire (Testaments, Successions, ...)",,Wed Mar 06 2024 13:00:00 GMT+0000 (Coordinated Universal Time),14:00,16:30,De Harmonie,0,"Olivier de Clippele, geassocieerde notaris bij Notabel, komt speciaal naar De Harmonie om een informatiesessie te geven over alles wat te maken heeft met testamenten, erfenissen en andere documenten en beslissingen die te maken hebben met de overdracht van onroerend goed aan het einde van het leven. De presentatie wordt gevolgd door een vraag-en-antwoordsessie in groepsverband en wordt afgesloten met een licht hapje waarbij je haar kunt benaderen om je meer persoonlijke vragen te stellen. ","Olivier de Clippele, notaire associé de l'Étude Notariale Notabel, viendra tout spécialement à De Harmonie pour vous offrir une séance d'information sur tout ce qui a attrait aux testaments, successions, et autres documents et décisions en lien avec la transmission en fin de vie. La présentation sera suivie d'une séance de questions-réponses en groupe, et se clôturera par un petit goûter où il sera possible de l'approcher pour lui poser vos questions plus personnelles. ",Reserveer a.u.b. je plaats zodat we het nodige aantal stoelen kunnen voorzien.,Merci de réserver votre place afin que nous puissions prévoir le nombre de chaises nécessaires. ,woensdag,mercredi,maart,mars,Gepubliceerd,
INFOSESSIE : OCMW Brussel: Hoe kunt u schulden vermijden?,infosessie-ocmw-brussel-hoe-kunt-u-schulden-vermijden,6218bc292822d0fe3ce3347b,653ad4ede882f528b327d8f8,665466117bcc52b5a4db56fa,false,false,Mon May 27 2024 10:53:05 GMT+0000 (Coordinated Universal Time),Mon May 27 2024 10:53:05 GMT+0000 (Coordinated Universal Time),Mon May 27 2024 10:53:11 GMT+0000 (Coordinated Universal Time),SESSION INFO : CPAS de Bruxelles : Comment éviter les dettes ?,,Wed Jun 05 2024 12:00:00 GMT+0000 (Coordinated Universal Time),14:00,16:30,De Harmonie,0,"Het Brusselse OCMW komt ons alles vertellen over schulden: hoe ze te vermijden, hoe ze kwijt te raken, hoe ze niet door te geven aan onze kinderen, enz. ","Le CPAS de Bruxelles vient tout nous dire au sujet des dettes : comment les éviter, comment s'en débarrasser, comment ne pas les transmettre à nos enfants, etc. ",Reserveer a.u.b. je plaats zodat we het nodige aantal stoelen kunnen voorzien.,Merci de réserver votre place afin que nous puissions prévoir le nombre de chaises nécessaires. ,woensdag,mercredi,juni,juin,Gepubliceerd,
INFOSESSIE : Senior Focus Box,infosessie-senior-focus-box,6218bc292822d0fe3ce3347b,653ad4ede882f528b327d8f8,6909d7b64668ee2c501e5252,false,false,Tue Nov 04 2025 10:38:46 GMT+0000 (Coordinated Universal Time),Tue Nov 04 2025 10:38:46 GMT+0000 (Coordinated Universal Time),Tue Nov 04 2025 10:38:46 GMT+0000 (Coordinated Universal Time),"SESSION INFO : ""Boîte Senior Focus""",,Thu Nov 13 2025 12:45:00 GMT+0000 (Coordinated Universal Time),13:45,,De Harmonie,0,De stad Brussel biedt u ‘brooddozen’ aan die u in uw koelkast kunt bewaren met al uw medische informatie. Het personeel van de spoeddienst is opgeleid om deze doos direct te herkennen (dankzij een sticker aan de buitenkant) en zo een snellere en efficiëntere behandeling mogelijk te maken. Aan het einde van de informatiesessie hebben we een aantal dozen die we gratis aan u kunnen uitdelen. ,"La ville de Bruxelles vous propose des ""boîtes à tartines"" à mettre dans votre frigo avec toutes vos informations médicales. Le personnel des soins d'urgence est formé pour repérer directement cette boîte (grâce à un sticker à l'extérieur) et ainsi faciliter une prise en charge plus rapide et plus efficace. A la fin de la session d'information nous avons quelques boîtes que nous pouvons vous distribuer, c'est gratuit. ",Reserveer a.u.b. je plaats zodat we het nodige aantal stoelen kunnen voorzien.,Merci de réserver votre place afin que nous puissions prévoir le nombre de chaises nécessaires. ,donderdag,jeudi,november,novembre,Gepubliceerd,
INFOSESSION : GazElec (Gas en Elektriciteit),infosession-gazelec-gas-en-elektriciteit,6218bc292822d0fe3ce3347b,653ad4ede882f528b327d8f8,6565bafd88f52ea59bd3b18c,false,false,Tue Nov 28 2023 10:03:41 GMT+0000 (Coordinated Universal Time),Fri Dec 15 2023 14:24:19 GMT+0000 (Coordinated Universal Time),Fri Dec 15 2023 14:33:03 GMT+0000 (Coordinated Universal Time),INFOSESSION : GazElec (Gaz et électricité),,Wed Jan 10 2024 13:00:00 GMT+0000 (Coordinated Universal Time),14:00,,De Harmonie,,"Infor GazElec, het Brusselse informatiecentrum voor gas- en elektriciteitsverbruikers, geeft tips over hoe je geld kunt besparen op je energierekening. Na de presentatie volgt een vraag-en-antwoordsessie over jouw specifieke situatie. ","Infor GazElec, centre d'information bruxellois pour les consommateurs et consommatrices de gaz et d'électricité, viendra nous partager ses bons plans pour faire des économies au niveau de nos factures d'énergie. Une séance de questions-réponses sur vos cas particuliers suivra la présentation. ",Schrijf je in zodat we genoeg plaatsen in de zaal hebben :) ,Merci de vous inscrire afin que nous puissions prévoir suffisamment de places assises dans la salle :) ,woensdag,mercredi,januari,janvier,Gepubliceerd,
INFOSESSION : vzw BRAVVO (rechtsbijstand en lokale bemiddeling) ,infosession-vzw-bravvo-rechtsbijstand-en-lokale-bemiddeling,6218bc292822d0fe3ce3347b,653ad4ede882f528b327d8f8,653a2a46a5a338ff89e7b2c0,false,false,Thu Oct 26 2023 08:58:46 GMT+0000 (Coordinated Universal Time),Thu Oct 26 2023 08:58:46 GMT+0000 (Coordinated Universal Time),Thu Oct 26 2023 08:58:54 GMT+0000 (Coordinated Universal Time),INFOSESSION : asbl BRAVVO (aide juridique et médiation locale),,Wed Nov 08 2023 13:00:00 GMT+0000 (Coordinated Universal Time),14:00,,De Harmonie,0,"Bravvo is de preventiedienst van de Stad Brussel en zet zich in tegen sociale uitsluiting en het gevoel van onveiligheid in de stad. Steunend op dialoog, begrip voor de ander en wederzijds respect, benadert Bravvo als bijzonder preventieorgaan het leven in de wijk vanuit multidisciplinaire hoek.","Bravvo est le service de prévention de la Ville de Bruxelles, en charge de la lutte contre l’exclusion sociale et le sentiment d’insécurité. Fondée sur le dialogue, la connaissance de l’autre et le respect mutuel, Bravvo propose une approche pluridisciplinaire au plus proche de la vie de quartier",,,woensdag,mercredi,november,novembre,Gepubliceerd,
Internationale kersttruiendag,internationale-kersttruiendag,6218bc292822d0fe3ce3347b,653ad4ede882f528b327d8f8,6555fd32c75b76889855bbd6,false,false,Thu Nov 16 2023 11:29:54 GMT+0000 (Coordinated Universal Time),Thu Nov 16 2023 11:29:54 GMT+0000 (Coordinated Universal Time),Thu Nov 16 2023 11:30:01 GMT+0000 (Coordinated Universal Time),Journée internationale du Pull de Noël,144,Fri Dec 15 2023 10:00:00 GMT+0000 (Coordinated Universal Time),12:00,,De Harmonie,0,Kom met je mooiste kersttrui !!!,Venez avec votre plus beau pull de Noël !!!,,,vrijdag,vendredi,december,décembre,Gepubliceerd,gelooftradities.png
🧧 Kerstkaartjes,kerstkaartjes,6218bc292822d0fe3ce3347b,653ad4ede882f528b327d8f8,692edb7d0b0926fc79219741,false,false,Tue Dec 02 2025 12:28:45 GMT+0000 (Coordinated Universal Time),Tue Dec 02 2025 13:52:25 GMT+0000 (Coordinated Universal Time),Tue Dec 02 2025 13:52:25 GMT+0000 (Coordinated Universal Time),🧧 Cartes de Noël,,Tue Dec 09 2025 13:00:00 GMT+0000 (Coordinated Universal Time),14:00,,De Harmonie,,Ons team van stagiaires nodigt u uit voor een workshop kerstkaarten maken. Laat uw fantasie de vrije loop voor uw eindejaarswensen. ,Notre équipe de stagiaires vous invite à une animation de création de cartes de Noël. Laissez parler votre imagination pour vos voeux de fin d'année. ,,,dinsdag,mardi,december,decembre,Gepubliceerd,
🎄Kerstmenu🎄,kerstmenu,6218bc292822d0fe3ce3347b,653ad4ede882f528b327d8f8,692ed9abb35e5e2c2347f5fc,false,false,Tue Dec 02 2025 12:20:59 GMT+0000 (Coordinated Universal Time),Tue Dec 02 2025 12:20:59 GMT+0000 (Coordinated Universal Time),Tue Dec 02 2025 12:20:59 GMT+0000 (Coordinated Universal Time),🎄Menu de Noël 🎄,,Fri Dec 19 2025 10:30:00 GMT+0000 (Coordinated Universal Time),,,De Harmonie,16,"Dit jaar heeft het keukenteam het volgende menu voor u samengesteld: ~
Kir Royal
~
Aspergesoep
~
Gerookte zalm
~
Kerstparelhoen met een verrassingssaus, appel met veenbessen en duchesse-aardappeltjes
~
Kerststronk ","Cette année, l'équipe en cuisine vous a concocté le menu suivant : ~
Kir Royal
~
Velouté d'asperges
~
Saumon fumé
~
Pintade de Noël avec une sauce surprise, Pomme aux airelles et Pommes Duchesses
~
Bûche de Noël ",OP RESERVERING !,SUR RÉSERVATION !,vrijdag,vendredi,december,decembre,Gepubliceerd,
Kerstmis drank,kerstmis-drank,6218bc292822d0fe3ce3347b,653ad4ede882f528b327d8f8,6570515fea702dbd48403f6c,false,false,Wed Dec 06 2023 10:47:59 GMT+0000 (Coordinated Universal Time),Wed Dec 06 2023 10:47:59 GMT+0000 (Coordinated Universal Time),Wed Dec 06 2023 10:48:08 GMT+0000 (Coordinated Universal Time),Drink de Noël,,Tue Dec 26 2023 11:00:00 GMT+0000 (Coordinated Universal Time),12:00,,De Harmonie,,Dit jaar hebben we besloten onze tradities om te draaien : een glas voor Kerstmis en een feestelijke maaltijd voor Nieuwjaar ! Kom op dinsdag 26 december 's middags bij ons langs voor een glas bubbels. ,Cette année nous avons décidé d'inverser nos traditions : une coupe pour Noël et un repas de fête pour le Nouvel An ! Venez nous rejoindre pour partager une coupe de bulles à midi ce mardi 26 décembre. ,"Als je op zoek bent naar een gezellige kerstmaaltijd, kunnen we je de verschillende dienstencentra van onze Poutrel-organisatie aanraden: Forum (18/12), Het Anker (19/12), Miro (20/12), Cosmos en Vives (25/12). We bevelen ook de kerstmaaltijden aan die worden georganiseerd door de buurtcentra La Flêche en Le Millénaire (21/12). ","Si vous cherchez un joyeux repas de Noël nous pouvons vous recommander les différents centres de service de notre organisation Poutrel : Forum (18/12), Het Anker (19/12), Miro (20/12), Cosmos et Vives (25/12). Nous vous recommandons également les repas de Noël organisés par les maisons de quartier La Flêche et Le Millénaire (21/12). ",dinsdag,mardi,december,decembre,Gepubliceerd,
Koninklijke Serres van Laeken,koninklijke-serres-van-laeken,6218bc292822d0fe3ce3347b,653ad4ede882f528b327d8f8,6436ae61fd8e724fd45de3f3,false,false,Wed Apr 12 2023 13:13:05 GMT+0000 (Coordinated Universal Time),Wed Apr 12 2023 13:13:05 GMT+0000 (Coordinated Universal Time),Wed Apr 12 2023 13:13:10 GMT+0000 (Coordinated Universal Time),Serres Royales de Laeken,,Tue Apr 18 2023 12:30:00 GMT+0000 (Coordinated Universal Time),14:30,,Serres Royales de Laeken,5,"De Koninklijke Serres van Laken zijn slechts 3 weken per jaar open, dus laten we er het beste van maken :) Een deel van de rondleiding gaat ook door de tuinen van het Koninklijk Paleis. ","Les Serres Royales de Laeken ne sont ouvertes que 3 semaines par an, alors on en profite :) Une partie du parcours vous fera également découvrir les jardins du Palais Royal. ",,,dinsdag,mardi,april,avril,Gepubliceerd,
Kookactiviteit,kookactiviteit,6218bc292822d0fe3ce3347b,653ad4ede882f528b327d8f8,644a38227f3422dae17bd930,false,false,Thu Apr 27 2023 08:53:54 GMT+0000 (Coordinated Universal Time),Thu Apr 27 2023 08:53:54 GMT+0000 (Coordinated Universal Time),Thu Apr 27 2023 08:54:06 GMT+0000 (Coordinated Universal Time),Activité Cuisine,,Thu May 04 2023 11:30:00 GMT+0000 (Coordinated Universal Time),13:30,16:00,De Harmonie,,"Souhaïla, een studente op stage, stelt een kookactiviteit voor om samen een dessert te bereiden. Deze activiteit zal maar één keer plaatsvinden dus mis het niet :) ","Étudiante en stage, Souhaïla propose une activité cuisine pour préparer ensemble un dessert. Cette activité n'aura lieu qu'une fois alors ne la manquez pas :) ",,,donderdag,jeudi,mei,mai,Gepubliceerd,
"KOOR : ""Magnificat"" in De Harmonie",koor-magnificat-in-de-harmonie,6218bc292822d0fe3ce3347b,653ad4ede882f528b327d8f8,66433fef79906f3c7e102103,false,false,Tue May 14 2024 10:41:51 GMT+0000 (Coordinated Universal Time),Tue May 14 2024 10:41:51 GMT+0000 (Coordinated Universal Time),Tue May 14 2024 10:41:57 GMT+0000 (Coordinated Universal Time),"CHORALE : ""Magnificat"" à De Harmonie",,Sat May 18 2024 12:00:00 GMT+0000 (Coordinated Universal Time),14:00,15:00,De Harmonie,,"Op het programma staan liedjes in het Kirundi, Swahili, Frans en Engels. De liedjes zullen worden gezongen op Burundese ritmes en dansen.
Mis deze mooi en unieke kans niet.","Au programme, il y aura des chants en Kirundi, en Swahili, en Français et en Anglais. Il s'agira des chants rythmés et dansés à la burundaise.
Ne ratez pas cette belle et unique occasion.",,,zaterdag,samedi,mei,mai,Gepubliceerd,
LAATSTE ONTMOETING VOOR DE ZEE 2025 ! ,laatste-ontmoeting-voor-de-zee-2025,6218bc292822d0fe3ce3347b,653ad4ede882f528b327d8f8,6890ad79bdfe602f6d291e39,false,false,Mon Aug 04 2025 12:54:17 GMT+0000 (Coordinated Universal Time),Mon Aug 04 2025 12:54:17 GMT+0000 (Coordinated Universal Time),Mon Aug 04 2025 12:54:17 GMT+0000 (Coordinated Universal Time),DERNIÈRE RÉUNION POUR LA MER 2025 !,,Tue Aug 26 2025 12:00:00 GMT+0000 (Coordinated Universal Time),14:00,,"De Harmonie, salle du haut",,"Het is tijd voor de laatste voorbereidingen ! Ter herinnering, we vertrekken van 8 tot 12 september en er zijn nog plaatsen beschikbaar :)",C'est le moment des derniers préparatifs ! Pour rappel nous partons du 8 au 12 septembre et il reste de la place :) ,,,dinsdag,mardi,augustus,août,Gepubliceerd,
✨ Magic Cabaret - Le Cabaret Secret ✨,magic-cabaret---le-cabaret-secret,6218bc292822d0fe3ce3347b,653ad4ede882f528b327d8f8,693827e5414b52539d43e440,false,false,Tue Dec 09 2025 13:45:09 GMT+0000 (Coordinated Universal Time),Tue Dec 09 2025 13:45:09 GMT+0000 (Coordinated Universal Time),Tue Dec 09 2025 13:45:09 GMT+0000 (Coordinated Universal Time),✨ Magic Cabaret - Le Cabaret Secret ✨,,Fri Jan 02 2026 15:00:00 GMT+0000 (Coordinated Universal Time),16:00,18:30,"Tour & Taxis, Rue Picardstraat",1.25,"Net als vorig jaar kunt u het nieuwe jaar beginnen in een sprookjesachtige sfeer dankzij het Magic Cabaret. Dit jaar kunt u genieten van een meeslepende ervaring, want de voorstelling wordt gespeeld met een koptelefoon op, zodat u geen enkel fluisterend woord van de personages hoeft te missen. ","Comme l'année dernière, venez débuter la nouvelle année dans une ambiance féérique grâce au Magic Cabaret. Cette année vous profiterez d'une expérience immersive, le spectacle étant joué avec un casque sur vos oreilles pour que vous ne ratiez pas la moindre petite confidence chuchottée par les personnages. ",Afspraak om 15.30 uur voor de ingang van de tent.,Rendez-vous à 15h30 devant l'entrée du chapiteau.,vrijdag,vendredi,januari,janvier,Gepubliceerd,
✨ Magic Cabaret - Le Cabaret Secret ✨,magic-cabaret---le-cabaret-secret-2,6218bc292822d0fe3ce3347b,653ad4ede882f528b327d8f8,693828092b485f9bdc6de731,false,false,Tue Dec 09 2025 13:45:45 GMT+0000 (Coordinated Universal Time),Tue Dec 09 2025 13:45:45 GMT+0000 (Coordinated Universal Time),Tue Dec 09 2025 13:45:45 GMT+0000 (Coordinated Universal Time),✨ Magic Cabaret - Le Cabaret Secret ✨,,Sat Jan 03 2026 15:00:00 GMT+0000 (Coordinated Universal Time),16:00,18:30,"Tour & Taxis, Rue Picardstraat",1.25,"Net als vorig jaar kunt u het nieuwe jaar beginnen in een sprookjesachtige sfeer dankzij het Magic Cabaret. Dit jaar kunt u genieten van een meeslepende ervaring, want de voorstelling wordt gespeeld met een koptelefoon op, zodat u geen enkel fluisterend woord van de personages hoeft te missen. ","Comme l'année dernière, venez débuter la nouvelle année dans une ambiance féérique grâce au Magic Cabaret. Cette année vous profiterez d'une expérience immersive, le spectacle étant joué avec un casque sur vos oreilles pour que vous ne ratiez pas la moindre petite confidence chuchottée par les personnages. ",Afspraak om 15.30 uur voor de ingang van de tent.,Rendez-vous à 15h30 devant l'entrée du chapiteau.,zaterdag,samedi,januari,janvier,Gepubliceerd,
Mandala,mandala-13,6218bc292822d0fe3ce3347b,653ad4ede882f528b327d8f8,646e016bb52006960e45b569,false,false,Wed May 24 2023 12:22:03 GMT+0000 (Coordinated Universal Time),Wed May 24 2023 12:22:03 GMT+0000 (Coordinated Universal Time),Wed May 24 2023 12:34:04 GMT+0000 (Coordinated Universal Time),Mandala,139,Mon Jun 12 2023 12:00:00 GMT+0000 (Coordinated Universal Time),14:00,,De Harmonie,1,"Kleurrijk, sierlijk en artistiek: ideaal voor het onderhouden van de fijne motoriek en de hersenen. En vooral: je voelt je helemaal ontspannen!","Coloré, gracieux et artistique : idéal pour entretenir la motricité fine et le cerveau. Et surtout : vous vous sentirez complètement zen !",,,maandag,lundi,juni,juin,Gepubliceerd,klussencreatief.png
Zuidfoor,midden-festival,6218bc292822d0fe3ce3347b,653ad4ede882f528b327d8f8,687915ad7612b44d4a01d94d,false,false,Thu Jul 17 2025 15:24:29 GMT+0000 (Coordinated Universal Time),Mon Aug 04 2025 10:00:16 GMT+0000 (Coordinated Universal Time),Mon Aug 04 2025 10:00:16 GMT+0000 (Coordinated Universal Time),foire du midi,,Mon Aug 04 2025 12:00:00 GMT+0000 (Coordinated Universal Time),14h,,,,"Kom met ons mee en maak een wandeling over de Zuidfoor, eet wat donuts en drink wat.","Venez avec nous faire un petit tour a la Foire du midi, se promener,manger quelques beignets et boire un verre ",,,maandag,lundi,augustus,août,Gepubliceerd,
Mode & Kant Museum met Marie ,mode-kant-museum-met-marie,6218bc292822d0fe3ce3347b,653ad4ede882f528b327d8f8,63ac10cb8aced3f862101d17,false,false,Wed Dec 28 2022 09:47:55 GMT+0000 (Coordinated Universal Time),Wed Dec 28 2022 09:47:55 GMT+0000 (Coordinated Universal Time),Wed Dec 28 2022 09:48:14 GMT+0000 (Coordinated Universal Time),Musée de la Mode et de la Dentelle avec Marie,,Wed Jan 11 2023 13:30:00 GMT+0000 (Coordinated Universal Time),14:30,,"Rue de la Violetstraat, 12 - 1000 Brussel","1,25€","Marie leidt u door de tentoonstelling ""Kidorama, 200 jaar kindermode"" die de evolutie van de mores en de mode aan de hand van het ontwerp van kinderkleding laat zien.","Marie vous guidera tout le long de l'exposition ""Kidorama, 200 ans de mode enfantine"" qui retrace l'évolution des moeurs et des modes au travers de la conception des vêtements pour enfants.",Verzamelen op de locatie om 14.30 uur.,Rendez-vous sur place à 14h30.,woensdag,mercredi,januari,janvier,Gepubliceerd,
Mölkky Indoor,molkky-indoor-24,6218bc292822d0fe3ce3347b,653ad4ede882f528b327d8f8,6717773ff255cc5b08ba588d,false,false,Tue Oct 22 2024 09:58:23 GMT+0000 (Coordinated Universal Time),Tue Oct 22 2024 09:58:23 GMT+0000 (Coordinated Universal Time),Tue Oct 22 2024 10:21:08 GMT+0000 (Coordinated Universal Time),Mölkky à l'intérieur,140,Tue Nov 12 2024 13:00:00 GMT+0000 (Coordinated Universal Time),14:00,,De Harmonie,0,"Ontdek dit Finse bowlingspel met Arnaud. Vanaf nu zal Mölkky maar één keer per maand plaatsvinden, dus mis het niet :) ",Découvrez avec Arnaud ce jeu de quilles finlandaises. Désormais le Mölkky n'aura lieu qu'une fois par mois alors ne manquez pas cette édition :) ,,,dinsdag,mardi,november,novembre,Gepubliceerd,spelletjes.png
Mooie kaarten om te versturen,mooie-kaarten-om-te-versturen,6218bc292822d0fe3ce3347b,653ad4ede882f528b327d8f8,63e4d05e59ed03a44cf39ddc,false,false,Thu Feb 09 2023 10:52:14 GMT+0000 (Coordinated Universal Time),Tue Feb 28 2023 11:17:20 GMT+0000 (Coordinated Universal Time),Tue Feb 28 2023 11:17:32 GMT+0000 (Coordinated Universal Time),De jolies cartes à envoyer,,Tue Feb 28 2023 09:00:00 GMT+0000 (Coordinated Universal Time),,,De Harmonie,"1,50","De Harmonie heeft in haar lades nog een hele voorraad briefkaarten die handgemaakt zijn tijdens workshops in ons pand vóór de Covid-periode. Vieringen, geboortes, deelneming, Valentijnsdag, of gewoon een eenvoudig vriendschapsbriefje, er is voor elk wat wils. Voor meer informatie kunt u contact opnemen met Nicole.","De Harmonie a encore dans ses tiroirs tout un stock de cartes postales faites mains lors d'ateliers dans nos locaux avant la période du Covid. Fêtes, naissances, condoléances, St-Valentin, ou simple petit mot d'amitié il y en a pour tous les goûts. Pour plus d'informations, n'hésitez pas à vous rendre auprès de Nicole.",,,Elke dag,Tous les jours,,,Gepubliceerd,
Mooie kaarten om te versturen,mooie-kaarten-om-te-versturen-2,6218bc292822d0fe3ce3347b,653ad4ede882f528b327d8f8,63ff1af35a907f45825b1221,false,false,Wed Mar 01 2023 09:29:23 GMT+0000 (Coordinated Universal Time),Wed Mar 01 2023 09:29:23 GMT+0000 (Coordinated Universal Time),Wed Mar 01 2023 09:32:51 GMT+0000 (Coordinated Universal Time),De jolies cartes à envoyer,,Wed Mar 01 2023 08:10:00 GMT+0000 (Coordinated Universal Time),,,De Harmonie,"1,50","De Harmonie heeft in haar lades nog een hele voorraad briefkaarten die handgemaakt zijn tijdens workshops in ons pand vóór de Covid-periode. Vieringen, geboortes, deelneming, Valentijnsdag, of gewoon een eenvoudig vriendschapsbriefje, er is voor elk wat wils. Voor meer informatie kunt u contact opnemen met Nicole.","De Harmonie a encore dans ses tiroirs tout un stock de cartes postales faites mains lors d'ateliers dans nos locaux avant la période du Covid. Fêtes, naissances, condoléances, St-Valentin, ou simple petit mot d'amitié il y en a pour tous les goûts. Pour plus d'informations, n'hésitez pas à vous rendre auprès de Nicole.",,,Elke dag,Tous les jours,,,Gepubliceerd,
musée avec bianca ,musee-avec-bianca,6218bc292822d0fe3ce3347b,653ad4ede882f528b327d8f8,6981e775ac358c8603a717b0,false,false,Tue Feb 03 2026 12:17:57 GMT+0000 (Coordinated Universal Time),Tue Feb 03 2026 12:19:20 GMT+0000 (Coordinated Universal Time),Tue Feb 03 2026 12:19:20 GMT+0000 (Coordinated Universal Time),pompei,,Thu Feb 26 2026 13:30:00 GMT+0000 (Coordinated Universal Time),,,à 14h a l harmonie ou 14h30 sur place (tout et taxi),1.25,,,,,donderdag,jeudi,februari,fevrier,,
MUSEUM : Art & Marges met Pepita,museum-art-marges-met-pepita,6218bc292822d0fe3ce3347b,653ad4ede882f528b327d8f8,6548dbeff1acfc8b4523bfbd,false,false,Mon Nov 06 2023 12:28:31 GMT+0000 (Coordinated Universal Time),Mon Nov 06 2023 12:28:31 GMT+0000 (Coordinated Universal Time),Mon Nov 06 2023 12:28:37 GMT+0000 (Coordinated Universal Time),MUSÉE : Art & Marges avec Pepita,,Sun Dec 03 2023 13:30:00 GMT+0000 (Coordinated Universal Time),14:30,,"Rue Haute 314, 1000 Brussel (près de la Porte de Hal)",0,"Dit museum voor outsiderkunst stelt kunst en haar grenzen in vraag. Er is een monografische tentoonstelling van Jean-Marie Massou (1950-2020), een leidende figuur in de art brut-beweging.
We zullen 4.000 werken bewonderen.","Ce musée d’art ousider qui questionne l’art et ses frontières. Il propose une exposition monographique de Jean-Marie Massou (1950-2020), véritable figure de l’art brut.
Nous admirerons 4000 œuvres.
","Bus 48-52; Tram 3-4 en Metro 2-6
Na de rondleiding gaan we wat drinken als het jou uitkomt.
Mag ik je vragen om je bezoek te reserveren :
jpien.pepita@gmail.com
02 231 04 39 - 0471/215130","Bus 48-52 ; Tram 3-4 et Métro 2-6
Après la visite, nous irons boire un verre à votre meilleure convenance
Puis-je vous demander de réserver votre visite :
jpien.pepita@gmail.com
02 231 04 39 - 0471/215130
",zondag,dimanche,december,décembre,Gepubliceerd,
MUSEUM : Autriquehuis met Marie,museum-autriquehuis-met-marie,6218bc292822d0fe3ce3347b,653ad4ede882f528b327d8f8,644a368fa178eaa6bf960cc2,false,false,Thu Apr 27 2023 08:47:11 GMT+0000 (Coordinated Universal Time),Thu May 25 2023 10:54:04 GMT+0000 (Coordinated Universal Time),Thu May 25 2023 10:56:50 GMT+0000 (Coordinated Universal Time),MUSÉE : Maison Autrique avec Marie,,Fri May 26 2023 12:30:00 GMT+0000 (Coordinated Universal Time),14:30,,"Maison Autrique, Chaussée de Haecht 266",1.25,"Naast het beroemde huis, een belangrijk werk van Victor Horta, neemt Marie u mee naar de tijdelijke tentoonstelling ""Bloemenpracht"" die presenteert het werk en leven van Privat Livemont, een emblematische Brusselse art-nouveaukunstenaar.","En plus de la célèbre maison, oeuvre majeure de Victor Horta, Marie vous emmène à la découverte de l'exposition temporaire ""Fleurs à l'Affiche"" qui présente l'œuvre et la vie de Privat Livemont, artiste bruxellois emblématique de l’Art nouveau.",,,vrijdag,vendredi,mei,mai,Gepubliceerd,
MUSEUM : Beeldende kunst en keramiek in Verviers met Pepita,museum-beeldende-kunst-en-keramiek-in-verviers-met-pepita,6218bc292822d0fe3ce3347b,653ad4ede882f528b327d8f8,66cc90ab8ff4ace8afc60f90,false,false,Mon Aug 26 2024 14:26:51 GMT+0000 (Coordinated Universal Time),Mon Aug 26 2024 14:26:51 GMT+0000 (Coordinated Universal Time),Mon Aug 26 2024 14:26:56 GMT+0000 (Coordinated Universal Time),MUSÉE : Beaux-Arts et Céramique à Verviers avec Pepita,,Sun Sep 01 2024 08:00:00 GMT+0000 (Coordinated Universal Time),,,Rue Renier 17 à 4800 Verviers,0,"We zullen de gelegenheid hebben om een zeer mooie collectie voorwerpen te bewonderen die doen denken aan het oude Verviers
Een verzameling keramiek, beeldhouwwerken, enz.","Nous aurons l’occasion d’admirer une très belle collection d’objets qui rappelle le vieux Verviers
Une collection de céramique, des sculptures etc
","We nemen de trein Zuidstation om 9.56 uur.
Centraal station 10.01 uur
Noordstation 10.07 uur (hier neem ik de trein)
We komen om 11.23 uur aan
We vinden een paar heerlijke restaurants en komen om 14.30 uur aan bij het museum.
Mag ik u vragen te reserveren na ontvangst van dit bericht
Met plezier
jpien.pepita@gmail.com
02 231 04 39 0471/215130","Nous prendrons le train Gare du Midi 9h56
Gare Central 10h01
Gare Nord 10h07 (c’est là que je prends le train)
Nous arriverons à 11h23
Nous trouverons de charmants restaurants et arriverons au musée à 14h30
Puis-je vous demander de réserver à la réception de ce message
Au plaisir
jpien.pepita@gmail.com
02 231 04 39 0471/215130
",zondag,dimanche,september,septembre,Gepubliceerd,
"MUSEUM : ""Belgisch Museum van de Vrijmetselarij""",museum-belgisch-museum-van-de-vrijmetselarij,6218bc292822d0fe3ce3347b,653ad4ede882f528b327d8f8,67d838b5be8ae237c77315a4,false,false,Mon Mar 17 2025 14:59:01 GMT+0000 (Coordinated Universal Time),Mon Mar 17 2025 14:59:01 GMT+0000 (Coordinated Universal Time),Mon Mar 17 2025 14:59:01 GMT+0000 (Coordinated Universal Time),"MUSÉE : ""Musée belge de la Franc-Maçonnerie""",,Mon Mar 24 2025 12:30:00 GMT+0000 (Coordinated Universal Time),13:30,16:00,"Musée de la Franc-Maçonnerie, Rue de Laeken 73-75",1.25 + 4.5,"Rondleiding in het Frans (het museum zal proberen een tweetalige gids te vinden, maar dit is niet gegarandeerd) in het Belgisch Museum van de Vrijmetselarij.",Visite guidée en français (le musée va essayer de trouver un guide bilingue mais ce n'est pas assuré) du Musée Belge de la Franc-Maçonnerie. ,Verzamelen met Bianca bij de Harmonie. Vertrek om 13u30 voor een rondleiding door het museum om 14.00 uur.,Rendez-vous avec Bianca à l'Harmonie. Départ à 13h30 pour une visite du musée à 14h.,maandag,lundi,maart,mars,Gepubliceerd,
"MUSEUM : ""Bellum & Artes"" (Het Huis van de Europese Geschiedenis) met Marie",museum-bellum-artes-het-huis-van-de-europese-geschiedenis-met-marie,6218bc292822d0fe3ce3347b,653ad4ede882f528b327d8f8,66f5582bdf8a7de91548286d,false,false,Thu Sep 26 2024 12:48:43 GMT+0000 (Coordinated Universal Time),Thu Sep 26 2024 12:48:43 GMT+0000 (Coordinated Universal Time),Thu Sep 26 2024 12:55:09 GMT+0000 (Coordinated Universal Time),"MUSÉE : ""Bellum & Artes"" (La Maison de l'Histoire Européenne) avec Marie",,Tue Oct 08 2024 12:30:00 GMT+0000 (Coordinated Universal Time),14:30,,"Maison de l'Histoire Européenne, Rue Belliard 135 à 1000 Bruxelles",0,"Europa en de Dertigjarige Oorlog of de rol van kunst tijdens de Dertigjarige Oorlog (1618-1648) en de complexe interactie tussen conflict en artistieke expressie.
De kunst die tijdens deze periode werd geroofd, kan worden beschouwd als een belangrijk onderdeel van het gemeenschappelijk erfgoed van Europa.
Het Verdrag van Westfalen, waarmee de oorlog werd beëindigd, was de eerste poging tot vrede in Europa vóór vele andere.","L’Europe et la guerre de 30 ans ou le rôle de l’art pendant la guerre de 30 ans(1618-1648) et l’interaction complexe entre le conflit et l’expression artistique.
L’art pillé à cette époque peut être considéré comme une partie importante du patrimoine commun de l’Europe.
Le traité de Westphalie qui clôtura cette guerre fut la première tentative de paix en Europe avant bien d’autres.
","Afspraak om 14u15 aan de ingang. Toegang via Leopoldpark, metro Maelbeek, dan bussen 59 en 60 ( Leopoldpark)","Rendez-vous à 14h15 à l'entrée. Accès par le Parc Leopold, métro Maelbeek, puis bus 59 et 60 ( Parc Leopold)",dinsdag,mardi,oktober,octobre,Gepubliceerd,
MUSEUM : Belvue museum en Art Nouveau met Marie,museum-belvue-museum-en-art-nouveau-met-marie,6218bc292822d0fe3ce3347b,653ad4ede882f528b327d8f8,646f28e7c477dc4cd4ab3915,false,false,Thu May 25 2023 09:22:47 GMT+0000 (Coordinated Universal Time),Thu May 25 2023 09:22:47 GMT+0000 (Coordinated Universal Time),Thu May 25 2023 09:22:54 GMT+0000 (Coordinated Universal Time),MUSÉE : Le Musée Belvue et l'Art Nouveau avec Marie,,Wed Jun 21 2023 12:30:00 GMT+0000 (Coordinated Universal Time),14:30,,"Entrée Place des Palais, Musée Belvue","1,25","Marie stelt een bezoek aan het Belvue Museum voor, gewijd aan de Art Nouveau collecties van de Koning Boudewijnstichting en andere musea.
Juwelen, boekbanden, decoratieve voorwerpen ontworpen door Horta, Henry Van de Velde, Wolfers ... onder anderen.","Marie nous propose une visite au Musée Belvue consacrée aux collections d’Art Nouveau de la Fondation Roi Baudouin et d’autres musées.
Bijoux, reliures, objets décoratifs conçus par Horta, Henry Van de Velde, Wolfers … entre autres.
",Verzamelen voor de ingang van het Paleisplein om 14:30 uur.,Rendez-vous devant l'entrée située Place des Palais à 14:30.,woensdag,mercredi,juni,juin,Gepubliceerd,
MUSEUM : Collecties van het Brusselse OCMW-museum met Marie,museum-collecties-van-het-brusselse-ocmw-museum-met-marie,6218bc292822d0fe3ce3347b,653ad4ede882f528b327d8f8,65dddb30d2f5813d655c193b,false,false,Tue Feb 27 2024 12:53:04 GMT+0000 (Coordinated Universal Time),Tue Feb 27 2024 12:53:04 GMT+0000 (Coordinated Universal Time),Tue Feb 27 2024 12:53:08 GMT+0000 (Coordinated Universal Time),MUSÉE : Collections du Musée du CPAS de Bruxelles avec Marie,,Thu Mar 21 2024 13:30:00 GMT+0000 (Coordinated Universal Time),14:30,,Rue Haute 298 à 1000 Bruxelles,0,"De administratieve gebouwen van het OCMW in Brussel herbergen een mooie collectie kunstwerken: Brabantse beeldhouwwerken, Brusselse wandtapijten en meesterwerken.
De meeste hiervan werden in het verleden nagelaten aan Brusselse liefdadigheidsinstellingen of door hen aangekocht om hun kapellen te versieren.
Naast de kunstwerken kunt u ook getuigenissen zien van het leven in de oude Brusselse ziekenhuizen. ","Les locaux administratifs du Cpas de Bruxelles regroupent une belle collection d’oeuvres d’art: sculptures brabançonnes, tapisseries de Bruxelles, tableaux de maîtres.
La plupart ont été léguées jadis à des institutions de bienfaisance bruxelloises ou acquises par celles-ci pour décorer leur chapelle .
À côté des oeuvres d’art, on peut également y voir des témoignages de la vie des anciens hôpitaux bruxellois. ",Ontmoet ons in de hal voordat we samen naar de collecties gaan.,Rendez-vous dans le grand hall d’entrée avant de nous rendre ensemble vers les collections,donderdag,jeudi,maart,mars,Gepubliceerd,
"MUSEUM : ""Dressing"" met Marie",museum-dressing-met-marie,6218bc292822d0fe3ce3347b,653ad4ede882f528b327d8f8,653a1becc513a5eb9f4cb945,false,false,Thu Oct 26 2023 07:57:32 GMT+0000 (Coordinated Universal Time),Thu Oct 26 2023 07:57:56 GMT+0000 (Coordinated Universal Time),Thu Oct 26 2023 07:57:59 GMT+0000 (Coordinated Universal Time),"MUSÉE : ""Dressing"" avec Marie",,Thu Nov 16 2023 11:30:00 GMT+0000 (Coordinated Universal Time),12:30,,"Maison des Arts de Schaerbeek, Chaussée de Haecht 147",0,"De tentoonstelling Dressing focust op het thema kleding: wat betekent het om een kledingstuk te dragen?
Ze brengt de creaties van een vijftiental hedendaagse kunstenaars samen met werken uit de gemeentelijke collecties van Schaarbeek.","L’expo Dressing a comme sujet le thématique du vêtement :que veut dire porter un vêtement ?
Elle met en dialogue les créations d’une quinzaine de plasticiens contemporains et les œuvres des collections communales de Schaerbeek","Transport: 25, 92,93,65,66","Transports : 25, 92,93,65,66",donderdag,jeudi,november,novembre,Gepubliceerd,
MUSEUM Expo Johnny Hallyday,museum-expo-johnny-hallyday,6218bc292822d0fe3ce3347b,653ad4ede882f528b327d8f8,641c32e209a16663b9dd0aa7,false,false,Thu Mar 23 2023 11:07:14 GMT+0000 (Coordinated Universal Time),Thu Mar 23 2023 11:07:14 GMT+0000 (Coordinated Universal Time),Thu Mar 23 2023 16:11:03 GMT+0000 (Coordinated Universal Time),MUSÉE Expo Johnny Hallyday,,Thu Apr 06 2023 12:00:00 GMT+0000 (Coordinated Universal Time),14:00,16:00,Brussels Expo ,1.25,"In een ruimte van bijna 3000m2wordt u door middel van prachtige scenografische installaties ondergedompeld in de leefwereld van de zanger. U ontdekt ook het bureau van Johnny Hallyday in Marnes-la-Coquette. Duizenden archiefbeelden, zijn podiumoutfits, zijn gitaren alsook krachtige getuigenissen en weinig bekende anekdotes. Dé kans om ‘l’Idole des jeunes’ te herontdekken tijdens een unieke ervaring. Deze reis doorheen het leven van Johnny Hallyday wordt geritmeerd door muzikale, podium- en persoonlijke herinneringen, dankzij een uitzonderlijke scenografie en een centrale immersieve beleving.","Dans un espace de près de 3.000m2, vous êtes plongés dans des installations scénographiques qui vous font revivre la vie du chanteur. Vous aurez l’occasion de visiter le bureau de Johnny à Marnes-la-Coquette et de découvrir des milliers d’images d’archives, ses costumes de scène, ses guitares ainsi que de nombreux témoignages forts et anecdotes méconnues. L’occasion de vivre une expérience inédite pour redécouvrir l’Idole des jeunes. Ce voyage à travers l‘univers de Johnny Hallyday est ponctué de souvenirs musicaux, scéniques et personnels grâce à des mises en scène d’exception.",Vertrek om 13.30 uur vanuit De Harmonie. Naast een audiogids kunt u profiteren van de kennis van onze eigen Johnny :) ,"Départ à 13h30 de Harmonie. En plus d'un audio-guide, vous pourrez profiter des connaissances sur le sujet de notre Johnny à nous :) ",donderdag,jeudi,april,avril,Gepubliceerd,
"MUSEUM : Expo Lego ""Naar de maan en verder"" (Luik)",museum-expo-lego-naar-de-maan-en-verder-luik,6218bc292822d0fe3ce3347b,653ad4ede882f528b327d8f8,677fc3e0427063b5bb6ebdb0,false,false,Thu Jan 09 2025 12:41:04 GMT+0000 (Coordinated Universal Time),Thu Jan 09 2025 12:41:04 GMT+0000 (Coordinated Universal Time),Thu Jan 09 2025 12:41:04 GMT+0000 (Coordinated Universal Time),"MUSÉE : Expo Lego ""Vers la lune et Au-delà"" (Liège)",,Thu Jan 23 2025 08:45:00 GMT+0000 (Coordinated Universal Time),9:45,,Gare de Liège Guillemins,1.25,"Deze winter neemt Europa Expo bezoekers mee op een interplanetaire reis met de tentoonstelling “Naar de maan en verder : The Conquest of Space in LEGO® Bricks”. Van 21 december tot 9 maart belicht deze tentoonstelling de geschiedenis van de verovering van de lucht- en ruimtevaart door de sleutelmomenten te herbeleven aan de hand van LEGO® sculpturen. De tentoonstelling is gemaakt in samenwerking met het agentschap Epicure Studio en biedt bezoekers een nieuwe kijk op lucht- en ruimtevaart vanuit een speelse en intergenerationele invalshoek aan de hand van 3 thema's: de verkenning van het zonnestelsel, de verovering van de maan en het universum van de ruimte door onze verbeelding. “Naar de maan en verder” vertegenwoordigt bijna 1.200 uur ontwerpwerk en 180.000 LEGO® stenen die het verhaal van ons luchtvaarterfgoed vertellen aan de hand van een vijftigtal indrukwekkende sculpturen: van een astronaut op mensenmaat tot de Saturnus V raket van de Apollo missies, via de legendarische Concorde en Antoine de Saint-Exupéry's De Kleine Prins.","Cet hiver, Europa Expo embarque les visiteurs pour un voyage interplanétaire avec l’exposition « Vers la Lune et au-delà : la conquête spatiale en briques LEGO® » Du 21 décembre au 9 mars, cette exposition met à l’honneur l’histoire de la conquête aéronautique et spatiale et y retrace les moments clés à travers des sculptures LEGO®. Réalisée en collaboration avec l’agence Epicure Studio, elle offre aux visiteurs une nouvelle approche de l’aérospatiale sous un angle se voulant ludique et intergénérationnel à travers 3 thématiques : l’exploration du système solaire, la conquête lunaire et l’univers spatiale à travers notre imaginaire. « Vers la Lune et au-delà », ce sont près de 1200 heures de conception et 180,000 briques LEGO® racontant le patrimoine aéronautique à travers une cinquantaine de sculptures impressionnantes : d’un astronaute à taille humaine à la fusée Saturn V des missions Apollo, en passant par le mythique Concorde et par Le Petit Prince d’Antoine de Saint-Exupéry.",Verzamelen met Bianca bij Noordstation voor het grote mededelingenbord om 9.45 uur. Trein naar Luik om 10:08 (spoor 3),Rendez-vous avec Bianca à la Gare du Nord devant le grand tableau d'affichage principal à 9h45. Train pour Liège à 10h08 (voie 3),donderdag,jeudi,januari,janvier,Gepubliceerd,
MUSEUM : Gallo-Romeins Museum in Aat met Pepita,museum-gallo-romeins-museum-in-aat-met-pepita,6218bc292822d0fe3ce3347b,653ad4ede882f528b327d8f8,649442df8972885986a44550,false,false,Thu Jun 22 2023 12:47:27 GMT+0000 (Coordinated Universal Time),Thu Jun 22 2023 12:51:43 GMT+0000 (Coordinated Universal Time),Thu Jun 22 2023 12:51:48 GMT+0000 (Coordinated Universal Time),MUSÉE : Espace Gallo-Romain à Ath avec Pepita,,Sun Jul 02 2023 08:50:00 GMT+0000 (Coordinated Universal Time),,,"Rue de Nazareth, 2 à 7800 ATH (Direction Tournai)",,"Dit gebied is uniek in de wereld en is noch een ""tempelmuseum"" noch een hoofdzakelijk recreatiegebied. We kunnen er 2 grote boten uit de Romeinse tijd ontdekken, de pirogue en de aak (een open boot met platte bodem van 12 meter). Ze zijn ondergebracht in geklimatiseerde vitrines. De aak is erkend als Schat door de Federatie Wallonië-Brussel. Er zijn ook archeologische voorwerpen van hout en leer te zien, materialen die in de loop der tijd zelden bewaard zijn gebleven.
Aat heeft nog andere musea waaruit je kunt kiezen.","Cet Espace est unique au monde, il ne se veut ni un « musée temple » ni un espace essentiellement récréatif. Nous pourrons découvrir 2 grandes embarcations d’époque romaine, la pirogue et le chaland ( bateau non ponté, à fond plat d’une grandeur de 12 mètres). Ils reposent dans des vitrines climatisées. Le chaland est reconnu comme Trésor par la Fédération Wallonie-Bruxelles. Nous pourrons également observer des objets archéologiques en bois et en cuir, des matériaux qui sont rarement conservés au fil du temps.
Ath possède d’autres musées que vous aurez le loisir de choisir éventuellement.
","We nemen de trein : Brussel Noord 10:55 ; Brussel Centraal 11:05 ; Brussel Zuid 11:13. Om 11.57 uur komen we aan op AAT. We lunchen en zijn om 14.30 uur in het museum. Mag ik u vragen te reserveren ?
jpien.pepita@gmail.com
01 231 04 39 - 0471/215130","Nous prendrons le train : Gare du Nord 10h55 ; Gare Central 11h05 ; Gare Midi 11h13. Pour arriver à ATH à 11h57 Nous irons manger et nous serons à L’Espace vers 14h30. Puis-je vous demander de réserver :
jpien.pepita@gmail.com
01 231 04 39 - 0471/215130
",zondag,dimanche,juli,juillet,Gepubliceerd,
MUSEUM : Aardbei-museum met Pepita,museum-gallo-romeins-museum-in-aat-met-pepita-copy,6218bc292822d0fe3ce3347b,653ad4ede882f528b327d8f8,6494437aa0e1a4a90a99ee93,false,false,Thu Jun 22 2023 12:50:02 GMT+0000 (Coordinated Universal Time),Tue Jul 04 2023 08:27:37 GMT+0000 (Coordinated Universal Time),Wed Jul 05 2023 12:01:07 GMT+0000 (Coordinated Universal Time),MUSÉE : Musée de la Fraise avec Pepita,,Sun Aug 06 2023 08:30:00 GMT+0000 (Coordinated Universal Time),10:30,,"Chaussée de Dinant, 1037 à 5100 WEPION",,"Het Aardbei-museum heeft zich tot doel gesteld een centrum te worden voor de herinnering aan de aardbeienteelt in Wallonië. Met dit doel voor ogen heeft het zijn permanente parcours heringericht zodat bezoekers de aardbei vanuit verschillende invalshoeken kunnen ontdekken: geschiedenis, gastronomie, tafelkunst, kunst en folklore, landbouw en handel.","Le Musée de la fraise se donne pour ambition de devenir un centre de la mémoire de la culture fraisière en Wallonie. Dans ce contexte, il a réaménagé son parcours permanent afin de permettre aux visiteurs de découvrir la fraise sous divers aspects thématiques : histoire, gastronomie, art de la table, art et folklore, agriculture et commerce.","We nemen de trein (Brussel Noord 10:43; Brussel Centraal 10:37; Brussel Zuid 10:32) om om 11:44 in Namen aan te komen. We nemen bus 4 naar Wepion om 12:21. We lunchen in de buurt en zijn om 14.30 uur bij het museum.
Mag ik u vragen te reserveren ?
jpien.pepita@gmail.com
01 231 04 39 - 0471/215130","Nous prendrons le train (Gare du Nord 10h43 ; Gare Central 10H37 ; Gare du Midi 10H32) pour arriver à Namur à 11h44. Nous prendrons le bus 4 pour arriver à Wepion à 12h21. Nous mangerons dans les environs et serons au musée vers 14h30.
Puis-je vous demander de réserver :
jpien.pepita@gmail.com
01 231 04 39 - 0471/215130
",zondag,dimanche,augustus,août,Gepubliceerd,
MUSEUM : Het Keramiekmuseum van Andenne met Pepita,museum-het-keramiekmuseum-van-andenne-met-pepita,6218bc292822d0fe3ce3347b,653ad4ede882f528b327d8f8,668bf46f517c713bb12ce22f,false,false,Mon Jul 08 2024 14:15:11 GMT+0000 (Coordinated Universal Time),Mon Jul 08 2024 14:15:11 GMT+0000 (Coordinated Universal Time),Mon Jul 08 2024 14:15:16 GMT+0000 (Coordinated Universal Time),MUSÉE : Espace Muséal d'Andenne avec Pepita,,Sun Aug 04 2024 08:00:00 GMT+0000 (Coordinated Universal Time),,,"Espace Muséal d'Andenne, Promenade des Ours, 37 à 5300 Andenne",0,"Ik neem je mee naar de ESPACE MUSEAL D'ANDENNE - LE PHARE, een uniek prehistorisch overblijfsel van de vaardigheden van de ambachtslieden, industriëlen en keramiekkunstenaars van Andenne.
Hier werden de gefossiliseerde beenderen van het Neanderthalerkind ontdekt.","Je vous emmène à l’ESPACE MUSEAL D’ANDENNE – LE PHARE Vestige préhistorique unique du savoir faire des artisans, des industriels et des artistes céramiques d’Andenne
C’est là que les ossements fossiles de l’enfant néandertalien ont été découverts.
","We nemen de trein (richting Dinant)
Zuidstation 10u03
Centraal Station 10u07
Noordstation 10.14 uur (hier neem ik de trein)
Er is een aansluiting in Namen (laten we elkaar ontmoeten op het perron)
We komen aan om 11:42
We lopen naar het museum (+/- 1 km) en vinden veel restaurants
En komen aan bij het museum om 14u30
Mag ik u vragen te reserveren na ontvangst van dit bericht
Met plezier
jpien.pepita@gmail.com
02 231 04 39 0471/215130","Nous prendrons le train (direction Dinant)
Gare du Midi 10h03
Gare Central 10h07
Gare Nord 10h14 (c’est là que je prends le train)
Il y aura une correspondance à Namur (retrouvons-nous sur le quai)
Nous arriverons à 11h42
Nous marcherons vers le musée (+/- 1 km) et nous trouverons une quantité de restaurants
Et arriverons au musée à 14h30
Puis-je vous demander de réserver à la réception de ce message
Au plaisir
jpien.pepita@gmail.com
02 231 04 39 0471/215130
",zondag,dimanche,augustus,août,Gepubliceerd,
MUSEUM : Het kermis en herinneringsmuseum met Pepita,museum-het-kermis-en-herinneringsmuseum-met-pepita,6218bc292822d0fe3ce3347b,653ad4ede882f528b327d8f8,65fc0b09fe4273dafefa18e4,false,false,Thu Mar 21 2024 10:25:13 GMT+0000 (Coordinated Universal Time),Thu Mar 21 2024 10:25:13 GMT+0000 (Coordinated Universal Time),Thu Mar 21 2024 10:25:19 GMT+0000 (Coordinated Universal Time),MUSÉE : Le Musée de la Foire et de la Mémoire avec Pepita,,Sun Apr 07 2024 20:43:00 GMT+0000 (Coordinated Universal Time),10:43,,LE MUSEE DE LA FOIRE ET DE LA MÉMOIRE Onzième Rue 1A à 7330 SAINT-GHISLAIN (Direction Mons),0,"Dit museum is uniek in België en dompelt ons onder in de magische wereld van de kermissen.
We worden begroet door muziek en een nar die rechtstreeks uit de kermissen van weleer komt. Een rommelmarkttheater, enz.","Ce Musée est unique en Belgique et nous plonge dans l’univers féérique des fêtes foraines
Nous serons accueillis par de la musique, par un bonimenteur sorti tout droit des fêtes
foraines d’antan. Un théâtre de puces etc…","We nemen de trein (Prijs €8,30)
Noordstation 10.43 uur
Centraal Station 10.48 uur
Zuidstation 10.55 uur
Er is een aansluiting in Mons in de richting van Quievrain om aan te komen in Saint-Ghislain om 12u08.
Er is een korte wandeling van 10 minuten
We vinden een paar restaurants in de buurt en komen om 15.00 uur aan bij het museum.
Mag ik u vragen te reserveren: j.pien.pepita@gmail.com
02 231 04 39 - 0471/21.51.30","Nous prendrons le train (Prix 8,30 €)
Gare du Nord	10h43
Gare Central	10h48
Gare du Midi	10h55
Il y aura une correspondance à Mons direction Quievrain pour arriver à 12h08 à Saint-Ghislain
Il y aura une petite marche de 10 minutes
Nous trouverons quelques restaurants dans les environs et arriverons au musée à 15h Puis-je vous demander de réserver : j.pien.pepita@gmail.com
02 231 04 39 - 0471/21.51.30",zondag,dimanche,april,avril,Gepubliceerd,
MUSEUM : Museum voor volkskunde en verbeelding in Doornik met Pepita,museum-het-musee-l-in-louvain-la-neuve-met-pepita,6218bc292822d0fe3ce3347b,653ad4ede882f528b327d8f8,664f12b4f94d6bd37246f466,false,false,Thu May 23 2024 09:56:04 GMT+0000 (Coordinated Universal Time),Thu Jun 13 2024 13:36:05 GMT+0000 (Coordinated Universal Time),Thu Jun 13 2024 13:36:13 GMT+0000 (Coordinated Universal Time),MUSÉE : Musée du Folklore et de l'Imaginaire à Tournai avec Pépita,,Sun Jul 07 2024 09:00:00 GMT+0000 (Coordinated Universal Time),,,"Reduit des Sions, 32-36 (près de la grand place) 7500 TOURNAI",0,"Dit museum roept karakteristieke aspecten van het leven in Doornik op. We reizen door de eeuwen heen, van de 19e tot de 20e eeuw.
We bezoeken 23 tentoonstellingszalen...","Ce musée évoque des aspects caractéristiques de la vie à Tournai Nous voyagerons à travers les époques entre le 19e et le 20e siècle
Nous visiterons 23 salles d’exposition… ","We nemen de trein : Noordstation om 11.01 uur (hier begin ik)
Centraal station 11.06 uur
Zuidstation 11.13 uur.
Aankomst in Doornik om 12.15 uur
Op de Grote Markt vinden we verschillende restaurants
En arriveren bij het museum om 14.30 uur
Na ontvangst van dit bericht wil ik je vragen om je bezoek te reserveren op
Jpien.pepita@gmail.com
02 231 04 39 of 0471 21 51 30","Nous prendrons le train Gare du Nord à 11h01 (c'est de là que je démarre)
Gare Centrale 11h06
Gare du Midi 11h13.
Pour arriver à Tournai à 12h15
A la Grand Place nous trouverons différents restaurants
Et arriverons au musée à 14h30
Puis-je vous demander de réserver à la réception de ce message, votre visite chez
Jpien.pepita@gmail.com
02 231 04 39 ou 0471 21 51 30
",zondag,dimanche,juli,juillet,Gepubliceerd,
MUSEUM : Het Riolenmuseum met Pepita,museum-het-riolenmuseum-met-pepita,6218bc292822d0fe3ce3347b,653ad4ede882f528b327d8f8,65d75cb41a1c3666d8bcf8c4,false,false,Thu Feb 22 2024 14:39:48 GMT+0000 (Coordinated Universal Time),Thu Feb 22 2024 14:39:48 GMT+0000 (Coordinated Universal Time),Thu Feb 22 2024 14:41:12 GMT+0000 (Coordinated Universal Time),MUSÉE : Le Musée des Égouts avec Pepita,,Sun Mar 03 2024 14:15:00 GMT+0000 (Coordinated Universal Time),15:15,,"Musée des Égouts, Porte d'Anderlecht à 1000 Bruxelles",0,"Brussel onder je voeten! Een unieke ervaring in het hart van de stad! Het museum is gevestigd in twee voormalige octrooi paviljoens. Ga het ene binnen en het andere weer uit! Ontdek tussen de twee het werk van de rioolwerkers. Enkele tientallen meters verder wandel je langs de Zenne en neem je een duik in een echt riool: de verzamelriool Chaussée de Mons!
Een bezoek aan het museum geeft je inzicht in het werk van de mensen in deze ondergrondse wereld. Hoe riolen worden aangelegd, hoe het netwerk wordt bewaakt en onderhouden en hoe overstromingen worden bestreden maken deel uit van het dagelijkse leven van de riolen. Foto's, maquettes en verschillende voorwerpen helpen je te begrijpen hoe belangrijk het is wat er onder je voeten gebeurt. Hoe komt het water van je huis naar de zuiveringsinstallatie? Hoe werken riolen en ondergronds transport samen?","Bruxelles sous vos pieds! Une expérience inédite au cœur même des entrailles de la ville ! Deux anciens pavillons d’octroi abritent le Musée. Vous entrez dans l’un et vous ressortez par l’autre! Entre les deux, découvrez le travail des égoutiers. Quelques dizaines de mètres plus bas, vous vous baladez le long de la Senne et plongez dans un véritable égout : le collecteur de la Chaussée de Mons!
La visite du musée permet de comprendre le travail des hommes dans ce monde souterrain. Les modes de construction des égouts, la surveillance et l’entretien du réseau, les moyens de lutte contre les inondations font partie du quotidien des égoutiers. Des photos, maquettes et objets divers vous invitent à saisir l’importance de ce qui se passe sous vos pieds. Comment l’eau passe de votre maison à la station d’épuration ? Comment se côtoient les égouts et les transports souterrains ?
","Mag ik u vragen te reserveren: j.pien.pepita@gmail.com
02 231 04 39 - 0471/21.51.30","Puis-je vous demander de réserver : j.pien.pepita@gmail.com
02 231 04 39 - 0471/21.51.30",zondag,dimanche,maart ,mars,Gepubliceerd,
MUSEUM : Het Stadhuis van Brussel met Marie,museum-het-stadhuis-van-brussel-met-marie,6218bc292822d0fe3ce3347b,653ad4ede882f528b327d8f8,6556169a9bd1020f1e97dd27,false,false,Thu Nov 16 2023 13:18:18 GMT+0000 (Coordinated Universal Time),Thu Nov 16 2023 14:09:09 GMT+0000 (Coordinated Universal Time),Thu Nov 16 2023 14:09:15 GMT+0000 (Coordinated Universal Time),MUSÉE : L'Hôtel de Ville de Bruxelles avec Marie,,Fri Dec 15 2023 14:00:00 GMT+0000 (Coordinated Universal Time),15:00,,"Hôtel de Ville, Grand Place","1,25",Marie neemt je mee op een rondleiding door een van de bezienswaardigheden van onze hoofdstad. Het is het enige middeleeuwse overblijfsel van de Grote Markt en wordt beschouwd als een meesterwerk van de burgerlijke gotiek en meer in het bijzonder van de Brabantse gotiek.,"Marie vous emmène dans une visite guidée de l'un des emblèmes de notre capitale. Il constitue le seul vestige médiéval de la Grand-Place et est considéré comme un chef-d'œuvre de l'architecture gothique civile et, plus particulièrement, du gothique brabançon.",Verzamelen om 14.45 uur voor het Info-Tourisme kantoor. ,Rendez-vous à 14h45 devant le bureau d'Info-tourisme. ,vrijdag,vendredi,december,decembre,Gepubliceerd,
MUSEUM : KBR (Koninklijk Bibliotheek) met Marie,museum-kbr-koninklijk-bibliotheek-met-marie,6218bc292822d0fe3ce3347b,653ad4ede882f528b327d8f8,667d5d6845d0b6510443934c,false,false,Thu Jun 27 2024 12:39:04 GMT+0000 (Coordinated Universal Time),Thu Jun 27 2024 12:39:04 GMT+0000 (Coordinated Universal Time),Thu Jun 27 2024 12:39:43 GMT+0000 (Coordinated Universal Time),MUSÉE : KBR (Bibliothèque Royale) avec Marie,,Tue Jul 30 2024 12:30:00 GMT+0000 (Coordinated Universal Time),14:30,,"Entrée 28, Mont des Arts 1000 Brussel",0,"Als onderdeel van het Ensorjaar 2024 werden de werken van 70 beeldende kunstenaars, geïnspireerd door het werk en de thema's van James Ensor, gekozen door het publiek en een professionele jury als onderdeel van een wedstrijd.","Dans le cadre de l’année Ensor 2024, les oeuvres de 70 artistes plasticiens , inspirés par l’oeuvre et les thèmes chers à James Ensor, ont été choisies par le public et un jury professionnel dans le cadre d’un concours.",,,dinsdag,mardi,juli,juillet,Gepubliceerd,
"MUSEUM : Keer op Keer, Rituelen van Kunstenaars. Met Marie",museum-keer-op-keer-rituelen-van-kunstenaars-met-marie,6218bc292822d0fe3ce3347b,653ad4ede882f528b327d8f8,66265bd592febd593bf55a1d,false,false,Mon Apr 22 2024 12:45:09 GMT+0000 (Coordinated Universal Time),Mon Apr 22 2024 12:45:09 GMT+0000 (Coordinated Universal Time),Mon Apr 22 2024 13:21:57 GMT+0000 (Coordinated Universal Time),"MUSÉE : Encore et Encore, Rituels d'Artistes. Avec Marie",,Thu May 02 2024 10:30:00 GMT+0000 (Coordinated Universal Time),12:30,,"Maison des Arts de Schaerbeek, Chaussée de Haecht 147 à 1030 Schaerbeek",1.25 ,"Aan de hand van de werken van een dozijn kunstenaars, voornamelijk uit Brussel, die in de loop van dagen en jaren creëren door het ene werk aan het andere toe te voegen, is de tentoonstelling een gelegenheid om ons bewust te worden van onze eigen rituelen, herhaalde gebaren en traditionele routes, of ze nu individueel of collectief, bewust of onbewust zijn.","A travers les oeuvres d’une dizaine d’artistes, en majorité bruxellois, qui créent, au fil des jours et des années en additionnant une œuvre à une autre, l’exposition est l’occasion de se rendre compte de nos propres rituels, gestes répétés ,trajets traditionnels , qu’ils soient individuels ou collectifs, conscients ou non.",,,donderdag,jeudi,mei,mai,Gepubliceerd,
MUSEUM : KERAMIS in La Louvière met Pepita,museum-keramis-in-la-louviere-met-pepita,6218bc292822d0fe3ce3347b,653ad4ede882f528b327d8f8,646e1744158f2bea8d1969f4,false,false,Wed May 24 2023 13:55:16 GMT+0000 (Coordinated Universal Time),Wed May 24 2023 13:55:16 GMT+0000 (Coordinated Universal Time),Wed May 24 2023 13:55:21 GMT+0000 (Coordinated Universal Time),MUSÉE : KERAMIS à La Louvière avec Pepita,,Sun Jun 04 2023 09:00:00 GMT+0000 (Coordinated Universal Time),,,"Place des Fours-Bouteilles, 1 à 7100 LA LOUVIERE",,"KERAMIS, dit museum, een ruimte voor kunst en creatie, is gewijd aan keramiek. De hedendaagse en gedurfde architectuur omvat een oud geklasseerd gebouw dat drie reusachtige kolfovens bevat (de laatste verwezenlijkingen in hun soort in België). Deze ronde ovens met verticale trek worden beschermd door een bakstenen koepel die de vorm van een fles oproept. Ze werden gebouwd rond 1865-1870. ","KERAMIS, ce Musée, espace d’Art et de création, est dédié à la céramique, Il se trouve sur l’ancienne FAÏENCERIE BOCH. Son architecture, contemporaine et audacieuse, englobe un édifice ancien classé qui contient TROIS FOURS-BOUTEILLES GEANTS (derniers exploits du genre en Belgique). Ces fours ronds à tirage vertical sont protégés par un dôme en brique évoquant la forme d’une bouteille. Ils ont été construits vers 1865-1870. ","We nemen de trein op : Gare du Nord om 11.18 uur; Gare Centrale om 11.22 uur; Gare du Midi om 11.30 uur, om aan te komen in LA LOUVIERE-CENTRE om 12.19 uur. Let op, let op LA LOUVIERE-CENTRE (er is nog een halte). We lunchen en zijn om 14.30 uur in KERAMIS. Mag ik u vragen om te reserveren : jpien.pepita@gmail.com 01 231 04 39 0471/215130
","Nous prendrons le train à : Gare du Nord à 11h18 ; Gare Centrale à 11h22 ; Gare du Midi à 11h30, pour arriver à LA LOUVIERE-CENTRE à 12H19. Attention, notez bien LA LOUVIERE-CENTRE (il y a un autre arrêt). Nous irons manger et nous serons à KERAMIS à 14h30. Puis-je vous demander de réserver : jpien.pepita@gmail.com 01 231 04 39 0471/215130
",zondag,dimanche,juni,juin,Gepubliceerd,
"MUSEUM : ""L'Art de Rien"" met Marie",museum-lart-de-rien-met-marie,6218bc292822d0fe3ce3347b,653ad4ede882f528b327d8f8,65ae80924fb2818c1831a1cc,false,false,Mon Jan 22 2024 14:49:54 GMT+0000 (Coordinated Universal Time),Thu Feb 15 2024 10:12:53 GMT+0000 (Coordinated Universal Time),Thu Feb 15 2024 10:12:58 GMT+0000 (Coordinated Universal Time),"MUSÉE : ""L'Art de Rien"" avec Marie",,Wed Feb 28 2024 13:30:00 GMT+0000 (Coordinated Universal Time),14:30,,"Centrale for Contemporary Art, Place Sainte Catherine 45 à 1000 Bruxelles",1.25,"Deze grappige en ongewone tentoonstelling is een perfecte illustratie van de woorden van Raymond Devos:
""Drie keer niets is al iets"".
Kunstenaars, voornamelijk uit Brussel, delen hun talent om eenvoudige materialen te gebruiken en gewone voorwerpen hun waardigheid terug te geven.
Er is maar weinig voor nodig om de manier waarop we naar dingen kijken die door de wereld worden gedegradeerd, te vernieuwen.","Cette amusante et insolite expo illustre à merveille les propos de Raymond Devos:
« Trois fois rien, c’est déjà quelque chose » .
Des artistes, majoritairement bruxellois, partagent leur talent pour privilégier les matériaux humbles et redonnent leur dignité à des objets ordinaires .
Il suffit d’un rien pour renouveler le regard que nous portons à ces choses que le monde déclasse.
",Verzamelen voor de kassa. Gratis met Museumkaart.,Rendez-vous devant la billetterie. Gratuit avec le Museum Pass. ,woensdag,mercredi,februari,février,Gepubliceerd,
MUSEUM : Maison Hannon met Marie,museum-maison-hannon-met-marie,6218bc292822d0fe3ce3347b,653ad4ede882f528b327d8f8,649aa538bf02ed04f2627e0b,false,false,Tue Jun 27 2023 09:00:40 GMT+0000 (Coordinated Universal Time),Thu Sep 21 2023 10:03:42 GMT+0000 (Coordinated Universal Time),Thu Sep 21 2023 10:03:42 GMT+0000 (Coordinated Universal Time),MUSÉE : Maison Hannon avec Marie,,Tue Oct 03 2023 12:30:00 GMT+0000 (Coordinated Universal Time),14:30,,"Maison Hannon, Verbindingslaan 1, 1060 Sint-Gillis",3,"Het Maison Hannon is een van de meesterwerken van de Art Nouveau in Brussel en combineert de Belgische Art Nouveau met de Franse Art Nouveau in een droomachtige, symbolistische wereld. Het werd gebouwd op de hoek van de Brugmannlaan en de Jonctionlaan in Sint-Gillis en werd in 1902 gebouwd in opdracht van het echtpaar Hannon, Marie en Edouard, hun bevriende architect Jules Brunfaut. Het Maison Hannon, opgevat als een besloten, droomachtig, symbolistisch universum, is de synthese van Marie's smaak voor plantkunde en Edouard's smaak voor poëzie, oudheid en technologie op volwassen leeftijd.","La Maison Hannon est un des chefs-d’œuvre de l’art nouveau à Bruxelles, unissant l’art nouveau belge à l’art nouveau français, dans un univers symboliste et onirique. Construite sur l’angle des avenues Brugmann et de la Jonction à Saint-Gilles, elle est commandée par le couple Hannon dont elle porte le nom, Marie et Edouard, à leur ami architecte Jules Brunfaut en 1902. Conçue comme un univers clos, onirique et symboliste, la Maison Hannon est la synthèse des goûts, à l’âge de la maturité, de Marie pour la botanique et d’Édouard pour la poésie, l’Antiquité et la technologie.","Afspraak op dinsdag 3 oktober om 14.30 uur bij 1, Verbindingslaan, St Gilles.
Openbaar vervoer: halte Ma Campagne: tram 92 en bus 54.","Rendez-vous le mardi 3 octobre à 14.30h sur place, 1, Rue de la Jonction, St Gilles.
Transports en commun: arrêt Ma Campagne : tram 92 et bus 54.",dinsdag,mardi,oktober,octobre,Gepubliceerd,
MUSEUM :  Van Buuren Museum met Marie,museum-met-marie,6218bc292822d0fe3ce3347b,653ad4ede882f528b327d8f8,666acfe47c77414390295601,false,false,Thu Jun 13 2024 10:54:28 GMT+0000 (Coordinated Universal Time),Thu Jun 13 2024 13:27:18 GMT+0000 (Coordinated Universal Time),Thu Jun 13 2024 13:27:22 GMT+0000 (Coordinated Universal Time),MUSÉE : La Maison Van Buuren avec Marie,,Fri Jun 28 2024 08:00:00 GMT+0000 (Coordinated Universal Time),10:00,,"Maison et Jardins van Buuren, 41, Avenue Leo Errera à Uccle",1.25,David en Alice van Buuren lieten hun huis tussen 1924 en 1928 bouwen en deden daarvoor een beroep op talloze kunstenaars. Het bevat schatten uit het dagelijks leven in de jaren 1920 en ligt in prachtige tuinen die in de loop der decennia zijn uitgebreid en aangelegd.,"David et Alice van Buuren ont fait construire leur maison entre 1924 et 1928 en faisant appel à de nombreux artistes. Elle recèle des trésors du quotidien des années 20 et se trouve au milieu de superbes jardins agrandis et aménagés au cours des précédentes décennies.
",, ,vrijdag,vendredi,juni,juin,Gepubliceerd,
MUSEUM met Marie : Art Deco bioscopen in Brussel,museum-met-marie-art-deco-bioscopen-in-brussel,6218bc292822d0fe3ce3347b,653ad4ede882f528b327d8f8,680a2df69483a2be8f61326d,false,false,Thu Apr 24 2025 12:26:30 GMT+0000 (Coordinated Universal Time),Thu Apr 24 2025 12:26:30 GMT+0000 (Coordinated Universal Time),Thu Apr 24 2025 12:26:30 GMT+0000 (Coordinated Universal Time),MUSÉE avec Marie : Cinémas Art Deco à Bruxelles,,Wed May 07 2025 12:30:00 GMT+0000 (Coordinated Universal Time),14:30,,Halles St-Gery,0,"Met de komst van de art deco in de jaren 1920 werden bioscopen een ontmoetingsplaats voor cinema en architectuur : prestige, comfort en nieuwe geluidstechnieken. Er werden grote exclusieve bioscopen geopend in Brussel: de Eldorado, de Métropole, de Pathé-Palace, de Galeries-bioscoop... ","Grâce à l’avènement de l’Art Déco dans les années 20, les salles de cinéma constituent un point de rencontre ente le cinéma et l’architecture : prestige, confort et nouvelles techniques sonores. De grandes salles d’exclusivités s’ouvrent à Bruxelles : l’Eldorado, le Métropole, le Pathé-Palace, le cinéma des Galeries… ",,,woensdag,mercredi,mei,mai,Gepubliceerd,
"MUSEUM met Marie : ""Art et Gender""",museum-met-marie-art-et-gender,6218bc292822d0fe3ce3347b,653ad4ede882f528b327d8f8,696778d59f6f6ddbcdb50f1b,false,false,Wed Jan 14 2026 11:07:01 GMT+0000 (Coordinated Universal Time),Wed Jan 14 2026 11:07:01 GMT+0000 (Coordinated Universal Time),Wed Jan 14 2026 11:07:01 GMT+0000 (Coordinated Universal Time),MUSÉE avec Marie : beaux arts ,,Thu Jan 22 2026 13:30:00 GMT+0000 (Coordinated Universal Time),15:00,,"Musée des beaux arts : rue de la régence ""Arrêt royale TRAM 92 et 93",1.25 art 27,"Een selectie van kunstwerken nodigt ons uit om te ontdekken hoe mannelijke en vrouwelijke stereotypen door de eeuwen heen kunstenaars hebben geïnspireerd, van de oudheid tot vandaag.","Une sélection d’œuvres d’art nous invite à découvrir comment les stéréotypes masculins et féminins ont, au cours des siècles,inspiré les artistes depuis l’antiquité jusqu’à aujourd’hui .",,,donderdag ,jeudi,januari,janvier,Gepubliceerd,
"MUSEUM met Marie : Berlinde De Bruyckere : ""Khoros""",museum-met-marie-berlinde-de-bruyckere-khoros,6218bc292822d0fe3ce3347b,653ad4ede882f528b327d8f8,68346e71132a6b86655b6f88,false,false,Mon May 26 2025 13:36:49 GMT+0000 (Coordinated Universal Time),Mon May 26 2025 13:36:49 GMT+0000 (Coordinated Universal Time),Mon May 26 2025 13:36:49 GMT+0000 (Coordinated Universal Time),"MUSÉE avec Marie : Berlinde De Bruyckere : ""Khoros""",,Fri Jun 13 2025 12:30:00 GMT+0000 (Coordinated Universal Time),14:30,,Bozar,Museumpass ou 1.25,"Dit is de eerste tentoonstelling in Brussel van de toonaangevende Gentse kunstenares, die onder meer werd bekroond op de Biënnale van Venetië en de Documenta in Kassel.
Haar werken nodigen ons uit om na te denken over de menselijke conditie en menselijke kwetsbaarheid.","Première expo à Bruxelles de la grande artiste gantoise qui a eu les honneurs, entre autres, de la Biennale de Venise et de la Documenta de Kassel.
Ses œuvres nous invitent à la réflexion sur la condition et la vulnérabilité humaines.
",Verzamelen voor de kassa van Bozar om 14.30 uur.,Rendez-vous devant la billeterie du Bozar à 14h30. ,vrijdag,vendredi,juni,juin,Gepubliceerd,
"MUSEUM met Marie : ""Duc in altum""",museum-met-marie-duc-in-altum,6218bc292822d0fe3ce3347b,653ad4ede882f528b327d8f8,6909d0c8241866db00b632aa,false,false,Tue Nov 04 2025 10:09:12 GMT+0000 (Coordinated Universal Time),Tue Nov 04 2025 10:09:12 GMT+0000 (Coordinated Universal Time),Tue Nov 04 2025 10:09:12 GMT+0000 (Coordinated Universal Time),"MUSÉE avec Marie : ""Duc in altum""",,Fri Nov 21 2025 13:30:00 GMT+0000 (Coordinated Universal Time),14:30,,Église de l'Abbaye de la Cambre,0,"Twee grote Belgische kunstenaars, Caroline Chariot-Dayez, schilderes, en Stella Solar, beeldhouwster, stellen hun creaties tentoon in het klooster en de kerk van de abdij. Ze nemen ons mee op een prachtige reis (“Vooruit op open zee”) in deze schitterende omgeving.","Deux grandes artistes belges, Caroline Chariot-Dayez , peintre ,et Stella Solar, sculptrice, exposent leurs créations dans le cloître et l’église de l’abbaye. Elles nous proposent un cheminement de toute beauté (« Avance au large »)dans ce cadre magnifique.","Bus 71 (halte Geo Bernier) of tram 8 (halte Abbaye of Cambre-Etoile). Afspraak om 14.30 uur voor de kerk van de Abdij van de Kampe.
","Bus 71 (arrêt Geo Bernier) ou tram 8 (arrêt Abbaye ou Cambre-Etoile). Rendez-vous à 14h30 devant l'église de l'Abbaye de la Cambre.
",vrijdag,vendredi,november,novembre,Gepubliceerd,
MUSEUM met Marie : Erasmushuis,museum-met-marie-erasmushuis,6218bc292822d0fe3ce3347b,653ad4ede882f528b327d8f8,68a3390f63b6428a470126a7,false,false,Mon Aug 18 2025 14:30:39 GMT+0000 (Coordinated Universal Time),Mon Aug 18 2025 14:32:21 GMT+0000 (Coordinated Universal Time),Tue Aug 19 2025 08:22:53 GMT+0000 (Coordinated Universal Time),MUSÉE avec Marie : Maison d'Erasme,,Tue Sep 09 2025 12:30:00 GMT+0000 (Coordinated Universal Time),14:30,,Rue de Formanoir 31 (Place de la Vaillance) 1070 Anderlecht,"1,25","Het huis van Erasmus is een van de oudste woningen van Brussel en is onlangs gerestaureerd.
Erasmus woonde er in 1521. Er zijn schilderijen, beeldhouwwerken, manuscripten en gravures van meesters uit de 15e tot 17e eeuw te zien.
Het bezoek wordt voortgezet met een bezoek aan het begijnhof van Anderlecht, het kleinste van België, dat ook net is gerestaureerd.","La maison d'Erasme est une des plus anciennes demeures de bruxelles,restauré récemment.Erasme y résida en 1521.
On y découvre des peintures,scultures,manuscrits et gravures de maître du 15e au 17e siècle.
la visite se continuera par celle du béguinage d'Anderlecht,le plus petit de la Belgique qui vient d'être restauré également ",Metro saint Guidon of bus 49,Metro saint Guidon ou bus 49,dinsdag,mardi,september,septembre,Gepubliceerd,
"🏛️ MUSEUM met Marie : ""Expo Art Deco"" ",museum-met-marie-expo-art-deco,6218bc292822d0fe3ce3347b,653ad4ede882f528b327d8f8,692db3e74b74072b4c3f6b8a,false,false,Mon Dec 01 2025 15:27:35 GMT+0000 (Coordinated Universal Time),Tue Dec 02 2025 14:00:04 GMT+0000 (Coordinated Universal Time),Tue Dec 02 2025 14:00:04 GMT+0000 (Coordinated Universal Time),"🏛️ MUSÉE avec Marie : ""Expo Art Deco""",,Thu Dec 18 2025 13:30:00 GMT+0000 (Coordinated Universal Time),14:30,,"Musée Belvue, Place des Palais (à droite du Palais Royal)",,"Het is mij een genoegen u een bezoek aan de tentoonstelling “Art Deco” aan te bieden, waar we de Art Deco-collectie van de Koning Boudewijnstichting kunnen bewonderen.","C’est avec plaisir que je vous propose une visite de l’expo ""Art Deco"", elle nous permettra d’admirer la collection Art Deco de la Fondation Roi Baudouin.
",,,donderdag,jeudi,december,decembre,Gepubliceerd,
🏛️🎨​ ​Museum met Marie : Expo « Belleza et Brutezza » 🏛️​🎨​,museum-met-marie-expo-belleza-et-brutezza,6218bc292822d0fe3ce3347b,653ad4ede882f528b327d8f8,69aea45d0b770bee821525de,false,false,Mon Mar 09 2026 10:43:41 GMT+0000 (Coordinated Universal Time),Mon Mar 09 2026 11:08:54 GMT+0000 (Coordinated Universal Time),Mon Mar 09 2026 11:08:54 GMT+0000 (Coordinated Universal Time),🏛️🎨​ ​Musée avec Marie : Expo « Belleza et Brutezza » 🏛️​🎨​,,Thu Mar 12 2026 14:30:00 GMT+0000 (Coordinated Universal Time),15:30,,,Museumpass ou 1.25,"Tentoonstelling “Belleza et Brutezza”
Schoonheid en lelijkheid zijn onderwerpen die door de eeuwen heen altijd hebben gefascineerd. De tentoonstelling laat zien hoe deze begrippen zich in de loop der tijd hebben ontwikkeld bij kunstenaars als Boticelli, Cranach en vele anderen. ","Expo « Belleza et Brutezza »
La beauté et la laideur sont des sujets qui fascinent à toute époque ; l’expo retrace comment ces notions ont évolué au cours des temps anciens chez des artistes comme Boticelli, Cranach et bien d’autres. ","LET OP: ondanks de staking gaat het bezoek door, omdat het niet kan worden uitgesteld.",ATTENTION : malgré la grève la visite est maintenue car impossible à reporter.,donderdag,jeudi ,maart,mars,Gepubliceerd,
"MUSEUM met Marie : ""Goya, Luz y sombra"" ",museum-met-marie-goya-luz-y-sombra,6218bc292822d0fe3ce3347b,653ad4ede882f528b327d8f8,6909d220f20d9fb05b4ab8d8,false,false,Tue Nov 04 2025 10:14:56 GMT+0000 (Coordinated Universal Time),Tue Nov 04 2025 10:14:56 GMT+0000 (Coordinated Universal Time),Tue Nov 04 2025 10:14:56 GMT+0000 (Coordinated Universal Time),"MUSÉE avec Marie : ""Goya, Luz y sombra""",,Fri Nov 14 2025 14:00:00 GMT+0000 (Coordinated Universal Time),15:00,,Bozar,1.25,"Deze unieke tentoonstelling brengt het baanbrekende oeuvre van Francisco de Goya y Lucientes (1746−1828) in dialoog met werk van tijdgenoten en kunstenaars van latere generaties. Met zijn felle, pakkende uitbeeldingen van het onrecht, de wantoestanden en verschrikkingen van zijn tijd was Goya de spil in de ontwikkeling van een moderniteit die stevig verankerd zit in de Spaanse realistische traditie. Zeventig kunstenaars — van de 18de eeuw tot nu — gaan de confrontatie aan met de expressieve complexiteit van Goya en bewijzen hoe zijn formele, conceptuele en ideologische nalatenschap blijft intrigeren, ontroeren en inspireren.","Cette exposition unique crée un dialogue entre l’œuvre pionnière de Francisco de Goya y Lucientes (1746-1828) et des œuvres de contemporains et d’artistes des générations suivantes. Avec ses représentations féroces et saisissantes de l’injustice, des abus et des horreurs de son époque, Goya a été le pivot dans le développement d’une modernité fermement ancrée dans la tradition réaliste espagnole. Septante artistes — du XVIIIe siècle à nos jours — se confrontent à la complexité expressive de Goya et prouvent comment son héritage formel, conceptuel et idéologique continue d’intriguer, d’émouvoir et d’inspirer.",Volzet,Complet ,vrijdag,vendredi,november,novembre,Gepubliceerd,
MUSEUM met Marie : ,museum-met-marie-horta-lambeaux-paviljoen,6218bc292822d0fe3ce3347b,653ad4ede882f528b327d8f8,6890a3526d2cd9f4a6acedc2,false,false,Mon Aug 04 2025 12:10:58 GMT+0000 (Coordinated Universal Time),Mon Aug 18 2025 13:57:11 GMT+0000 (Coordinated Universal Time),Mon Aug 18 2025 13:57:11 GMT+0000 (Coordinated Universal Time),MUSÉE avec Marie : ,,Fri Aug 08 2025 12:30:00 GMT+0000 (Coordinated Universal Time),14:30,,,0,,,,,vrijdag,vendredi,augustus,août,Gepubliceerd,
"MUSEUM met Marie : ICONS, Steve McCurry",museum-met-marie-icons-steve-mccurry,6218bc292822d0fe3ce3347b,653ad4ede882f528b327d8f8,685d2a47744de3de3bbe0114,false,false,Thu Jun 26 2025 11:08:55 GMT+0000 (Coordinated Universal Time),Thu Jun 26 2025 11:08:55 GMT+0000 (Coordinated Universal Time),Thu Jun 26 2025 11:08:55 GMT+0000 (Coordinated Universal Time),"MUSÉE avec Marie : ICONS, Steve McCurry",,Thu Jul 03 2025 12:30:00 GMT+0000 (Coordinated Universal Time),14:30,,"Art Center, Grand Place 5 1000 Brussel",1.25,"Met meer dan 100 foto's op groot formaat presenteert de tentoonstelling enkele van de meest iconische beelden die McCurry in zijn 40-jarige carrière heeft gemaakt, waaronder het portret van de jonge Afghaanse vrouw dat in 1985 op de cover van National Geographic verscheen.","Avec plus de 100 photos grand format, l’expo présente les images les plus emblématiques que McCurry a pu réaliser au cours de ses 40 ans de carrière, dont le portrait de la jeune Afghane qui a fait la couverture de National Géographic en 1985.",Verzamelen voor het Art Center om 14.30 uur,Rendez-vous devant le Art Center à 14h30,donderdag,jeudi,juli,juillet,Gepubliceerd,
MUSEUM met Marie : Joana Vasconcelos : « The enchanted forest » ,museum-met-marie-joana-vasconcelos-the-enchanted-forest,6218bc292822d0fe3ce3347b,653ad4ede882f528b327d8f8,67ee58dcf4ac5dbe91a30be4,false,false,Thu Apr 03 2025 09:46:04 GMT+0000 (Coordinated Universal Time),Thu Apr 03 2025 09:46:04 GMT+0000 (Coordinated Universal Time),Thu Apr 03 2025 09:46:04 GMT+0000 (Coordinated Universal Time),MUSÉE avec Marie : Joana Vasconselos : « The enchanted forest » ,,Thu Apr 10 2025 12:30:00 GMT+0000 (Coordinated Universal Time),14:30,,"Patinoire Royale, Rue Veydt, 15, St Gilles. Arrêt : Faider",0,"Deze immense kunstenares, een beeldhouwster op textiel, werd dit jaar geëerd op de Brafa.
We waren verheugd haar een paar jaar geleden te ontdekken met de trouwe leden van de Harmonie in het Patinoire.","Cette immense artiste , sculptrice sur textiles, a eu cette année les honneurs de la Brafa.
Enchantés, nous la découvrions avec les fidèles de l’Harmonie à la Patinoire il y a quelques années déjà.
",,,donderdag,jeudi,april,avril,Gepubliceerd,
"MUSEUM met Marie : ""Onvoltooid verleden - een Europees album""",museum-met-marie-onvoltooid-verleden---een-europees-album,6218bc292822d0fe3ce3347b,653ad4ede882f528b327d8f8,68d1601c8302eeec1467f2e3,false,false,Mon Sep 22 2025 14:41:32 GMT+0000 (Coordinated Universal Time),Mon Sep 22 2025 14:41:32 GMT+0000 (Coordinated Universal Time),Mon Sep 22 2025 14:41:32 GMT+0000 (Coordinated Universal Time),"MUSÉE avec Marie : ""Passé Composé - un album Européen""",,Thu Oct 16 2025 12:00:00 GMT+0000 (Coordinated Universal Time),14:00,,".Maison de l’Histoire Européenne, 135, Rue Belliard, Parc Leopold",0,"Passé Composé is een project van fotografen uit heel Europa.
Het laat zien hoe wij Europeanen in het dagelijks leven omgaan met ons verleden. Dat verleden maakt deel uit van ons heden en helpt ons onze relatie met de geschiedenis te verkennen.","Passé Composé est un projet de photographes venant de toute l’Europe .
Il nous révèle comment, nous Européens, réagissons avec notre passé dans la vie quotidienne. Ce passé qui fait partie de notre présent et qui nous aide à explorer notre relation à l’histoire.
","Metro Maalbeek, daarna bus 59 en 60 of bus 21 vanaf Luxemburg.
Afspraak om 14 uur.
","Métro Maelbeek, puis bus 59 et 60 ou bus 21 à partir de Luxembourg.
Rendez- vous à 14 h.
",donderdag,jeudi,oktober,octobre,Gepubliceerd,
MUSEUM met Marie : Villa Empain ,museum-met-marie-villa-empain,6218bc292822d0fe3ce3347b,653ad4ede882f528b327d8f8,67bdad3673b36f5873640208,false,false,Tue Feb 25 2025 11:44:54 GMT+0000 (Coordinated Universal Time),Tue Feb 25 2025 11:44:54 GMT+0000 (Coordinated Universal Time),Tue Feb 25 2025 11:44:54 GMT+0000 (Coordinated Universal Time),MUSÉE avec Marie : Villa Empain,,Fri Mar 14 2025 13:30:00 GMT+0000 (Coordinated Universal Time),14:30,,"Villa Empain, Avenue Franklin Roosevelt, 67 1050 Bruxelles ",1.25,"2 opmerkelijke tentoonstellingen :
- Alechinsky , pinceau voyageur.
Een tentoonstelling gewijd aan de laatste overlevende van de Cobra-groep, een belangrijke Europese kunstenaar, die een honderdtal werken en documenten samenbrengt die hij de laatste zeventig jaar heeft verzameld en die laat zien hoe de kunstenaar gefascineerd was door de artistieke praktijken en tradities van China en Japan.
- Echo's van Art Deco.
Ter gelegenheid van de honderdste verjaardag van de Art Deco in 1925 presenteert de Boghossian Stichting een thematische tentoonstelling over deze belangrijke stroming in Brussel.
De Villa Empain is een opmerkelijke illustratie.","2 expos remarquables :
- Alechinsky , pinceau voyageur.
Expo consacrée au dernier survivant du groupe Cobra, artiste majeur européen, qui réunit une centaine d’oeuvres et de documents rassemblés ces septante dernières années.L’artiste fut fasciné par les pratiques et traditions artistiques de la Chine et du Japon.
- Echoes of Art Deco.
Dans le contexte du centenaire de l’Art Deco en 1925, la Fondation Boghossian présente un exposition thématique sur ce mouvement incontournable à Bruxelles.
La villa Empain en est une illustration remarquable.
",,,vrijdag,vendredi,maart,mars,Gepubliceerd,
"MUSEUM met Marie : Villa Empain ""House of Dreamers""",museum-met-marie-villa-empain-house-of-dreamers,6218bc292822d0fe3ce3347b,653ad4ede882f528b327d8f8,64e5f0ba92bea5aa6c184301,false,false,Wed Aug 23 2023 11:42:50 GMT+0000 (Coordinated Universal Time),Wed Aug 23 2023 11:42:50 GMT+0000 (Coordinated Universal Time),Wed Aug 23 2023 11:43:23 GMT+0000 (Coordinated Universal Time),"MUSÉE avec Marie : La Villa Empain ""House of Dreamers""",,Wed Sep 06 2023 12:30:00 GMT+0000 (Coordinated Universal Time),14:30,,"Villa Empain, Avenue Franklin Roosevelt 67",0,"Een poëtische en esthetische wandeling door het hart van de weelderige Villa Empain, omgetoverd tot een huis voor dromers.
Het interieur is gereconstrueerd en de leefruimtes zijn gevuld met werken en objecten van hedendaagse kunstenaars, met knipogen naar meer klassieke kunstenaars zoals Malevitch en Man Ray.","Déambulation poétique et esthétique au coeur de la somptueuse Villa Empain transformée en maison des rêveurs.
L’intérieur est recomposé et les espaces de vie sont habités par des oeuvres et des objets d’artistes contemporains ; clins d’œil aussi à des artistes plus classiques tels que Malevitch et Man Ray.
",Afspraak om 14.30 uur voor de ingang. De Villa Empain is bereikbaar met trams 8 en 25 (halte Marie-José).,Rendez-vous à 14h30 devant l'entrée. La Villa Empain est accessible via les trams 8 et 25 (arrêt Marie-José).,woensdag,mercredi,september,septembre,Gepubliceerd,
MUSEUM met Marie : Vlaamse Parlement,museum-met-marie-vlaamse-parlement,6218bc292822d0fe3ce3347b,653ad4ede882f528b327d8f8,63fde28834e144665222a8aa,false,false,Tue Feb 28 2023 11:16:24 GMT+0000 (Coordinated Universal Time),Tue Feb 28 2023 11:16:24 GMT+0000 (Coordinated Universal Time),Tue Feb 28 2023 11:16:35 GMT+0000 (Coordinated Universal Time),MUSÉE avec Marie : Le Parlement Flamand,,Fri Mar 17 2023 13:15:00 GMT+0000 (Coordinated Universal Time),14:30,16:00,"Vlaamse Parlement, Ijzerenkruisstraat 99 1000 Brussel",,Marie neemt je mee naar onze instellingen via dit bezoek aan het Vlaams Parlement.,Marie vous emmène à la découverte de nos institutions à travers cette visite du Parlement Flamand.,"OPGELET: De lijst van inschrijvingen moet op 10 maart aan het Vlaams Parlement bezorgd worden, gelieve vóór deze datum in te schrijven !!!
Afspraak om 14u15.","ATTENTION : La liste des inscriptions doit être remise au Parlement Flamand le 10 mars, merci de vous inscrire avant cette date !!!
Rendez-vous à 14h15 sur place.",vrijdag,vendredi,maart,mars,Gepubliceerd,
Frietjes Museum met Pepita,museum-met-pepita,6218bc292822d0fe3ce3347b,653ad4ede882f528b327d8f8,63c929727a02e30fb7bc79f8,false,false,Thu Jan 19 2023 11:28:50 GMT+0000 (Coordinated Universal Time),Tue Jan 24 2023 12:48:42 GMT+0000 (Coordinated Universal Time),Tue Jan 24 2023 12:48:49 GMT+0000 (Coordinated Universal Time),Musée de la frite avec Pepita,,Sun Feb 05 2023 13:30:00 GMT+0000 (Coordinated Universal Time),14:30,,"Rue des Alliés 242, 1190 Vorst",,"Het frietjes museum leert ons de geschiedenis van de Belgische friet te midden van kunstwerken in een stedelijke gîte. Als je wilt, eten we daarna een frietje in de Barrière St Gilles en drinken we wat.
Voor reserveringen: Jpien.pepita@gmail.com 02 231 04 39 0471/215130","Le musée de la frite va nous apprendre l’histoire de la frite belge au milieu d’œuvres d’art dans un gîte urbain. Ensuite pour rester dans l’ambiance, si cela vous convient, nous irons manger un paquet de frites à la Barrière de St Gilles et ensuite le verre de l’amitié.
Voulez-vous réserver : Jpien.pepita@gmail.com 02 231 04 39 0471/215130"," Bus 52 (arrêt UNION), Tram 50 ou 97 (arrêt WIELS), Tram 82 (arrêts UNION ou ZOMAN -FOREST NATIONAL)","Bus 52 (halte UNION), Tram 50 of 97 (halte WIELS), Tram 82 (halte UNION of ZOMAN -VORST NATIONAAL)",zondag,dimanche,februari,février,Gepubliceerd,
MUSEUM : Metallurgisch Museum van Luik met Pepita,museum-metallurgisch-museum-van-luik-met-pepita,6218bc292822d0fe3ce3347b,653ad4ede882f528b327d8f8,6449259eec06e5380cddbda2,false,false,Wed Apr 26 2023 13:22:38 GMT+0000 (Coordinated Universal Time),Wed Apr 26 2023 13:22:38 GMT+0000 (Coordinated Universal Time),Wed Apr 26 2023 13:22:44 GMT+0000 (Coordinated Universal Time),MUSÉE : Maison de la Métallurgie et de l'industrie à Liège avec Pépita,,Sun May 07 2023 19:50:00 GMT+0000 (Coordinated Universal Time),9:50,,Liège,,"We zoeken een leuk restaurant en zijn om 14.30 uur bij het museum. We zullen verschillende zalen bezoeken, een stoommachine zien en een oude smederij ontdekken. Er werkten vrouwen, ""BOTTERESSE"" genaamd, die de zeer zware grondstoffen vervoerden en zij verdienden 3 tot 10 keer minder dan de mannen!","Nous trouverons quelques restaurants sympathiques et serons au musée à 14h30. Nous visiterons plusieurs salles, nous verrons une machine à vapeur et découvrirons une ancienne forge. ll y avait des femmes qui travaillaient nommées « BOTTERESSE » qui transportaient les matières premières très lourdes et elles gagnaient 3 à 10 x moins que les hommes !
",VERTREK: Zuidstation om 9.56 uur; Centraal Station om 10.01 uur; Noordstation om 10.03 uur om in Luik aan te komen om 11.35 uur. We zullen ongeveer 20 minuten lopen. Mag ik u vragen te reserveren: Jpien.pepita@gmail.com ; 02 231 04 39 ; 0471/215130,"DEPART : Gare du midi	à 9h56 ; Gare Centrale à 10h01 ; Gare du Nord à 10h03 Pour arriver à Liège à 11h35. Nous marcherons une vingtaine de minutes. Puis-je vous demander de réserver : Jpien.pepita@gmail.com ; 02 231 04 39 ; 0471/215130
",zondag,dimanche,mei,mai,Gepubliceerd,
MUSEUM : MUNDANEUM (Bergen) met Pepita,museum-mundaneum-bergen-met-pepita,6218bc292822d0fe3ce3347b,653ad4ede882f528b327d8f8,6539211f87b1f8e7a9cd7395,false,false,Wed Oct 25 2023 14:07:27 GMT+0000 (Coordinated Universal Time),Wed Oct 25 2023 14:07:27 GMT+0000 (Coordinated Universal Time),Wed Oct 25 2023 14:07:34 GMT+0000 (Coordinated Universal Time),MUSÉE : MUNDANEUM (Mons) avec Pepita,,Sun Nov 05 2023 10:00:00 GMT+0000 (Coordinated Universal Time),,,"MUNDANEUM, Rue de Nimy 76 à 7000 Mons",,"Er zullen 2 tentoonstellingen zijn:
1) Mundaneum of Palais Mondial werd opgericht in 1895 met als doel alle kennis van de wereld in al zijn vormen samen te brengen.
(Boeken, posters, kranten, documenten, enz.). Een voorloper van Google op papier!
Na verschillende locaties werd de collectie van het Mundaneum in 1993 in Mons gevestigd.
De tentoonstelling ""Mundaneum, Machine à penser le monde"" nodigt ons uit om deze formidabele machine te begrijpen die licht werpt op onze maatschappelijke vraagstukken (met miljoenen documenten). 2) Tentoonstelling MONS EN IMAGES
We kunnen een hele reeks affiches van 1850 tot 1950 bewonderen.
Een interactieve terminal, video's, maquettes, enz.","Nous aurons droit à 2 expositions:
1) Fondé en 1895, Mundaneum ou Palais Mondial avait pour but de réunir toutes les connaissances du monde sous toutes les formes
(Livres, affiches, journaux, documents…). Un ancêtre de Google sur papier !
Après différentes localisations, la collection Mundaneum a été établie à Mons en 1993
L’expo « Mundaneum, Machine à penser le monde » nous invite a comprendre cette formidable machine qui offre un éclairage sur nos questions de société !(avec des millions de documents). 2) Expo MONS EN IMAGES
Nous pourrons admirer une quantité d’affiches de 1850 à 1950
Une borne interactive, des vidéos, des maquettes etc
","We nemen de trein: Noord Station om 11 uur (daar neem ik de trein); Centraal Station om 11.05 uur; Zuid Station om 11.13 uur, aankomst in Bergen om 12.34 uur.
Helaas hebben we een aansluiting, dus tenzij er een wijziging is, gaat het naar Ath.
Ik probeer meestal halverwege de trein op te stappen. We moeten allemaal samen in de trein zitten.
In Mons lopen we 18 minuten of nemen we de bus. We eten op de Grote Markt in Bergen en komen om 14.30 uur aan bij het museum.
Mag ik je vragen om te reserveren op
Jpien.pepita@gmail.com
02 231 04 39 - 0471/215130
","Nous prendrons le train : Gare du Nord à 11h (c’est là que je prends le train) ; Gare Central à 11h05 ; Gare du Midi à 11h13 pour arriver à Mons à 12h34.
Malheureusement, nous aurons une correspondance, sauf changement ce sera à Ath
En général j’essaie de monter vers la moitié du train. Il faudrait nous regrouper dans le train.
A Mons, nous marcherons 18 minutes ou prendrons un bus. Nous mangerons à la Grand Place de Mons et arriverons au musée à 14h30.
Puis-je vous demander de réserver à
Jpien.pepita@gmail.com
02 231 04 39 - 0471/215130
",zondag,dimanche,november,novembre,Gepubliceerd,
MUSEUM : Musée Horta met Pepita,museum-musee-horta-met-pepita,6218bc292822d0fe3ce3347b,653ad4ede882f528b327d8f8,65ae8204e328d8af2c78abdd,false,true,Mon Jan 22 2024 14:56:04 GMT+0000 (Coordinated Universal Time),Thu Feb 01 2024 14:36:14 GMT+0000 (Coordinated Universal Time),,MUSÉE : Musée Horta avec Pepita,,Sun Feb 04 2024 13:30:00 GMT+0000 (Coordinated Universal Time),14:30,,"Musée Horta, Rue américaine 27 à 1060 Bruxelles",0,"De twee gebouwen zijn gebouwd tussen 1898 en 1901 en zijn typerend voor de Art Nouveau op zijn hoogtepunt. Veel van de interieurdecoratie van het huis is bewaard gebleven, met mozaïeken, glas-in-lood en muurschilderingen die een harmonieus geheel vormen, verfijnd tot in het kleinste detail.","Construits entre 1898 et 1901, les deux bâtiments sont caractéristiques de l’Art nouveau à son apogée. La maison a conservé en grande partie sa décoration intérieure; mosaïques, vitraux, peintures murales composent un ensemble harmonieux et raffiné dans le moindre détail.","Verzamelen om 14.30 uur bij de ingang van het museum
Bus: 81 - 92 - 97 uitstappen bij Janson
Bus 54 uitstappen bij Ma campagne
Mag ik u vragen uw bezoek te reserveren
Jpien.pepita@gmail.com 02 231 04 39 0471/21.51.30","Rendez-vous à 14h30 à l’entrée du musée
Bus : 81 – 92 – 97 descendre Janson
Bus 54 descendre Ma campagne
Puis-je vous demander de réserver votre visite :
Jpien.pepita@gmail.com 02 231 04 39 - 0471/21.51.30
",donderdag,jeudi,februari,février,Gepubliceerd,
MUSEUM : Museum voor het Kostuum en de Kant met Marie,museum-museum-voor-het-kostuum-en-de-kant-met-marie,6218bc292822d0fe3ce3347b,653ad4ede882f528b327d8f8,664f17af603f597d7b126e5f,false,false,Thu May 23 2024 10:17:19 GMT+0000 (Coordinated Universal Time),Thu May 23 2024 10:17:19 GMT+0000 (Coordinated Universal Time),Thu May 23 2024 10:17:32 GMT+0000 (Coordinated Universal Time),MUSÉE : Musée de la Mode et de la Dentelle avec Marie,,Tue Jun 04 2024 12:30:00 GMT+0000 (Coordinated Universal Time),14:30,,"Musée de la Mode et de la Dentelle, Rue de la Violette 12 1000 Bruxelles",1.25,"Het Museum voor het Kostuum en de Kant wijdt momenteel een tentoonstelling aan het werk van Jules-Francois Crahay (Luik 1917 - Monte-Carlo 1988), een couturier die de bijnaam de Belgische Dior kreeg en samenwerkte met de modehuizen Nina Ricci en Lanvin.
Claudia Cardinale, koningin Paola en Farah Diba droegen zijn creaties.","Le musée de la Mode et de la Dentelle consacre en ce moment une exposition des réalisations de Jules-Francois Crahay, (Liège 1917 - Monte-Carlo 1988), couturier surnommé le Dior belge et qui a collaboré avec les maison de couture Nina Ricci et Lanvin .
Claudia Cardinale, la Reine Paola et Farah Diba ont porté ses créations.
",Gratis met MuseumPass. Vertrek vanaf De Harmonie om 14.00 uur voor wie dat wil. ,Gratuit avec le MuseumPass. Départ de De Harmonie à 14h pour ceux qui le souhaitent. ,dinsdag,mardi,juni,juin,Gepubliceerd,
MUSEUM : Oude Kunst met Marie,museum-oude-kunst-met-marie,6218bc292822d0fe3ce3347b,653ad4ede882f528b327d8f8,66cda23eed977d80b594b0f0,false,false,Tue Aug 27 2024 09:54:06 GMT+0000 (Coordinated Universal Time),Tue Aug 27 2024 10:44:48 GMT+0000 (Coordinated Universal Time),Tue Aug 27 2024 10:44:54 GMT+0000 (Coordinated Universal Time),MUSÉE : Les Arts Anciens avec Marie,,Wed Sep 04 2024 12:30:00 GMT+0000 (Coordinated Universal Time),14:30,,"Musée d'Art Ancien, Rue de la Régence 3 à 1000 Brussel",0,"Ik nodig je graag uit om onze Oude Meesters te herontdekken. Tijdens ons eerste bezoek bewonderen we onze rijke collecties, van de Primitieven tot Breughel.","Je vous convie à redécouvrir nos Maitres Anciens ; lors d’une première visite, nous irons admirer nos riches collections allant des Primitifs à Breughel.",Afspraak om 14.30 uur bij de ingang van het Museum voor Oude Kunst.,Rendez-vous à 14h30 à l'entrée du Musée d'art Ancien,woensdag,mercredi,september,septembre,Gepubliceerd,
"MUSEUM : ""Rodin, een moderne renaissance"" met Pepita",museum-rodin-een-moderne-renaissance-met-pepita,6218bc292822d0fe3ce3347b,653ad4ede882f528b327d8f8,6613bfb1946711c5304e641e,false,false,Mon Apr 08 2024 09:58:09 GMT+0000 (Coordinated Universal Time),Mon May 06 2024 11:14:59 GMT+0000 (Coordinated Universal Time),Mon May 06 2024 11:15:05 GMT+0000 (Coordinated Universal Time),"MUSÉE : ""Rodin, une renaissance moderne"" avec Pepita",,Sun May 05 2024 08:43:00 GMT+0000 (Coordinated Universal Time),,,"Musée des Beaux-Arts de Mons, Rue Neuve 8 à 7100 Mons ",0,"Het Musée des Beaux-Arts in Bergen wijdt een nieuwe tentoonstelling aan de Franse beeldhouwer Auguste Rodin (1840-1917).
De tentoonstelling werpt een nieuwe blik op de artistieke carrière van Rodin, met België - de rijke bodem waarin zijn kunst tot bloei kwam - als hoogtepunt.
De tentoonstelling toont bijna tweehonderd van de beroemdste sculpturen van de kunstenaar, waarvan sommige monumentaal zijn, tekeningen, gravures en schilderijen uit het Rodin Museum in Parijs.
We ontdekken ook het werk van de beeldhouwer Jacques Du Broeucq, meester van Gianbologna en vele anderen.","Le Musée des Beaux-Arts de Mons consacre une exposition inédite au sculpteur français Auguste Rodin (1840-1917)
L’exposition propose une relecture de son cheminement artistique dont la Belgique – ce riche terreau qui a permis à son art de s’épanouir – est le point d’orgue.
Le parcours présentera près de deux cents sculptures parmi les plus célèbres de l’artiste dont certaines monumentales, dessins, gravures et peintures, provenant du musée Rodin à Paris
Nous découvrirons également l’œuvre du sculpteur Jacques Du Broeucq, maître de Gianbologna et bien d’autres.
","We nemen de trein (Prijs €8,30)
Noordstation 10.42 uur
Centraal Station 10.47 uur
Zuidstation 10.52 uur Aankomst in Mons om 11:37. Als u zin hebt, kunt u ook een bezoek brengen aan het ARTOTHEQUE. Het is ondergebracht in een Ursulinen kapel en heeft als doel een overzicht te geven van alle kunstwerken in Mons, zowel in een museum als in een opslagplaats.
Rue Claude de Bettignies, 8.
Mag ik u vragen om ZO SNEL MOGELIJK te reserveren: j.pien.pepita@gmail.com
02 231 04 39 - 0471/21.51.30","Nous prendrons le train (Prix 8,30 €)
Gare du Nord	10h42
Gare Central	10h47
Gare du Midi	10h52 Pour arriver à Mons à 11h37. Si vous avez envie, vous pourrez également visiter l’ARTOTHEQUE. Installé dans une chapelle des Ursulines, il a pour but de recenser toutes les œuvres d’art de Mons, celles qui se trouvent dans un musée ou dans des réserves.
Rue Claude de Bettignies, 8. Puis-je vous demander de réserver AU PLUS VITE : j.pien.pepita@gmail.com
02 231 04 39 - 0471/21.51.30",zondag,dimanche,mei,mai,Gepubliceerd,
MUSEUM : St-Michiels en St-Goedelekathedraal met Léopold,museum-st-michiels-en-st-goedelekathedraal-met-leopold,6218bc292822d0fe3ce3347b,653ad4ede882f528b327d8f8,66869e0436e8fca57219527c,false,false,Thu Jul 04 2024 13:05:08 GMT+0000 (Coordinated Universal Time),Thu Jul 04 2024 13:05:08 GMT+0000 (Coordinated Universal Time),Thu Jul 04 2024 13:05:13 GMT+0000 (Coordinated Universal Time),MUSÉE : Cathédrale Saints Michel et Gudule avec Léopold,,Thu Jul 18 2024 11:30:00 GMT+0000 (Coordinated Universal Time),13:30,,"Cathédrale, Sinter-Goedelevoorplein, 1000 Brussel",0,Léopold neemt je mee om de gebrandschilderde ramen van de kathedraal en hun geheimen te ontdekken.,Léopold vous emmène pour vous faire découvrir les vitraux de la Cathédrale et leurs secrets.,De Harmonie vertrekt om 13.30 uur,Départ de De Harmonie à 13h30,donderdag,jeudi,juli,juillet,Gepubliceerd,
"MUSEUM : ""Terracotta Army"" (Tour & Taxis)",museum-terracotta-army-tour-taxis,6218bc292822d0fe3ce3347b,653ad4ede882f528b327d8f8,6788f23f026a9e38dd82ca48,false,false,Thu Jan 16 2025 11:49:19 GMT+0000 (Coordinated Universal Time),Thu Jan 16 2025 11:49:19 GMT+0000 (Coordinated Universal Time),Thu Jan 16 2025 11:49:19 GMT+0000 (Coordinated Universal Time),"MUSÉE : ""Terracotta Army"" (Tour & Taxis)",,Thu Feb 13 2025 12:30:00 GMT+0000 (Coordinated Universal Time),13:30,16:00,Tour & Taxis,1.25,"Ga op een meeslepende reis naar het oude China van meer dan 2.200 jaar geleden. ""TERRACOTTA ARMY. En de Eerste Keizer van China"" is ongetwijfeld de meest uitgebreide tentoonstelling die ooit is gerealiseerd over het Terracottaleger, de necropolis en het leven van de Eerste Keizer van China. Na succesvolle tentoonstellingen in Napels in 2017 en Milaan in 2019, komt deze tentoonstelling eindelijk naar Brussel om een van de grootste archeologische schatten ter wereld te onthullen. Een tijdloos erfgoed dat generaties blijft fascineren.","Embarquez pour un voyage immersif dans la Chine ancienne, il y a plus de 2 200 ans. ""TERRACOTTA ARMY. Et le Premier Empereur de Chine"" est sans conteste l'exposition la plus complète jamais réalisée sur l'Armée de terre cuite, la nécropole et la vie du Premier Empereur de Chine. Après avoir attiré les foules à Naples en 2017 et à Milan en 2019, cette exposition arrive enfin à Bruxelles pour vous faire découvrir l'un des plus grands trésors archéologiques du monde. Un héritage intemporel qui continue de captiver les générations.",Verzamelen met Bianca bij de Harmonie. Vertrek om 13u30 voor een rondleiding door het museum om 14.00 uur.,Rendez-vous avec Bianca à l'Harmonie. Départ à 13h30 pour une visite du musée à 14h.,donderdag,jeudi,februari,février,Gepubliceerd,
"MUSEUM : ""The Nature of the Games"" met Marie",museum-the-nature-of-the-games-met-marie,6218bc292822d0fe3ce3347b,653ad4ede882f528b327d8f8,65843e67e283ac94966a5ae9,false,false,Thu Dec 21 2023 13:32:23 GMT+0000 (Coordinated Universal Time),Thu Dec 21 2023 13:32:23 GMT+0000 (Coordinated Universal Time),Thu Dec 21 2023 13:32:28 GMT+0000 (Coordinated Universal Time),"MUSÉE : ""The Nature of the Games"" avec Marie",,Fri Jan 05 2024 13:30:00 GMT+0000 (Coordinated Universal Time),14:30,,"Wiels, Avenue Van Volxem 354 à 1190 Vorst",1.25,"Francis Alijs, een kunstenaar en architect geboren in Antwerpen in 1959, heeft een reeks video's gepresenteerd op de Biënnale van Venetië in 2022, die spelende kinderen tonen in verschillende delen van de wereld: Congo, Hong Kong, Oekraïne, enz., in dialoog met kleinschalige schilderijen die hij van hen heeft gemaakt. Hij toont ook een prachtige zwart-wit film van kinderen die verstoppertje spelen in de ruïnes van een oude Armeense stad.","Francis Alijs, artiste et architecte né à Anvers en 1959, a présenté à la Biennale de Venise en 2022 une série de vidéos qui montrent des jeux d’enfants dans différentes parties du monde: Congo, Hong-Kong, Ukraine…en dialogue avec des peintures de petit format qu’il en a fait. Il nous donne à voir également un superbe film en noir et blanc où des enfants jouent à cache-cache dans les ruines d’une ancienne cité arménienne.","Trefpunt 14.30 uur. Tram 97 (Louise) halte Wiels en bussen 49 en 50. Entree: €1,25, gratis met Museum Pass.","RDV 14h30. Tram 97 ( Louise) arrêt Wiels et bus 49 et 50. Participation : 1,25 €, gratuit avec le Museum Pass.",vrijdag,vendredi,januari,janvier,Gepubliceerd,
MUSEUM van de Groot Koninklijk Serment en van St-Joris der Kruisboogschutters met Marie,museum-van-de-groot-koninklijk-serment-en-van-st-joris-der-kruisboogschutters-met-marie,6218bc292822d0fe3ce3347b,653ad4ede882f528b327d8f8,641c36925e10bc3627850abf,false,false,Thu Mar 23 2023 11:22:58 GMT+0000 (Coordinated Universal Time),Thu Mar 23 2023 11:22:58 GMT+0000 (Coordinated Universal Time),Thu Mar 23 2023 16:11:03 GMT+0000 (Coordinated Universal Time),MUSÉE du Grand Serment Royal et de Saint-Georges des Arbalétriers avec Marie,,Tue Apr 25 2023 12:15:00 GMT+0000 (Coordinated Universal Time),14:15,,Place Royale,2,Ik nodig u uit voor een bezoek aan een ongewone en enigszins geheime plek : de ontmoetingsplaats en het museum van de Grote Koninklijke Serment en van Sint-Joris der kruisboogschutters van Brussel.,"Je vous convie à la visite d’un endroit insolite et quelque peu secret : le lieu de réunion et le musée du Grand Serment royal et de St Georges des Arbalétriers de Bruxelles.
","Ik ontmoet u om 14.15 uur aan de ingang van het Belvue-Coudenberg Museum, Paleizenplein. De toegangsprijs bedraagt 2€, ter plaatse te betalen.
Al het openbaar vervoer naar het Koningsplein leidt naar het museum.","Je vous donne rendez-vous à 14.15h à l’entrée du Musée Belvue-Coudenberg, Place des Palais. Le droit d’entrée est de 2€ à régler sur place.
Tous les transports en commun vers la Place Royale y mènent.
",dinsdag,mardi,april,avril,Gepubliceerd,
MUSEUM van Medicijn met Pepita,museum-van-medicijn-met-pepita,6218bc292822d0fe3ce3347b,653ad4ede882f528b327d8f8,63f4988043c6976ce6dfcad9,false,false,Tue Feb 21 2023 10:10:08 GMT+0000 (Coordinated Universal Time),Thu Mar 02 2023 09:57:04 GMT+0000 (Coordinated Universal Time),Thu Mar 02 2023 09:57:12 GMT+0000 (Coordinated Universal Time),MUSÉE de la Médecine avec Pepita,,Sun Mar 05 2023 13:30:00 GMT+0000 (Coordinated Universal Time),14:30,,"Route de Lennik, 808 1070 Anderlecht (Metro 5 Erasme)",,"Op 5 februari stelde ik voor om uw maag (onder andere) te voeden (frietjes). Op zondag 5 maart, stel ik voor om u te herinneren aan de geschiedenis van de geneeskunde : We zullen het MUSEUM VAN MEDICIJN, ARTS EN CULTUUR bezoeken.
Bij de ingang krijgen we informatie op papier en kunnen we mummies in transparantie bekijken.","Le 5 février, je vous ai proposé de nourrir ( entre autre) votre estomac (frites). Le dimanche 5 mars je vous propose de vous remémorer l’histoire de la médecine : Nous visiterons le MUSEE DE LA MEDECINE DES ARTS ET DE LA CULTURE.
A l’entrée, nous recevrons quelques informatlons sur papier et nous pourrons voir des momies en transparence.
",Kunt u reserveren: jpien.pepita@gmail.com of via 02 231 04 39 of 0471/215130,"Puis-je vous demander de réserver : jpien.pepita@gmail.com ou via le 02 231 04 39 ou le 0471/215130
",zondag,dimanche,maart,mars,Gepubliceerd,
MUSEUM van Schone Kunsten en Poppen van Doornik met Pepita,museum-van-schone-kunsten-en-poppen-van-doornik-met-pepita,6218bc292822d0fe3ce3347b,653ad4ede882f528b327d8f8,641c308de2139d19bcfaa648,false,false,Thu Mar 23 2023 10:57:17 GMT+0000 (Coordinated Universal Time),Thu Mar 23 2023 10:57:17 GMT+0000 (Coordinated Universal Time),Thu Mar 23 2023 16:11:03 GMT+0000 (Coordinated Universal Time),MUSÉE des Beaux-Arts et de la Marionnette à Tournai avec Pepita,,Sun Apr 02 2023 08:00:00 GMT+0000 (Coordinated Universal Time),10:00,,Doornik - Tournai,,"Op 5 februari stelde ik voor om uw maag (onder andere) te voeden (frietjes). Op zondag 5 maart, stel ik voor om u te herinneren aan de geschiedenis van de geneeskunde : We zullen het MUSEUM VAN MEDICIJN, ARTS EN CULTUUR bezoeken.
Bij de ingang krijgen we informatie op papier en kunnen we mummies in transparantie bekijken.","Ce dimanche 2 avril, nous prendrons le train (7,80€) car je vous emmène à Tournai. Nous commencerons par le Musée des Beaux-arts (Rue de l’Enclos Saint-Martin 3 - Bâtiment conçu par l’architecte Victor Horta) et ensuite à la Maison de la Marionnette (Rue Saint-Martin 47 - Hôtel Peeters qui abrite un musée atypique consacré à l’art de la marionnette sous toutes ses formes). Départ (TROP DE PROBLEMES A LA GARE DU NORD) : Gare Centrale à 10h05 ; Gare du Midi à 10h13 (c’est là que je prends le train) pour arriver à Tournai vers 11h14. Nous marcherons une vingtaine de minutes, nous mangerons dans un petit restaurant et arriverons au musée à 14h30.",Kunt u reserveren: jpien.pepita@gmail.com of via 02 231 04 39 of 0471/215130,"Puis-je vous demander de réserver : jpien.pepita@gmail.com ou via le 02 231 04 39 ou le 0471/215130
",zondag,dimanche,april,avril,Gepubliceerd,
MUZIEK aan Het MIM (met Leopold en Het Anker),muziek-aan-het-mim-met-leopold-en-het-anker,6218bc292822d0fe3ce3347b,653ad4ede882f528b327d8f8,65cb87c209a8825c56093843,false,false,Tue Feb 13 2024 15:16:18 GMT+0000 (Coordinated Universal Time),Thu Feb 15 2024 10:11:50 GMT+0000 (Coordinated Universal Time),Thu Feb 15 2024 10:11:56 GMT+0000 (Coordinated Universal Time),CONCERT au MIM (avec Léopold et Het Anker),,Tue Feb 20 2024 11:30:00 GMT+0000 (Coordinated Universal Time),12:30,,MIM (Musée des Instruments de Musique - MuziekInstrumentenMuseum),0,Het Anker en Léopold nodigen ons uit voor een gratis concert in het MIM (Muziekinstrumentenmuseum). ,Het Anker et Léopold nous proposent de les rejoindre à un concert gratuit au MIM (Musée des Instruments de Musique). ,Verzamelen om 12.15 uur in de lobby op de begane grond van het MIM.,Rendez-vous à 12h15 dans le hall au rez-de-chaussée du MIM,dinsdag,mardi,februari,février,Gepubliceerd,
Naaiworkshop ,naaiworkshop-48,6218bc292822d0fe3ce3347b,653ad4ede882f528b327d8f8,68790517524833400372a9cb,false,false,Thu Jul 17 2025 14:13:43 GMT+0000 (Coordinated Universal Time),Thu Jul 17 2025 14:13:43 GMT+0000 (Coordinated Universal Time),Thu Jul 17 2025 14:13:43 GMT+0000 (Coordinated Universal Time),Atelier de Couture,,Wed Aug 06 2025 11:30:00 GMT+0000 (Coordinated Universal Time),13:30,16:00,De Harmonie,1,"Een ontbrekende knop? Een zoom te doen? Een kledingstuk te stoppen? Kom onze naalden en naaimachines gebruiken, met de hulp en het advies van Christina. Open voor alle niveaus!","Un bouton qui manque ? Un ourlet à faire ? un vêtement à repriser ? Venez profiter de nos aiguilles et de nos machines à coudre, avec l'aide et les conseils de Christina. Ouvert à tous niveaux !",,,woensdag,mercredi,augustus,août,Gepubliceerd,
Naaiworkshop  ,naaiworkshop-49,6218bc292822d0fe3ce3347b,653ad4ede882f528b327d8f8,68790533e452856509cd0965,false,false,Thu Jul 17 2025 14:14:11 GMT+0000 (Coordinated Universal Time),Thu Jul 17 2025 14:14:11 GMT+0000 (Coordinated Universal Time),Thu Jul 17 2025 14:14:11 GMT+0000 (Coordinated Universal Time),Atelier de Couture,,Wed Aug 20 2025 11:30:00 GMT+0000 (Coordinated Universal Time),13:30,16:00,De Harmonie,1,"Een ontbrekende knop? Een zoom te doen? Een kledingstuk te stoppen? Kom onze naalden en naaimachines gebruiken, met de hulp en het advies van Christina. Open voor alle niveaus!","Un bouton qui manque ? Un ourlet à faire ? un vêtement à repriser ? Venez profiter de nos aiguilles et de nos machines à coudre, avec l'aide et les conseils de Christina. Ouvert à tous niveaux !",,,woensdag,mercredi,augustus,août,Gepubliceerd,
Naaiworkshop   ,naaiworkshop-51,6218bc292822d0fe3ce3347b,653ad4ede882f528b327d8f8,68a326b48dbac9657d8b6946,false,false,Mon Aug 18 2025 13:12:20 GMT+0000 (Coordinated Universal Time),Tue Aug 19 2025 08:22:47 GMT+0000 (Coordinated Universal Time),Tue Aug 19 2025 08:22:47 GMT+0000 (Coordinated Universal Time),Atelier de Couture,,Wed Sep 24 2025 11:30:00 GMT+0000 (Coordinated Universal Time),13:30,16:00,De Harmonie,1,"Een ontbrekende knop? Een zoom te doen? Een kledingstuk te stoppen? Kom onze naalden en naaimachines gebruiken, met de hulp en het advies van Christina. Open voor alle niveaus!","Un bouton qui manque ? Un ourlet à faire ? un vêtement à repriser ? Venez profiter de nos aiguilles et de nos machines à coudre, avec l'aide et les conseils de Christina. Ouvert à tous niveaux !",,,woensdag,mercredi,september,septembre,Gepubliceerd,
Naaiworkshop,naaiworkshop-52,6218bc292822d0fe3ce3347b,653ad4ede882f528b327d8f8,68d15634d2cc13ab07f009d4,false,false,Mon Sep 22 2025 13:59:16 GMT+0000 (Coordinated Universal Time),Mon Sep 22 2025 13:59:16 GMT+0000 (Coordinated Universal Time),Mon Sep 22 2025 13:59:16 GMT+0000 (Coordinated Universal Time),Atelier de Couture,,Wed Oct 08 2025 11:30:00 GMT+0000 (Coordinated Universal Time),13:30,16:00,De Harmonie,1,"Een ontbrekende knop? Een zoom te doen? Een kledingstuk te stoppen? Kom onze naalden en naaimachines gebruiken, met de hulp en het advies van Christina. Open voor alle niveaus!","Un bouton qui manque ? Un ourlet à faire ? un vêtement à repriser ? Venez profiter de nos aiguilles et de nos machines à coudre, avec l'aide et les conseils de Christina. Ouvert à tous niveaux !",,,woensdag,mercredi,oktober,octobre,Gepubliceerd,
Naaiworkshop,naaiworkshop-53,6218bc292822d0fe3ce3347b,653ad4ede882f528b327d8f8,68d15643f2847f10ee6a9d3b,false,false,Mon Sep 22 2025 13:59:31 GMT+0000 (Coordinated Universal Time),Mon Sep 22 2025 13:59:31 GMT+0000 (Coordinated Universal Time),Mon Sep 22 2025 13:59:31 GMT+0000 (Coordinated Universal Time),Atelier de Couture,,Wed Oct 22 2025 11:30:00 GMT+0000 (Coordinated Universal Time),13:30,16:00,De Harmonie,1,"Een ontbrekende knop? Een zoom te doen? Een kledingstuk te stoppen? Kom onze naalden en naaimachines gebruiken, met de hulp en het advies van Christina. Open voor alle niveaus!","Un bouton qui manque ? Un ourlet à faire ? un vêtement à repriser ? Venez profiter de nos aiguilles et de nos machines à coudre, avec l'aide et les conseils de Christina. Ouvert à tous niveaux !",,,woensdag,mercredi,oktober,octobre,Gepubliceerd,
Naaiworkshop,naaiworkshop-54,6218bc292822d0fe3ce3347b,653ad4ede882f528b327d8f8,68f75643afabd2e5659ce884,false,false,Tue Oct 21 2025 09:45:39 GMT+0000 (Coordinated Universal Time),Tue Oct 21 2025 09:45:39 GMT+0000 (Coordinated Universal Time),Tue Oct 21 2025 09:45:39 GMT+0000 (Coordinated Universal Time),Atelier de Couture,,Wed Nov 05 2025 12:30:00 GMT+0000 (Coordinated Universal Time),13:30,16:00,De Harmonie,1,"Een ontbrekende knop? Een zoom te doen? Een kledingstuk te stoppen? Kom onze naalden en naaimachines gebruiken, met de hulp en het advies van Christina. Open voor alle niveaus!","Un bouton qui manque ? Un ourlet à faire ? un vêtement à repriser ? Venez profiter de nos aiguilles et de nos machines à coudre, avec l'aide et les conseils de Christina. Ouvert à tous niveaux !",,,woensdag,mercredi,november,novembre,Gepubliceerd,
🧵 Naaiworkshop 🧵,naaiworkshop-55,6218bc292822d0fe3ce3347b,653ad4ede882f528b327d8f8,692daabbecd17518443cbaa3,false,false,Mon Dec 01 2025 14:48:27 GMT+0000 (Coordinated Universal Time),Tue Dec 02 2025 14:13:48 GMT+0000 (Coordinated Universal Time),Tue Dec 02 2025 14:13:48 GMT+0000 (Coordinated Universal Time),🧵 Atelier de Couture 🧵,,Wed Dec 10 2025 12:30:00 GMT+0000 (Coordinated Universal Time),13:30,16:00,De Harmonie,1,"Een ontbrekende knop? Een zoom te doen? Een kledingstuk te stoppen? Kom onze naalden en naaimachines gebruiken, met de hulp en het advies van Christina. Open voor alle niveaus!","Un bouton qui manque ? Un ourlet à faire ? un vêtement à repriser ? Venez profiter de nos aiguilles et de nos machines à coudre, avec l'aide et les conseils de Christina. Ouvert à tous niveaux !",,,woensdag,mercredi,december,decembre,Gepubliceerd,
🧵 Naaiworkshop 🧵 Copy,naaiworkshop-55-copy,6218bc292822d0fe3ce3347b,653ad4ede882f528b327d8f8,695d1aea9de492342e7f15ae,false,false,Tue Jan 06 2026 14:23:38 GMT+0000 (Coordinated Universal Time),Wed Jan 07 2026 10:28:32 GMT+0000 (Coordinated Universal Time),Mon Mar 09 2026 10:43:46 GMT+0000 (Coordinated Universal Time),🧵 Atelier de Couture 🧵,,Wed Jan 07 2026 12:30:00 GMT+0000 (Coordinated Universal Time),13:30,16:00,De Harmonie,1,"Een ontbrekende knop? Een zoom te doen? Een kledingstuk te stoppen? Kom onze naalden en naaimachines gebruiken, met de hulp en het advies van Christina. Open voor alle niveaus!","Un bouton qui manque ? Un ourlet à faire ? un vêtement à repriser ? Venez profiter de nos aiguilles et de nos machines à coudre, avec l'aide et les conseils de Christina. Ouvert à tous niveaux !",,,woensdag,mercredi,januari,janvier,Gepubliceerd,
🧵 Naaiworkshop 🧵 Copy 2,naaiworkshop-55-copy-2,6218bc292822d0fe3ce3347b,653ad4ede882f528b327d8f8,695d1b050ed66136c47c68f4,false,false,Tue Jan 06 2026 14:24:05 GMT+0000 (Coordinated Universal Time),Wed Jan 07 2026 10:28:26 GMT+0000 (Coordinated Universal Time),Mon Mar 09 2026 10:43:46 GMT+0000 (Coordinated Universal Time),🧵 Atelier de Couture 🧵,,Wed Jan 21 2026 12:30:00 GMT+0000 (Coordinated Universal Time),13:30,16:00,De Harmonie,1,"Een ontbrekende knop? Een zoom te doen? Een kledingstuk te stoppen? Kom onze naalden en naaimachines gebruiken, met de hulp en het advies van Christina. Open voor alle niveaus!","Un bouton qui manque ? Un ourlet à faire ? un vêtement à repriser ? Venez profiter de nos aiguilles et de nos machines à coudre, avec l'aide et les conseils de Christina. Ouvert à tous niveaux !",,,woensdag,mercredi,januari,janvier,Gepubliceerd,
🧵 Naaiworkshop 🧵 ,naaiworkshop-56,6218bc292822d0fe3ce3347b,653ad4ede882f528b327d8f8,6980bf1497b47ae03ceebc78,false,false,Mon Feb 02 2026 15:13:24 GMT+0000 (Coordinated Universal Time),Mon Feb 02 2026 15:13:24 GMT+0000 (Coordinated Universal Time),Mon Feb 02 2026 15:13:24 GMT+0000 (Coordinated Universal Time),🧵 Atelier de Couture 🧵,,Wed Feb 04 2026 12:30:00 GMT+0000 (Coordinated Universal Time),13:30,16:00,De Harmonie,1,"Een ontbrekende knop? Een zoom te doen? Een kledingstuk te stoppen? Kom onze naalden en naaimachines gebruiken, met de hulp en het advies van Christina. Open voor alle niveaus!","Un bouton qui manque ? Un ourlet à faire ? un vêtement à repriser ? Venez profiter de nos aiguilles et de nos machines à coudre, avec l'aide et les conseils de Christina. Ouvert à tous niveaux !",,,woensdag,mercredi,februari,fevrier,Gepubliceerd,
🧵 Naaiworkshop 🧵  ,naaiworkshop-57,6218bc292822d0fe3ce3347b,653ad4ede882f528b327d8f8,6980bf2bda0bb1025e6b172f,false,false,Mon Feb 02 2026 15:13:47 GMT+0000 (Coordinated Universal Time),Mon Feb 02 2026 15:13:47 GMT+0000 (Coordinated Universal Time),Mon Feb 02 2026 15:13:47 GMT+0000 (Coordinated Universal Time),🧵 Atelier de Couture 🧵,,Wed Feb 18 2026 12:30:00 GMT+0000 (Coordinated Universal Time),13:30,16:00,De Harmonie,1,"Een ontbrekende knop? Een zoom te doen? Een kledingstuk te stoppen? Kom onze naalden en naaimachines gebruiken, met de hulp en het advies van Christina. Open voor alle niveaus!","Un bouton qui manque ? Un ourlet à faire ? un vêtement à repriser ? Venez profiter de nos aiguilles et de nos machines à coudre, avec l'aide et les conseils de Christina. Ouvert à tous niveaux !",,,woensdag,mercredi,februari,fevrier,Gepubliceerd,
🧵 Naaiworkshop 🧵   ,naaiworkshop-58,6218bc292822d0fe3ce3347b,653ad4ede882f528b327d8f8,699eecc12687eb2a068d4652,false,false,Wed Feb 25 2026 12:36:17 GMT+0000 (Coordinated Universal Time),Wed Feb 25 2026 12:36:17 GMT+0000 (Coordinated Universal Time),Wed Feb 25 2026 12:36:17 GMT+0000 (Coordinated Universal Time),🧵 Atelier de Couture 🧵,,Wed Mar 04 2026 12:30:00 GMT+0000 (Coordinated Universal Time),13:30,16:00,De Harmonie,1,"Een ontbrekende knop? Een zoom te doen? Een kledingstuk te stoppen? Kom onze naalden en naaimachines gebruiken, met de hulp en het advies van Christina. Open voor alle niveaus!","Un bouton qui manque ? Un ourlet à faire ? un vêtement à repriser ? Venez profiter de nos aiguilles et de nos machines à coudre, avec l'aide et les conseils de Christina. Ouvert à tous niveaux !",,,woensdag,mercredi,maart,mars,Gepubliceerd,
🧵 Naaiworkshop 🧵    ,naaiworkshop-59,6218bc292822d0fe3ce3347b,653ad4ede882f528b327d8f8,699eecdca5127752874cc07c,false,false,Wed Feb 25 2026 12:36:44 GMT+0000 (Coordinated Universal Time),Wed Feb 25 2026 12:36:44 GMT+0000 (Coordinated Universal Time),Wed Feb 25 2026 12:36:44 GMT+0000 (Coordinated Universal Time),🧵 Atelier de Couture 🧵,,Wed Mar 18 2026 12:30:00 GMT+0000 (Coordinated Universal Time),13:30,16:00,De Harmonie,1,"Een ontbrekende knop? Een zoom te doen? Een kledingstuk te stoppen? Kom onze naalden en naaimachines gebruiken, met de hulp en het advies van Christina. Open voor alle niveaus!","Un bouton qui manque ? Un ourlet à faire ? un vêtement à repriser ? Venez profiter de nos aiguilles et de nos machines à coudre, avec l'aide et les conseils de Christina. Ouvert à tous niveaux !",,,woensdag,mercredi,maart,mars,Gepubliceerd,
🧵 Naaiworkshop 🧵,naaiworkshop-60,6218bc292822d0fe3ce3347b,653ad4ede882f528b327d8f8,69c1141861ff15235510688d,false,false,Mon Mar 23 2026 10:21:12 GMT+0000 (Coordinated Universal Time),Mon Mar 23 2026 10:21:12 GMT+0000 (Coordinated Universal Time),Mon Mar 23 2026 10:21:12 GMT+0000 (Coordinated Universal Time),🧵 Atelier de Couture 🧵,,Wed Apr 01 2026 11:30:00 GMT+0000 (Coordinated Universal Time),13:30,16:00,De Harmonie,1,"Een ontbrekende knop? Een zoom te doen? Een kledingstuk te stoppen? Kom onze naalden en naaimachines gebruiken, met de hulp en het advies van Christina. Open voor alle niveaus!","Un bouton qui manque ? Un ourlet à faire ? un vêtement à repriser ? Venez profiter de nos aiguilles et de nos machines à coudre, avec l'aide et les conseils de Christina. Ouvert à tous niveaux !",,,woensdag,mercredi,april,avril,Gepubliceerd,
🧵 Naaiworkshop 🧵,naaiworkshop-61,6218bc292822d0fe3ce3347b,653ad4ede882f528b327d8f8,69c11430fec3d77b17bd35a7,false,false,Mon Mar 23 2026 10:21:36 GMT+0000 (Coordinated Universal Time),Mon Mar 23 2026 10:21:36 GMT+0000 (Coordinated Universal Time),Mon Mar 23 2026 10:21:36 GMT+0000 (Coordinated Universal Time),🧵 Atelier de Couture 🧵,,Wed Apr 15 2026 11:30:00 GMT+0000 (Coordinated Universal Time),13:30,16:00,De Harmonie,1,"Een ontbrekende knop? Een zoom te doen? Een kledingstuk te stoppen? Kom onze naalden en naaimachines gebruiken, met de hulp en het advies van Christina. Open voor alle niveaus!","Un bouton qui manque ? Un ourlet à faire ? un vêtement à repriser ? Venez profiter de nos aiguilles et de nos machines à coudre, avec l'aide et les conseils de Christina. Ouvert à tous niveaux !",,,woensdag,mercredi,april,avril,Gepubliceerd,
🧵 Naaiworkshop 🧵,naaiworkshop-62,6218bc292822d0fe3ce3347b,653ad4ede882f528b327d8f8,69c1143d8466a337c8e41635,false,false,Mon Mar 23 2026 10:21:49 GMT+0000 (Coordinated Universal Time),Mon Mar 23 2026 10:21:49 GMT+0000 (Coordinated Universal Time),Mon Mar 23 2026 10:21:49 GMT+0000 (Coordinated Universal Time),🧵 Atelier de Couture 🧵,,Wed Apr 29 2026 11:30:00 GMT+0000 (Coordinated Universal Time),13:30,16:00,De Harmonie,1,"Een ontbrekende knop? Een zoom te doen? Een kledingstuk te stoppen? Kom onze naalden en naaimachines gebruiken, met de hulp en het advies van Christina. Open voor alle niveaus!","Un bouton qui manque ? Un ourlet à faire ? un vêtement à repriser ? Venez profiter de nos aiguilles et de nos machines à coudre, avec l'aide et les conseils de Christina. Ouvert à tous niveaux !",,,woensdag,mercredi,april,avril,Gepubliceerd,
"NAAR DE FILM : ""Bienvenue à Marly-Gomont""",naar-de-film-bienvenue-a-marly-gomont,6218bc292822d0fe3ce3347b,653ad4ede882f528b327d8f8,649acd5b4666ec0dbefc7777,false,false,Tue Jun 27 2023 11:51:55 GMT+0000 (Coordinated Universal Time),Tue Jun 27 2023 11:51:55 GMT+0000 (Coordinated Universal Time),Tue Jun 27 2023 11:52:21 GMT+0000 (Coordinated Universal Time),"SÉANCE CINÉMA : ""Bienvenue à Marly-Gomont""",,Sun Jul 02 2023 15:30:00 GMT+0000 (Coordinated Universal Time),17:30,,Pôle Nord,0,"Centre Pôle Nord nodigt je uit voor een voorstelling op zondag 2 juli om 17.30 uur. De toegang is gratis.
We vertonen ""Bienvenue à Marly-Gomont"" in het Frans met Nederlandse ondertiteling. Na de film gaan we napraten en delen onder het genot van thee/koffie en hapjes.
De film is gebaseerd op het verhaal van de vader van zangeres Kamini Zantoko, die afkomstig is uit de Democratische Republiek Congo). De film heeft een semi-humoristische toon en gaat voornamelijk over de moeilijkheden om een zwarte dokter te vestigen in een klein, afgelegen dorp in de Aisne in de jaren 1970, ondanks het gebrek aan dokters.","Le Centre Pôle Nord vous invite à assister à une projection le dimanche 2 juillet à 17h30. L’entrée est gratuite.
Nous diffuserons « Bienvenue à Marly-Gomont » en version française sous-titrée néerlandais. Après le film, nous prévoyons aussi un petit moment de discussion et de partage autour d’un thé/café et de quoi grignoter.
Le film s'inspire de l'histoire du père du chanteur Kamini Zantoko, originaire de la République démocratique du Congo). Il traite principalement, sur un ton semi-humoristique, des difficultés d'installation d'un médecin noir dans un petit village reculé de l'Aisne dans les années 1970, malgré le manque de médecin.",,,zondag,dimanche,juli,juillet,Gepubliceerd,
Nederlandse conversatietafel     ,nederlandse-conversatietafel-100,6218bc292822d0fe3ce3347b,653ad4ede882f528b327d8f8,68a329958dbac9657d8cd651,false,false,Mon Aug 18 2025 13:24:37 GMT+0000 (Coordinated Universal Time),Mon Aug 18 2025 13:24:37 GMT+0000 (Coordinated Universal Time),Mon Aug 18 2025 13:24:37 GMT+0000 (Coordinated Universal Time),Table de Conversation Néerlandais,,Fri Sep 12 2025 08:30:00 GMT+0000 (Coordinated Universal Time),10:30,11:30,De Harmonie,,"Hallo, kom en werk aan uw kennis van de eerste taal van het land met Mady","Hallo, venez travailler votre connaissance de la première langue du pays avec Mady",,,vrijdag,vendredi,september,septembre,Gepubliceerd,
Nederlandse conversatietafel      ,nederlandse-conversatietafel-101,6218bc292822d0fe3ce3347b,653ad4ede882f528b327d8f8,68a329a70c2364e4e62de750,false,false,Mon Aug 18 2025 13:24:55 GMT+0000 (Coordinated Universal Time),Mon Aug 18 2025 13:24:55 GMT+0000 (Coordinated Universal Time),Mon Aug 18 2025 13:24:55 GMT+0000 (Coordinated Universal Time),Table de Conversation Néerlandais,,Fri Sep 19 2025 08:30:00 GMT+0000 (Coordinated Universal Time),10:30,11:30,De Harmonie,,"Hallo, kom en werk aan uw kennis van de eerste taal van het land met Mady","Hallo, venez travailler votre connaissance de la première langue du pays avec Mady",,,vrijdag,vendredi,september,septembre,Gepubliceerd,
Nederlandse conversatietafel       ,nederlandse-conversatietafel-102,6218bc292822d0fe3ce3347b,653ad4ede882f528b327d8f8,68a329b95be697a789836b58,false,false,Mon Aug 18 2025 13:25:13 GMT+0000 (Coordinated Universal Time),Mon Aug 18 2025 13:25:13 GMT+0000 (Coordinated Universal Time),Mon Aug 18 2025 13:25:13 GMT+0000 (Coordinated Universal Time),Table de Conversation Néerlandais,,Fri Sep 26 2025 08:30:00 GMT+0000 (Coordinated Universal Time),10:30,11:30,De Harmonie,,"Hallo, kom en werk aan uw kennis van de eerste taal van het land met Mady","Hallo, venez travailler votre connaissance de la première langue du pays avec Mady",,,vrijdag,vendredi,september,septembre,Gepubliceerd,
Nederlandse conversatietafel,nederlandse-conversatietafel-103,6218bc292822d0fe3ce3347b,653ad4ede882f528b327d8f8,68d1587b4d6fe18b968e3130,false,false,Mon Sep 22 2025 14:08:59 GMT+0000 (Coordinated Universal Time),Mon Sep 22 2025 14:08:59 GMT+0000 (Coordinated Universal Time),Mon Sep 22 2025 14:08:59 GMT+0000 (Coordinated Universal Time),Table de Conversation Néerlandais,,Fri Oct 03 2025 08:30:00 GMT+0000 (Coordinated Universal Time),10:30,11:30,De Harmonie,,"Hallo, kom en werk aan uw kennis van de eerste taal van het land met Mady","Hallo, venez travailler votre connaissance de la première langue du pays avec Mady",,,vrijdag,vendredi,oktober,octobre,Gepubliceerd,
Nederlandse conversatietafel,nederlandse-conversatietafel-104,6218bc292822d0fe3ce3347b,653ad4ede882f528b327d8f8,68d1588a4289a904ff72a6d8,false,false,Mon Sep 22 2025 14:09:14 GMT+0000 (Coordinated Universal Time),Mon Sep 22 2025 14:09:14 GMT+0000 (Coordinated Universal Time),Mon Sep 22 2025 14:09:14 GMT+0000 (Coordinated Universal Time),Table de Conversation Néerlandais,,Fri Oct 10 2025 08:30:00 GMT+0000 (Coordinated Universal Time),10:30,11:30,De Harmonie,,"Hallo, kom en werk aan uw kennis van de eerste taal van het land met Mady","Hallo, venez travailler votre connaissance de la première langue du pays avec Mady",,,vrijdag,vendredi,oktober,octobre,Gepubliceerd,
Nederlandse conversatietafel,nederlandse-conversatietafel-105,6218bc292822d0fe3ce3347b,653ad4ede882f528b327d8f8,68d1589822d06349be97cd3a,false,false,Mon Sep 22 2025 14:09:28 GMT+0000 (Coordinated Universal Time),Mon Sep 22 2025 14:09:28 GMT+0000 (Coordinated Universal Time),Mon Sep 22 2025 14:09:28 GMT+0000 (Coordinated Universal Time),Table de Conversation Néerlandais,,Fri Oct 17 2025 08:30:00 GMT+0000 (Coordinated Universal Time),10:30,11:30,De Harmonie,,"Hallo, kom en werk aan uw kennis van de eerste taal van het land met Mady","Hallo, venez travailler votre connaissance de la première langue du pays avec Mady",,,vrijdag,vendredi,oktober,octobre,Gepubliceerd,
Nederlandse conversatietafel,nederlandse-conversatietafel-106,6218bc292822d0fe3ce3347b,653ad4ede882f528b327d8f8,68d158a5b1929401b15f3168,false,false,Mon Sep 22 2025 14:09:41 GMT+0000 (Coordinated Universal Time),Mon Sep 22 2025 14:09:41 GMT+0000 (Coordinated Universal Time),Mon Sep 22 2025 14:09:41 GMT+0000 (Coordinated Universal Time),Table de Conversation Néerlandais,,Fri Oct 24 2025 08:30:00 GMT+0000 (Coordinated Universal Time),10:30,11:30,De Harmonie,,"Hallo, kom en werk aan uw kennis van de eerste taal van het land met Mady","Hallo, venez travailler votre connaissance de la première langue du pays avec Mady",,,vrijdag,vendredi,oktober,octobre,Gepubliceerd,
Nederlandse conversatietafel,nederlandse-conversatietafel-107,6218bc292822d0fe3ce3347b,653ad4ede882f528b327d8f8,68d158b4b003c072c5612f40,false,false,Mon Sep 22 2025 14:09:56 GMT+0000 (Coordinated Universal Time),Mon Sep 22 2025 14:09:56 GMT+0000 (Coordinated Universal Time),Mon Sep 22 2025 14:09:56 GMT+0000 (Coordinated Universal Time),Table de Conversation Néerlandais,,Fri Oct 31 2025 09:30:00 GMT+0000 (Coordinated Universal Time),10:30,11:30,De Harmonie,,"Hallo, kom en werk aan uw kennis van de eerste taal van het land met Mady","Hallo, venez travailler votre connaissance de la première langue du pays avec Mady",,,vrijdag,vendredi,oktober,octobre,Gepubliceerd,
Nederlandse conversatietafel,nederlandse-conversatietafel-108,6218bc292822d0fe3ce3347b,653ad4ede882f528b327d8f8,68f75b52ac251e5f5e52c8c8,false,false,Tue Oct 21 2025 10:07:14 GMT+0000 (Coordinated Universal Time),Tue Oct 21 2025 10:07:14 GMT+0000 (Coordinated Universal Time),Tue Oct 21 2025 10:07:14 GMT+0000 (Coordinated Universal Time),Table de Conversation Néerlandais,,Fri Nov 07 2025 09:30:00 GMT+0000 (Coordinated Universal Time),10:30,11:30,De Harmonie,,"Hallo, kom en werk aan uw kennis van de eerste taal van het land met Mady","Hallo, venez travailler votre connaissance de la première langue du pays avec Mady",,,vrijdag,vendredi,november,novembre,Gepubliceerd,
Nederlandse conversatietafel,nederlandse-conversatietafel-109,6218bc292822d0fe3ce3347b,653ad4ede882f528b327d8f8,68f75b66f9642c0854ac2ac5,false,false,Tue Oct 21 2025 10:07:34 GMT+0000 (Coordinated Universal Time),Tue Oct 21 2025 10:07:34 GMT+0000 (Coordinated Universal Time),Tue Oct 21 2025 10:07:34 GMT+0000 (Coordinated Universal Time),Table de Conversation Néerlandais,,Fri Nov 14 2025 09:30:00 GMT+0000 (Coordinated Universal Time),10:30,11:30,De Harmonie,,"Hallo, kom en werk aan uw kennis van de eerste taal van het land met Mady","Hallo, venez travailler votre connaissance de la première langue du pays avec Mady",,,vrijdag,vendredi,november,novembre,Gepubliceerd,
Nederlandse conversatietafel,nederlandse-conversatietafel-110,6218bc292822d0fe3ce3347b,653ad4ede882f528b327d8f8,68f75b7972b516078674f8c0,false,false,Tue Oct 21 2025 10:07:53 GMT+0000 (Coordinated Universal Time),Tue Oct 21 2025 10:07:53 GMT+0000 (Coordinated Universal Time),Tue Oct 21 2025 10:07:53 GMT+0000 (Coordinated Universal Time),Table de Conversation Néerlandais,,Fri Nov 21 2025 09:30:00 GMT+0000 (Coordinated Universal Time),10:30,11:30,De Harmonie,,"Hallo, kom en werk aan uw kennis van de eerste taal van het land met Mady","Hallo, venez travailler votre connaissance de la première langue du pays avec Mady",,,vrijdag,vendredi,november,novembre,Gepubliceerd,
Nederlandse conversatietafel,nederlandse-conversatietafel-111,6218bc292822d0fe3ce3347b,653ad4ede882f528b327d8f8,68f75b8b17977ac2b6537d16,false,false,Tue Oct 21 2025 10:08:11 GMT+0000 (Coordinated Universal Time),Tue Oct 21 2025 10:08:11 GMT+0000 (Coordinated Universal Time),Tue Oct 21 2025 10:08:11 GMT+0000 (Coordinated Universal Time),Table de Conversation Néerlandais,,Fri Nov 28 2025 09:30:00 GMT+0000 (Coordinated Universal Time),10:30,11:30,De Harmonie,,"Hallo, kom en werk aan uw kennis van de eerste taal van het land met Mady","Hallo, venez travailler votre connaissance de la première langue du pays avec Mady",,,vrijdag,vendredi,november,novembre,Gepubliceerd,
🚩 Nederlandse conversatietafel 🚩,nederlandse-conversatietafel-112,6218bc292822d0fe3ce3347b,653ad4ede882f528b327d8f8,692dae029418fbdef886e8a3,false,false,Mon Dec 01 2025 15:02:26 GMT+0000 (Coordinated Universal Time),Tue Dec 02 2025 14:31:39 GMT+0000 (Coordinated Universal Time),Tue Dec 02 2025 14:31:39 GMT+0000 (Coordinated Universal Time),🚩 Table de Conversation Néerlandais 🚩,,Fri Dec 05 2025 09:30:00 GMT+0000 (Coordinated Universal Time),10:30,11:30,De Harmonie,,"Hallo, kom en werk aan uw kennis van de eerste taal van het land met Mady","Hallo, venez travailler votre connaissance de la première langue du pays avec Mady",,,vrijdag,vendredi,december,decembre,Gepubliceerd,
🚩 Nederlandse conversatietafel 🚩,nederlandse-conversatietafel-113,6218bc292822d0fe3ce3347b,653ad4ede882f528b327d8f8,692dae11731079f3bdfe3ecf,false,false,Mon Dec 01 2025 15:02:41 GMT+0000 (Coordinated Universal Time),Tue Dec 02 2025 14:31:55 GMT+0000 (Coordinated Universal Time),Tue Dec 02 2025 14:31:55 GMT+0000 (Coordinated Universal Time),🚩 Table de Conversation Néerlandais 🚩,,Fri Dec 12 2025 09:30:00 GMT+0000 (Coordinated Universal Time),10:30,11:30,De Harmonie,,"Hallo, kom en werk aan uw kennis van de eerste taal van het land met Mady","Hallo, venez travailler votre connaissance de la première langue du pays avec Mady",,,vrijdag,vendredi,december,decembre,Gepubliceerd,
🚩 Nederlandse conversatietafel 🚩,nederlandse-conversatietafel-114,6218bc292822d0fe3ce3347b,653ad4ede882f528b327d8f8,692dae21422515e45f601142,false,false,Mon Dec 01 2025 15:02:57 GMT+0000 (Coordinated Universal Time),Tue Dec 02 2025 14:32:24 GMT+0000 (Coordinated Universal Time),Tue Dec 02 2025 14:32:24 GMT+0000 (Coordinated Universal Time),🚩 Table de Conversation Néerlandais 🚩,,Fri Dec 19 2025 09:30:00 GMT+0000 (Coordinated Universal Time),10:30,11:30,De Harmonie,,"Hallo, kom en werk aan uw kennis van de eerste taal van het land met Mady","Hallo, venez travailler votre connaissance de la première langue du pays avec Mady",,,vrijdag,vendredi,december,decembre,Gepubliceerd,
🚩 Nederlandse conversatietafel 🚩 Copy,nederlandse-conversatietafel-114-copy,6218bc292822d0fe3ce3347b,653ad4ede882f528b327d8f8,695d1db3929778a24f8d0bed,false,false,Tue Jan 06 2026 14:35:31 GMT+0000 (Coordinated Universal Time),Wed Jan 07 2026 09:36:07 GMT+0000 (Coordinated Universal Time),Mon Mar 09 2026 10:43:46 GMT+0000 (Coordinated Universal Time),🚩 Table de Conversation Néerlandais 🚩,,Fri Jan 09 2026 09:30:00 GMT+0000 (Coordinated Universal Time),10:30,11:30,De Harmonie,,"Hallo, kom en werk aan uw kennis van de eerste taal van het land met Mady","Hallo, venez travailler votre connaissance de la première langue du pays avec Mady",,,vrijdag,vendredi,januari,janvier,Gepubliceerd,
🚩 Nederlandse conversatietafel 🚩 Copy 2,nederlandse-conversatietafel-114-copy-2,6218bc292822d0fe3ce3347b,653ad4ede882f528b327d8f8,695d1dd0cdcb9ef851486208,false,false,Tue Jan 06 2026 14:36:00 GMT+0000 (Coordinated Universal Time),Wed Jan 07 2026 09:36:00 GMT+0000 (Coordinated Universal Time),Mon Mar 09 2026 10:43:46 GMT+0000 (Coordinated Universal Time),🚩 Table de Conversation Néerlandais 🚩,,Fri Jan 16 2026 09:30:00 GMT+0000 (Coordinated Universal Time),10:30,11:30,De Harmonie,,"Hallo, kom en werk aan uw kennis van de eerste taal van het land met Mady","Hallo, venez travailler votre connaissance de la première langue du pays avec Mady",,,vrijdag,vendredi,januari,janvier,Gepubliceerd,
🚩 Nederlandse conversatietafel 🚩 Copy 3,nederlandse-conversatietafel-114-copy-3,6218bc292822d0fe3ce3347b,653ad4ede882f528b327d8f8,695d1de11c598f7479cd22a2,false,false,Tue Jan 06 2026 14:36:17 GMT+0000 (Coordinated Universal Time),Wed Jan 07 2026 09:35:53 GMT+0000 (Coordinated Universal Time),Mon Mar 09 2026 10:43:46 GMT+0000 (Coordinated Universal Time),🚩 Table de Conversation Néerlandais 🚩,,Fri Jan 23 2026 09:30:00 GMT+0000 (Coordinated Universal Time),10:30,11:30,De Harmonie,,"Hallo, kom en werk aan uw kennis van de eerste taal van het land met Mady","Hallo, venez travailler votre connaissance de la première langue du pays avec Mady",,,vrijdag,vendredi,januari,janvier,Gepubliceerd,
🚩 Nederlandse conversatietafel 🚩 Copy 4,nederlandse-conversatietafel-114-copy-4,6218bc292822d0fe3ce3347b,653ad4ede882f528b327d8f8,695d1df2e9b292729c553463,false,true,Tue Jan 06 2026 14:36:34 GMT+0000 (Coordinated Universal Time),Wed Jan 07 2026 11:44:39 GMT+0000 (Coordinated Universal Time),,🚩 Table de Conversation Néerlandais 🚩,,Fri Jan 30 2026 09:30:00 GMT+0000 (Coordinated Universal Time),10:30,11:30,De Harmonie,,"Hallo, kom en werk aan uw kennis van de eerste taal van het land met Mady","Hallo, venez travailler votre connaissance de la première langue du pays avec Mady",,,vrijdag,vendredi,januari,janvier,Gepubliceerd,
🚩 Nederlandse conversatietafel 🚩 ,nederlandse-conversatietafel-115,6218bc292822d0fe3ce3347b,653ad4ede882f528b327d8f8,6980c11fc94ec758fa008feb,false,false,Mon Feb 02 2026 15:22:07 GMT+0000 (Coordinated Universal Time),Mon Feb 02 2026 15:23:55 GMT+0000 (Coordinated Universal Time),Mon Feb 02 2026 15:23:55 GMT+0000 (Coordinated Universal Time),🚩 Table de Conversation Néerlandais 🚩,,Fri Feb 06 2026 09:30:00 GMT+0000 (Coordinated Universal Time),10:30,11:30,De Harmonie,,"Hallo, kom en werk aan uw kennis van de eerste taal van het land met Mady","Hallo, venez travailler votre connaissance de la première langue du pays avec Mady",,,vrijdag,vendredi,februari,fevrier,Gepubliceerd,
🚩 Nederlandse conversatietafel 🚩  ,nederlandse-conversatietafel-116,6218bc292822d0fe3ce3347b,653ad4ede882f528b327d8f8,6980c178d575c7959a2c0ef8,false,false,Mon Feb 02 2026 15:23:36 GMT+0000 (Coordinated Universal Time),Mon Feb 02 2026 15:24:05 GMT+0000 (Coordinated Universal Time),Mon Feb 02 2026 15:24:05 GMT+0000 (Coordinated Universal Time),🚩 Table de Conversation Néerlandais 🚩,,Fri Feb 13 2026 09:30:00 GMT+0000 (Coordinated Universal Time),10:30,11:30,De Harmonie,,"Hallo, kom en werk aan uw kennis van de eerste taal van het land met Mady","Hallo, venez travailler votre connaissance de la première langue du pays avec Mady",,,vrijdag,vendredi,februari,fevrier,Gepubliceerd,
🚩 Nederlandse conversatietafel 🚩   ,nederlandse-conversatietafel-117,6218bc292822d0fe3ce3347b,653ad4ede882f528b327d8f8,6980c1bfc94ec758fa010826,false,false,Mon Feb 02 2026 15:24:47 GMT+0000 (Coordinated Universal Time),Mon Feb 02 2026 15:24:47 GMT+0000 (Coordinated Universal Time),Mon Feb 02 2026 15:24:47 GMT+0000 (Coordinated Universal Time),🚩 Table de Conversation Néerlandais 🚩,,Fri Feb 20 2026 09:30:00 GMT+0000 (Coordinated Universal Time),10:30,11:30,De Harmonie,,"Hallo, kom en werk aan uw kennis van de eerste taal van het land met Mady","Hallo, venez travailler votre connaissance de la première langue du pays avec Mady",,,vrijdag,vendredi,februari,fevrier,Gepubliceerd,
🚩 Nederlandse conversatietafel 🚩   ,nederlandse-conversatietafel-118,6218bc292822d0fe3ce3347b,653ad4ede882f528b327d8f8,6980c1f0d575c7959a2c32a0,false,false,Mon Feb 02 2026 15:25:36 GMT+0000 (Coordinated Universal Time),Mon Feb 02 2026 15:25:36 GMT+0000 (Coordinated Universal Time),Mon Feb 02 2026 15:25:36 GMT+0000 (Coordinated Universal Time),🚩 Table de Conversation Néerlandais 🚩,,Fri Feb 27 2026 09:30:00 GMT+0000 (Coordinated Universal Time),10:30,11:30,De Harmonie,,"Hallo, kom en werk aan uw kennis van de eerste taal van het land met Mady","Hallo, venez travailler votre connaissance de la première langue du pays avec Mady",,,vrijdag,vendredi,februari,fevrier,Gepubliceerd,
🚩 Nederlandse conversatietafel 🚩  ,nederlandse-conversatietafel-119,6218bc292822d0fe3ce3347b,653ad4ede882f528b327d8f8,699eee3e6aa697c391cfd0db,false,false,Wed Feb 25 2026 12:42:38 GMT+0000 (Coordinated Universal Time),Wed Feb 25 2026 12:42:38 GMT+0000 (Coordinated Universal Time),Wed Feb 25 2026 12:42:38 GMT+0000 (Coordinated Universal Time),🚩 Table de Conversation Néerlandais 🚩,,Fri Mar 06 2026 09:30:00 GMT+0000 (Coordinated Universal Time),10:30,11:30,De Harmonie,,"Hallo, kom en werk aan uw kennis van de eerste taal van het land met Mady","Hallo, venez travailler votre connaissance de la première langue du pays avec Mady",,,vrijdag,vendredi,maart,mars,Gepubliceerd,
🚩 Nederlandse conversatietafel 🚩   ,nederlandse-conversatietafel-120,6218bc292822d0fe3ce3347b,653ad4ede882f528b327d8f8,699eee5a34d50e2cb265dd7c,false,false,Wed Feb 25 2026 12:43:06 GMT+0000 (Coordinated Universal Time),Wed Feb 25 2026 12:43:06 GMT+0000 (Coordinated Universal Time),Wed Feb 25 2026 12:43:06 GMT+0000 (Coordinated Universal Time),🚩 Table de Conversation Néerlandais 🚩,,Fri Mar 13 2026 09:30:00 GMT+0000 (Coordinated Universal Time),10:30,11:30,De Harmonie,,"Hallo, kom en werk aan uw kennis van de eerste taal van het land met Mady","Hallo, venez travailler votre connaissance de la première langue du pays avec Mady",,,vrijdag,vendredi,maart,mars,Gepubliceerd,
🚩 Nederlandse conversatietafel 🚩    ,nederlandse-conversatietafel-121,6218bc292822d0fe3ce3347b,653ad4ede882f528b327d8f8,699eee715039a7c11e1150ed,false,false,Wed Feb 25 2026 12:43:29 GMT+0000 (Coordinated Universal Time),Wed Feb 25 2026 12:43:29 GMT+0000 (Coordinated Universal Time),Wed Feb 25 2026 12:43:29 GMT+0000 (Coordinated Universal Time),🚩 Table de Conversation Néerlandais 🚩,,Fri Mar 20 2026 09:30:00 GMT+0000 (Coordinated Universal Time),10:30,11:30,De Harmonie,,"Hallo, kom en werk aan uw kennis van de eerste taal van het land met Mady","Hallo, venez travailler votre connaissance de la première langue du pays avec Mady",,,vrijdag,vendredi,maart,mars,Gepubliceerd,
🚩 Nederlandse conversatietafel 🚩     ,nederlandse-conversatietafel-122,6218bc292822d0fe3ce3347b,653ad4ede882f528b327d8f8,699eee9303bc2b8709fc3604,false,false,Wed Feb 25 2026 12:44:03 GMT+0000 (Coordinated Universal Time),Wed Feb 25 2026 12:44:03 GMT+0000 (Coordinated Universal Time),Wed Feb 25 2026 12:44:03 GMT+0000 (Coordinated Universal Time),🚩 Table de Conversation Néerlandais 🚩,,Fri Mar 27 2026 09:30:00 GMT+0000 (Coordinated Universal Time),10:30,11:30,De Harmonie,,"Hallo, kom en werk aan uw kennis van de eerste taal van het land met Mady","Hallo, venez travailler votre connaissance de la première langue du pays avec Mady",,,vrijdag,vendredi,maart,mars,Gepubliceerd,
🚩 Nederlandse conversatietafel 🚩 ,nederlandse-conversatietafel-123,6218bc292822d0fe3ce3347b,653ad4ede882f528b327d8f8,69c1166e07bd300137c0c7ad,false,false,Mon Mar 23 2026 10:31:10 GMT+0000 (Coordinated Universal Time),Mon Mar 23 2026 10:31:10 GMT+0000 (Coordinated Universal Time),Mon Mar 23 2026 10:31:10 GMT+0000 (Coordinated Universal Time),🚩 Table de Conversation Néerlandais 🚩,,Fri Apr 03 2026 08:30:00 GMT+0000 (Coordinated Universal Time),10:30,11:30,De Harmonie,,"Hallo, kom en werk aan uw kennis van de eerste taal van het land met Mady","Hallo, venez travailler votre connaissance de la première langue du pays avec Mady",,,vrijdag,vendredi,april,avril,Gepubliceerd,
🚩 Nederlandse conversatietafel 🚩 ,nederlandse-conversatietafel-124,6218bc292822d0fe3ce3347b,653ad4ede882f528b327d8f8,69c1168c61ff152355124e92,false,false,Mon Mar 23 2026 10:31:40 GMT+0000 (Coordinated Universal Time),Mon Mar 23 2026 10:31:40 GMT+0000 (Coordinated Universal Time),Mon Mar 23 2026 10:31:40 GMT+0000 (Coordinated Universal Time),🚩 Table de Conversation Néerlandais 🚩,,Fri Apr 10 2026 08:30:00 GMT+0000 (Coordinated Universal Time),10:30,11:30,De Harmonie,,"Hallo, kom en werk aan uw kennis van de eerste taal van het land met Mady","Hallo, venez travailler votre connaissance de la première langue du pays avec Mady",,,vrijdag,vendredi,april,avril,Gepubliceerd,
🚩 Nederlandse conversatietafel 🚩 ,nederlandse-conversatietafel-125,6218bc292822d0fe3ce3347b,653ad4ede882f528b327d8f8,69c1169e61ff1523551254db,false,false,Mon Mar 23 2026 10:31:58 GMT+0000 (Coordinated Universal Time),Mon Mar 23 2026 10:31:58 GMT+0000 (Coordinated Universal Time),Mon Mar 23 2026 10:31:58 GMT+0000 (Coordinated Universal Time),🚩 Table de Conversation Néerlandais 🚩,,Fri Apr 17 2026 08:30:00 GMT+0000 (Coordinated Universal Time),10:30,11:30,De Harmonie,,"Hallo, kom en werk aan uw kennis van de eerste taal van het land met Mady","Hallo, venez travailler votre connaissance de la première langue du pays avec Mady",,,vrijdag,vendredi,april,avril,Gepubliceerd,
🚩 Nederlandse conversatietafel 🚩 ,nederlandse-conversatietafel-126,6218bc292822d0fe3ce3347b,653ad4ede882f528b327d8f8,69c116afc1cfeb1a3fc73e66,false,false,Mon Mar 23 2026 10:32:15 GMT+0000 (Coordinated Universal Time),Mon Mar 23 2026 10:32:15 GMT+0000 (Coordinated Universal Time),Mon Mar 23 2026 10:32:15 GMT+0000 (Coordinated Universal Time),🚩 Table de Conversation Néerlandais 🚩,,Fri Apr 24 2026 08:30:00 GMT+0000 (Coordinated Universal Time),10:30,11:30,De Harmonie,,"Hallo, kom en werk aan uw kennis van de eerste taal van het land met Mady","Hallo, venez travailler votre connaissance de la première langue du pays avec Mady",,,vrijdag,vendredi,april,avril,Gepubliceerd,
Nederlandse conversatietafel ,nederlandse-conversatietafel-94,6218bc292822d0fe3ce3347b,653ad4ede882f528b327d8f8,68790ef35f53056ab4180024,false,false,Thu Jul 17 2025 14:55:47 GMT+0000 (Coordinated Universal Time),Thu Jul 17 2025 14:55:47 GMT+0000 (Coordinated Universal Time),Thu Jul 17 2025 14:55:47 GMT+0000 (Coordinated Universal Time),Table de Conversation Néerlandais,,Fri Aug 01 2025 08:30:00 GMT+0000 (Coordinated Universal Time),10:30,11:30,De Harmonie,,"Hallo, kom en werk aan uw kennis van de eerste taal van het land met Mady","Hallo, venez travailler votre connaissance de la première langue du pays avec Mady",,,vrijdag,vendredi,augustus,août,Gepubliceerd,
Nederlandse conversatietafel  ,nederlandse-conversatietafel-95,6218bc292822d0fe3ce3347b,653ad4ede882f528b327d8f8,68790f0b3d45fe3f466abfff,false,false,Thu Jul 17 2025 14:56:11 GMT+0000 (Coordinated Universal Time),Thu Jul 17 2025 14:56:11 GMT+0000 (Coordinated Universal Time),Thu Jul 17 2025 14:56:11 GMT+0000 (Coordinated Universal Time),Table de Conversation Néerlandais,,Fri Aug 08 2025 08:30:00 GMT+0000 (Coordinated Universal Time),10:30,11:30,De Harmonie,,"Hallo, kom en werk aan uw kennis van de eerste taal van het land met Mady","Hallo, venez travailler votre connaissance de la première langue du pays avec Mady",,,vrijdag,vendredi,augustus,août,Gepubliceerd,
Nederlandse conversatietafel   ,nederlandse-conversatietafel-97,6218bc292822d0fe3ce3347b,653ad4ede882f528b327d8f8,68790f494b954110537b10ec,false,false,Thu Jul 17 2025 14:57:13 GMT+0000 (Coordinated Universal Time),Thu Jul 17 2025 14:57:13 GMT+0000 (Coordinated Universal Time),Thu Jul 17 2025 14:57:13 GMT+0000 (Coordinated Universal Time),Table de Conversation Néerlandais,,Fri Aug 22 2025 08:30:00 GMT+0000 (Coordinated Universal Time),10:30,11:30,De Harmonie,,"Hallo, kom en werk aan uw kennis van de eerste taal van het land met Mady","Hallo, venez travailler votre connaissance de la première langue du pays avec Mady",,,vrijdag,vendredi,augustus,août,Gepubliceerd,
Nederlandse conversatietafel   ,nederlandse-conversatietafel-98,6218bc292822d0fe3ce3347b,653ad4ede882f528b327d8f8,68790f8317a77c8cf4e423d8,false,false,Thu Jul 17 2025 14:58:11 GMT+0000 (Coordinated Universal Time),Thu Jul 17 2025 14:58:11 GMT+0000 (Coordinated Universal Time),Thu Jul 17 2025 14:58:11 GMT+0000 (Coordinated Universal Time),Table de Conversation Néerlandais,,Fri Aug 29 2025 08:30:00 GMT+0000 (Coordinated Universal Time),10:30,11:30,De Harmonie,,"Hallo, kom en werk aan uw kennis van de eerste taal van het land met Mady","Hallo, venez travailler votre connaissance de la première langue du pays avec Mady",,,vrijdag,vendredi,augustus,août,Gepubliceerd,
Nederlandse conversatietafel    ,nederlandse-conversatietafel-99,6218bc292822d0fe3ce3347b,653ad4ede882f528b327d8f8,68a3297f8dbac9657d8cc48f,false,false,Mon Aug 18 2025 13:24:15 GMT+0000 (Coordinated Universal Time),Mon Aug 18 2025 13:24:15 GMT+0000 (Coordinated Universal Time),Mon Aug 18 2025 13:24:15 GMT+0000 (Coordinated Universal Time),Table de Conversation Néerlandais,,Fri Sep 05 2025 08:30:00 GMT+0000 (Coordinated Universal Time),10:30,11:30,De Harmonie,,"Hallo, kom en werk aan uw kennis van de eerste taal van het land met Mady","Hallo, venez travailler votre connaissance de la première langue du pays avec Mady",,,vrijdag,vendredi,september,septembre,Gepubliceerd,
NIEUW : BINGO !  ,nieuw-bingo-10,6218bc292822d0fe3ce3347b,653ad4ede882f528b327d8f8,687903f109286818a8a67c07,false,false,Thu Jul 17 2025 14:08:49 GMT+0000 (Coordinated Universal Time),Thu Jul 17 2025 14:08:49 GMT+0000 (Coordinated Universal Time),Thu Jul 17 2025 14:08:49 GMT+0000 (Coordinated Universal Time),NOUVEAU : BINGO !,,Wed Jul 02 2025 11:30:00 GMT+0000 (Coordinated Universal Time),13:30,16:00,De Harmonie,Per blad / Par feuille : 1,"Georganiseerd door de Bingoclub, kom spelen en maak kans op mooie prijzen. Elk bingoblad kost €1 (het opgehaalde geld wordt geherinvesteerd in nieuwe prijzen), met een maximum van 8 bladen per persoon. En het beste van alles is dat zelfs de verliezers aan het eind een kleine prijs kunnen winnen. Dus uiteindelijk is iedereen een winnaar :) ","Organisé par le Club Bingo, venez jouer pour tenter de remporter de jolis lots. Chaque feuille de Bingo est vendue au prix de 1€ (l'argent récolté est réinvesti dans les nouveaux lots), avec un maximum de 8 feuilles par personne. Et le meilleur c'est que même les perdants pourront repartir avec un petit lot à la fin. Tout le monde est donc gagnant à la fin :) ",,,woensdag,mercredi,augustus,août,Gepubliceerd,
NIEUW : BINGO !   ,nieuw-bingo-11,6218bc292822d0fe3ce3347b,653ad4ede882f528b327d8f8,6879040888dab74a004f7bcb,false,false,Thu Jul 17 2025 14:09:12 GMT+0000 (Coordinated Universal Time),Thu Jul 17 2025 14:09:12 GMT+0000 (Coordinated Universal Time),Thu Jul 17 2025 14:09:12 GMT+0000 (Coordinated Universal Time),NOUVEAU : BINGO !,,Wed Jul 09 2025 11:30:00 GMT+0000 (Coordinated Universal Time),13:30,16:00,De Harmonie,Per blad / Par feuille : 1,"Georganiseerd door de Bingoclub, kom spelen en maak kans op mooie prijzen. Elk bingoblad kost €1 (het opgehaalde geld wordt geherinvesteerd in nieuwe prijzen), met een maximum van 8 bladen per persoon. En het beste van alles is dat zelfs de verliezers aan het eind een kleine prijs kunnen winnen. Dus uiteindelijk is iedereen een winnaar :) ","Organisé par le Club Bingo, venez jouer pour tenter de remporter de jolis lots. Chaque feuille de Bingo est vendue au prix de 1€ (l'argent récolté est réinvesti dans les nouveaux lots), avec un maximum de 8 feuilles par personne. Et le meilleur c'est que même les perdants pourront repartir avec un petit lot à la fin. Tout le monde est donc gagnant à la fin :) ",,,woensdag,mercredi,augustus,août,Gepubliceerd,
NIEUW : BINGO !    ,nieuw-bingo-12,6218bc292822d0fe3ce3347b,653ad4ede882f528b327d8f8,687904236b6b1b763abfb251,false,false,Thu Jul 17 2025 14:09:39 GMT+0000 (Coordinated Universal Time),Thu Jul 17 2025 14:09:39 GMT+0000 (Coordinated Universal Time),Thu Jul 17 2025 14:09:39 GMT+0000 (Coordinated Universal Time),NOUVEAU : BINGO !,,Wed Jul 16 2025 11:30:00 GMT+0000 (Coordinated Universal Time),13:30,16:00,De Harmonie,Per blad / Par feuille : 1,"Georganiseerd door de Bingoclub, kom spelen en maak kans op mooie prijzen. Elk bingoblad kost €1 (het opgehaalde geld wordt geherinvesteerd in nieuwe prijzen), met een maximum van 8 bladen per persoon. En het beste van alles is dat zelfs de verliezers aan het eind een kleine prijs kunnen winnen. Dus uiteindelijk is iedereen een winnaar :) ","Organisé par le Club Bingo, venez jouer pour tenter de remporter de jolis lots. Chaque feuille de Bingo est vendue au prix de 1€ (l'argent récolté est réinvesti dans les nouveaux lots), avec un maximum de 8 feuilles par personne. Et le meilleur c'est que même les perdants pourront repartir avec un petit lot à la fin. Tout le monde est donc gagnant à la fin :) ",,,woensdag,mercredi,augustus,août,Gepubliceerd,
NIEUW : BINGO !     ,nieuw-bingo-13,6218bc292822d0fe3ce3347b,653ad4ede882f528b327d8f8,6879044009286818a8a6e98d,false,false,Thu Jul 17 2025 14:10:08 GMT+0000 (Coordinated Universal Time),Thu Jul 17 2025 14:10:08 GMT+0000 (Coordinated Universal Time),Thu Jul 17 2025 14:10:08 GMT+0000 (Coordinated Universal Time),NOUVEAU : BINGO !,,Wed Jul 23 2025 11:30:00 GMT+0000 (Coordinated Universal Time),13:30,16:00,De Harmonie,Per blad / Par feuille : 1,"Georganiseerd door de Bingoclub, kom spelen en maak kans op mooie prijzen. Elk bingoblad kost €1 (het opgehaalde geld wordt geherinvesteerd in nieuwe prijzen), met een maximum van 8 bladen per persoon. En het beste van alles is dat zelfs de verliezers aan het eind een kleine prijs kunnen winnen. Dus uiteindelijk is iedereen een winnaar :) ","Organisé par le Club Bingo, venez jouer pour tenter de remporter de jolis lots. Chaque feuille de Bingo est vendue au prix de 1€ (l'argent récolté est réinvesti dans les nouveaux lots), avec un maximum de 8 feuilles par personne. Et le meilleur c'est que même les perdants pourront repartir avec un petit lot à la fin. Tout le monde est donc gagnant à la fin :) ",,,woensdag,mercredi,augustus,août,Gepubliceerd,
NIEUW : BINGO !      ,nieuw-bingo-14,6218bc292822d0fe3ce3347b,653ad4ede882f528b327d8f8,6879045991ae251b4afbad2d,false,false,Thu Jul 17 2025 14:10:33 GMT+0000 (Coordinated Universal Time),Thu Jul 17 2025 14:10:33 GMT+0000 (Coordinated Universal Time),Thu Jul 17 2025 14:10:33 GMT+0000 (Coordinated Universal Time),NOUVEAU : BINGO !,,Wed Jul 30 2025 11:30:00 GMT+0000 (Coordinated Universal Time),13:30,16:00,De Harmonie,Per blad / Par feuille : 1,"Georganiseerd door de Bingoclub, kom spelen en maak kans op mooie prijzen. Elk bingoblad kost €1 (het opgehaalde geld wordt geherinvesteerd in nieuwe prijzen), met een maximum van 8 bladen per persoon. En het beste van alles is dat zelfs de verliezers aan het eind een kleine prijs kunnen winnen. Dus uiteindelijk is iedereen een winnaar :) ","Organisé par le Club Bingo, venez jouer pour tenter de remporter de jolis lots. Chaque feuille de Bingo est vendue au prix de 1€ (l'argent récolté est réinvesti dans les nouveaux lots), avec un maximum de 8 feuilles par personne. Et le meilleur c'est que même les perdants pourront repartir avec un petit lot à la fin. Tout le monde est donc gagnant à la fin :) ",,,woensdag,mercredi,augustus,août,Gepubliceerd,
NIEUW : BINGO !       ,nieuw-bingo-15,6218bc292822d0fe3ce3347b,653ad4ede882f528b327d8f8,68a325f4ccb8f610a3ce4717,false,false,Mon Aug 18 2025 13:09:08 GMT+0000 (Coordinated Universal Time),Tue Aug 26 2025 08:48:20 GMT+0000 (Coordinated Universal Time),Tue Aug 26 2025 08:48:20 GMT+0000 (Coordinated Universal Time),NOUVEAU : BINGO !,,Wed Sep 03 2025 11:30:00 GMT+0000 (Coordinated Universal Time),13:30,16:00,De Harmonie,1 : Per blad / Par feuille,"Georganiseerd door de Bingoclub, kom spelen en maak kans op mooie prijzen. Elk bingoblad kost €1 (het opgehaalde geld wordt geherinvesteerd in nieuwe prijzen), met een maximum van 8 bladen per persoon. En het beste van alles is dat zelfs de verliezers aan het eind een kleine prijs kunnen winnen. Dus uiteindelijk is iedereen een winnaar :) ","Organisé par le Club Bingo, venez jouer pour tenter de remporter de jolis lots. Chaque feuille de Bingo est vendue au prix de 1€ (l'argent récolté est réinvesti dans les nouveaux lots), avec un maximum de 8 feuilles par personne. Et le meilleur c'est que même les perdants pourront repartir avec un petit lot à la fin. Tout le monde est donc gagnant à la fin :) ",,,woensdag,mercredi,september,septembre,Gepubliceerd,
NIEUW : BINGO !        ,nieuw-bingo-16,6218bc292822d0fe3ce3347b,653ad4ede882f528b327d8f8,68a3260af11f9b8b9d31389d,false,false,Mon Aug 18 2025 13:09:30 GMT+0000 (Coordinated Universal Time),Tue Aug 26 2025 08:44:20 GMT+0000 (Coordinated Universal Time),Tue Aug 26 2025 08:44:20 GMT+0000 (Coordinated Universal Time),NOUVEAU : BINGO !,,Wed Sep 10 2025 11:30:00 GMT+0000 (Coordinated Universal Time),13:30,16:00,De Harmonie,1 Per blad / Par feuille,"Georganiseerd door de Bingoclub, kom spelen en maak kans op mooie prijzen. Elk bingoblad kost €1 (het opgehaalde geld wordt geherinvesteerd in nieuwe prijzen), met een maximum van 8 bladen per persoon. En het beste van alles is dat zelfs de verliezers aan het eind een kleine prijs kunnen winnen. Dus uiteindelijk is iedereen een winnaar :) ","Organisé par le Club Bingo, venez jouer pour tenter de remporter de jolis lots. Chaque feuille de Bingo est vendue au prix de 1€ (l'argent récolté est réinvesti dans les nouveaux lots), avec un maximum de 8 feuilles par personne. Et le meilleur c'est que même les perdants pourront repartir avec un petit lot à la fin. Tout le monde est donc gagnant à la fin :) ",,,woensdag,mercredi,september,septembre,Gepubliceerd,
NIEUW : BINGO !        ,nieuw-bingo-17,6218bc292822d0fe3ce3347b,653ad4ede882f528b327d8f8,68a3261c6a3c9820df04d751,false,false,Mon Aug 18 2025 13:09:48 GMT+0000 (Coordinated Universal Time),Tue Aug 26 2025 08:48:00 GMT+0000 (Coordinated Universal Time),Tue Aug 26 2025 08:48:00 GMT+0000 (Coordinated Universal Time),NOUVEAU : BINGO !,,Wed Sep 17 2025 11:30:00 GMT+0000 (Coordinated Universal Time),13:30,16:00,De Harmonie,1 : Per blad / Par feuille,"Georganiseerd door de Bingoclub, kom spelen en maak kans op mooie prijzen. Elk bingoblad kost €1 (het opgehaalde geld wordt geherinvesteerd in nieuwe prijzen), met een maximum van 8 bladen per persoon. En het beste van alles is dat zelfs de verliezers aan het eind een kleine prijs kunnen winnen. Dus uiteindelijk is iedereen een winnaar :) ","Organisé par le Club Bingo, venez jouer pour tenter de remporter de jolis lots. Chaque feuille de Bingo est vendue au prix de 1€ (l'argent récolté est réinvesti dans les nouveaux lots), avec un maximum de 8 feuilles par personne. Et le meilleur c'est que même les perdants pourront repartir avec un petit lot à la fin. Tout le monde est donc gagnant à la fin :) ",,,woensdag,mercredi,september,septembre,Gepubliceerd,
NIEUW - Conversatietafel Brusseleir,nieuw-conversatietafel-brusseleir-9,6218bc292822d0fe3ce3347b,653ad4ede882f528b327d8f8,65844b8c630c94a8f49ccb10,false,false,Thu Dec 21 2023 14:28:28 GMT+0000 (Coordinated Universal Time),Thu Dec 21 2023 14:28:28 GMT+0000 (Coordinated Universal Time),Thu Dec 21 2023 14:31:17 GMT+0000 (Coordinated Universal Time),NOUVEAU - Table de Conversation Brusseleir,,Wed Jan 03 2024 13:00:00 GMT+0000 (Coordinated Universal Time),14:00,15:00,De Harmonie,,Jeannine Hannaert leert je praten zoals thuis :) ,Jeannine Hannaert va vous apprendre à causer comme chez nous :) ,,,woensdag,mercredi,januari,janvier,Gepubliceerd,
NIEUW - De Leopoldsessie: Das Rheingold (Wagner-opera),nieuw-de-leopoldsessie-das-rheingold-wagner-opera,6218bc292822d0fe3ce3347b,653ad4ede882f528b327d8f8,64e726f8d8c6166872fed91e,false,false,Thu Aug 24 2023 09:46:32 GMT+0000 (Coordinated Universal Time),Thu Aug 24 2023 09:46:32 GMT+0000 (Coordinated Universal Time),Thu Aug 24 2023 09:47:51 GMT+0000 (Coordinated Universal Time),NOUVEAU - La Séance de Leopold : Das Rheingold (Opéra de Wagner),,Wed Sep 27 2023 12:00:00 GMT+0000 (Coordinated Universal Time),14:00,,"De Harmonie, bovenzaal",0,In aanloop naar de opvoering van Das Rheingold in De Munt nodigt Léopold je uit voor een vertoning van een oude editie om meer te weten te komen over het werk van Wagner. ,"En prévision de la représentation de Das Rheingold à l'Opera de La Monnaie, Léopold vous propose d'assister à la projection d'une ancienne édition pour aborder en détails l'oeuvre de Wagner. ",,La projection aura lieu dans la grande salle au 1er étage de l'Harmonie,woensdag,mercredi,september,septembre,Gepubliceerd,
"NIEUW : ""Japonisant"" met Deborah",nieuw-japonisant-met-deborah-4,6218bc292822d0fe3ce3347b,653ad4ede882f528b327d8f8,680a241d79d2a40302fde20a,false,false,Thu Apr 24 2025 11:44:29 GMT+0000 (Coordinated Universal Time),Thu Apr 24 2025 11:44:29 GMT+0000 (Coordinated Universal Time),Thu Apr 24 2025 11:44:29 GMT+0000 (Coordinated Universal Time),"NOUVEAU : ""Japonisant"" avec Deborah",,Wed May 21 2025 12:00:00 GMT+0000 (Coordinated Universal Time),14:00,,de Harmonie,,"Een nieuwe activiteit voorgesteld door Deborah, de “Japonisant”-activiteit zal verschillende aspecten ontwikkelen die verband houden met de Japanse cultuur (bordspellen leren, creativiteit, ambachten, literatuur en film).","Nouvelle activité proposée par Deborah, l'activité ""Japonisant"" développera différents aspects en rapport avec la culture Japonaise (apprentissage des jeux de société, créativité, bricolages, littérature et cinéma)",,,woensdag,mercredi,mei,mai,Gepubliceerd,
NIEUW - Leren Brusseleir,nieuw-leren-brusseleir-5,6218bc292822d0fe3ce3347b,653ad4ede882f528b327d8f8,65844ba2a4ce9f894e3968cb,false,false,Thu Dec 21 2023 14:28:50 GMT+0000 (Coordinated Universal Time),Mon Jan 22 2024 12:47:19 GMT+0000 (Coordinated Universal Time),Mon Jan 22 2024 14:21:13 GMT+0000 (Coordinated Universal Time),NOUVEAU - Apprendre le Brusseleir,,Wed Jan 24 2024 09:30:00 GMT+0000 (Coordinated Universal Time),10:30,,De Harmonie,,Leopold laat je kennismaken met je eerste woorden Brusseleir :) ,Leopold va vous faire découvrir vos premiers mots de Brusseleir :) ,,,woensdag,mercredi,januari,janvier,Gepubliceerd,
NIEUW - Oefenen Brusseleir,nieuw-oefenen-brusseleir-5,6218bc292822d0fe3ce3347b,653ad4ede882f528b327d8f8,650ad5af324c1834ecba1aa3,false,false,Wed Sep 20 2023 11:21:19 GMT+0000 (Coordinated Universal Time),Wed Sep 20 2023 11:21:29 GMT+0000 (Coordinated Universal Time),Wed Sep 20 2023 11:21:45 GMT+0000 (Coordinated Universal Time),NOUVEAU - Exercices de Brusseleir,,Wed Oct 11 2023 08:00:00 GMT+0000 (Coordinated Universal Time),10:00,11:00,De Harmonie,,Marc Struyf komt uw Brusseleir oefenen ,Marc Struyf viendra exercer votre Brusseleir ,,,woensdag,mercredi,oktober,octobre,Gepubliceerd,
NIEUW : Zumba ,nieuw-zumba,6218bc292822d0fe3ce3347b,653ad4ede882f528b327d8f8,68d15bd22856d3e9576ab7eb,false,false,Mon Sep 22 2025 14:23:14 GMT+0000 (Coordinated Universal Time),Mon Sep 22 2025 14:23:14 GMT+0000 (Coordinated Universal Time),Mon Sep 22 2025 14:23:14 GMT+0000 (Coordinated Universal Time),NOUVEAU : Zumba,,Fri Sep 26 2025 12:00:00 GMT+0000 (Coordinated Universal Time),14:00,15:00,De Harmonie,1,"Na het vertrek van Thérèse verandert uw wekelijkse gymnastiekles van vorm en locatie: Welkom aan Yasmine, die elke vrijdag van 14 tot 15 uur een Zumba-les zal geven in de zaal boven de Harmonie! ","Suite au départ de Thérèse, votre gymnastique hebdomadaire change de forme et d'adresse : Bienvenue à Yasmine qui animera un cours de Zumba tous les vendredis dans la salle en haut de l'Harmonie de 14 à 15h ! ","Als je nog niet weet wat zumba is, kom dan vrijdag eens kijken, de eerste les is gratis! ","Si vous ne savez pas encore ce qu'est la zumba, venez le découvrir ce vendredi, le premier cours est offert !!! ",vrijdag,vendredi,september,septembre,Gepubliceerd,
NIEUW : Zumba,nieuw-zumba-10,6218bc292822d0fe3ce3347b,653ad4ede882f528b327d8f8,68f76237a1fdc783c4950e71,false,false,Tue Oct 21 2025 10:36:39 GMT+0000 (Coordinated Universal Time),Tue Oct 21 2025 10:36:39 GMT+0000 (Coordinated Universal Time),Tue Oct 21 2025 10:36:39 GMT+0000 (Coordinated Universal Time),NOUVEAU : Zumba,,Fri Nov 28 2025 13:00:00 GMT+0000 (Coordinated Universal Time),14:00,15:00,De Harmonie,1,"Na het vertrek van Thérèse verandert uw wekelijkse gymnastiekles van vorm en locatie: Welkom aan Yasmine, die elke vrijdag van 14 tot 15 uur een Zumba-les zal geven in de zaal boven de Harmonie! ","Suite au départ de Thérèse, votre gymnastique hebdomadaire change de forme et d'adresse : Bienvenue à Yasmine qui animera un cours de Zumba tous les vendredis dans la salle en haut de l'Harmonie de 14 à 15h ! ","Als je nog niet weet wat zumba is, kom dan vrijdag eens kijken, de eerste les is gratis! ","Si vous ne savez pas encore ce qu'est la zumba, venez le découvrir ce vendredi, le premier cours est offert !!! ",vrijdag,vendredi,november,novembre,Gepubliceerd,
🤸🏻 Zumba 🤸🏻,nieuw-zumba-11,6218bc292822d0fe3ce3347b,653ad4ede882f528b327d8f8,692dae40731079f3bdfe62b9,false,false,Mon Dec 01 2025 15:03:28 GMT+0000 (Coordinated Universal Time),Tue Dec 02 2025 14:06:12 GMT+0000 (Coordinated Universal Time),Tue Dec 02 2025 14:06:12 GMT+0000 (Coordinated Universal Time),🤸🏻 Zumba 🤸🏻,,Fri Dec 05 2025 13:00:00 GMT+0000 (Coordinated Universal Time),14:00,15:00,De Harmonie,1,"Na het vertrek van Thérèse verandert uw wekelijkse gymnastiekles van vorm en locatie: Welkom aan Yasmine, die elke vrijdag van 14 tot 15 uur een Zumba-les zal geven in de zaal boven de Harmonie! ","Suite au départ de Thérèse, votre gymnastique hebdomadaire change de forme et d'adresse : Bienvenue à Yasmine qui animera un cours de Zumba tous les vendredis dans la salle en haut de l'Harmonie de 14 à 15h ! ","Als je nog niet weet wat zumba is, kom dan vrijdag eens kijken, de eerste les is gratis! ","Si vous ne savez pas encore ce qu'est la zumba, venez le découvrir ce vendredi, le premier cours est offert !!! ",vrijdag,vendredi,december,decembre,Gepubliceerd,
🤸🏻 Zumba 🤸🏻,nieuw-zumba-12,6218bc292822d0fe3ce3347b,653ad4ede882f528b327d8f8,692dae4e0b9832208b2b5f98,false,false,Mon Dec 01 2025 15:03:42 GMT+0000 (Coordinated Universal Time),Tue Dec 02 2025 14:05:37 GMT+0000 (Coordinated Universal Time),Tue Dec 02 2025 14:05:37 GMT+0000 (Coordinated Universal Time),🤸🏻 Zumba 🤸🏻,,Fri Dec 12 2025 13:00:00 GMT+0000 (Coordinated Universal Time),14:00,15:00,De Harmonie,1,"Na het vertrek van Thérèse verandert uw wekelijkse gymnastiekles van vorm en locatie: Welkom aan Yasmine, die elke vrijdag van 14 tot 15 uur een Zumba-les zal geven in de zaal boven de Harmonie! ","Suite au départ de Thérèse, votre gymnastique hebdomadaire change de forme et d'adresse : Bienvenue à Yasmine qui animera un cours de Zumba tous les vendredis dans la salle en haut de l'Harmonie de 14 à 15h ! ","Als je nog niet weet wat zumba is, kom dan vrijdag eens kijken, de eerste les is gratis! ","Si vous ne savez pas encore ce qu'est la zumba, venez le découvrir ce vendredi, le premier cours est offert !!! ",vrijdag,vendredi,december,decembre,Gepubliceerd,
🤸🏻 Zumba 🤸🏻,nieuw-zumba-13,6218bc292822d0fe3ce3347b,653ad4ede882f528b327d8f8,692dae5db72c1fc91f675c1f,false,false,Mon Dec 01 2025 15:03:57 GMT+0000 (Coordinated Universal Time),Tue Dec 02 2025 14:05:54 GMT+0000 (Coordinated Universal Time),Tue Dec 02 2025 14:05:54 GMT+0000 (Coordinated Universal Time),🤸🏻 Zumba 🤸🏻,,Fri Dec 19 2025 13:00:00 GMT+0000 (Coordinated Universal Time),14:00,15:00,De Harmonie,1,"Na het vertrek van Thérèse verandert uw wekelijkse gymnastiekles van vorm en locatie: Welkom aan Yasmine, die elke vrijdag van 14 tot 15 uur een Zumba-les zal geven in de zaal boven de Harmonie! ","Suite au départ de Thérèse, votre gymnastique hebdomadaire change de forme et d'adresse : Bienvenue à Yasmine qui animera un cours de Zumba tous les vendredis dans la salle en haut de l'Harmonie de 14 à 15h ! ","Als je nog niet weet wat zumba is, kom dan vrijdag eens kijken, de eerste les is gratis! ","Si vous ne savez pas encore ce qu'est la zumba, venez le découvrir ce vendredi, le premier cours est offert !!! ",vrijdag,vendredi,december,decembre,Gepubliceerd,
🤸🏻 Zumba 🤸🏻 Copy,nieuw-zumba-13-copy,6218bc292822d0fe3ce3347b,653ad4ede882f528b327d8f8,695d1e99929778a24f8d81b9,false,false,Tue Jan 06 2026 14:39:21 GMT+0000 (Coordinated Universal Time),Wed Jan 07 2026 09:35:31 GMT+0000 (Coordinated Universal Time),Mon Mar 09 2026 10:43:46 GMT+0000 (Coordinated Universal Time),🤸🏻 Zumba 🤸🏻,,Fri Jan 09 2026 13:00:00 GMT+0000 (Coordinated Universal Time),14:00,15:00,De Harmonie,1,"Na het vertrek van Thérèse verandert uw wekelijkse gymnastiekles van vorm en locatie: Welkom aan Yasmine, die elke vrijdag van 14 tot 15 uur een Zumba-les zal geven in de zaal boven de Harmonie! ","Suite au départ de Thérèse, votre gymnastique hebdomadaire change de forme et d'adresse : Bienvenue à Yasmine qui animera un cours de Zumba tous les vendredis dans la salle en haut de l'Harmonie de 14 à 15h ! ","Als je nog niet weet wat zumba is, kom dan vrijdag eens kijken, de eerste les is gratis! ","Si vous ne savez pas encore ce qu'est la zumba, venez le découvrir ce vendredi, le premier cours est offert !!! ",vrijdag,vendredi,januari,janvier,Gepubliceerd,
🤸🏻 Zumba 🤸🏻 Copy 2,nieuw-zumba-13-copy-2,6218bc292822d0fe3ce3347b,653ad4ede882f528b327d8f8,695d1ea7c7c641e30737c5c3,false,false,Tue Jan 06 2026 14:39:35 GMT+0000 (Coordinated Universal Time),Wed Jan 07 2026 09:35:26 GMT+0000 (Coordinated Universal Time),Mon Mar 09 2026 10:43:46 GMT+0000 (Coordinated Universal Time),🤸🏻 Zumba 🤸🏻,,Fri Jan 16 2026 13:00:00 GMT+0000 (Coordinated Universal Time),14:00,15:00,De Harmonie,1,"Na het vertrek van Thérèse verandert uw wekelijkse gymnastiekles van vorm en locatie: Welkom aan Yasmine, die elke vrijdag van 14 tot 15 uur een Zumba-les zal geven in de zaal boven de Harmonie! ","Suite au départ de Thérèse, votre gymnastique hebdomadaire change de forme et d'adresse : Bienvenue à Yasmine qui animera un cours de Zumba tous les vendredis dans la salle en haut de l'Harmonie de 14 à 15h ! ","Als je nog niet weet wat zumba is, kom dan vrijdag eens kijken, de eerste les is gratis! ","Si vous ne savez pas encore ce qu'est la zumba, venez le découvrir ce vendredi, le premier cours est offert !!! ",vrijdag,vendredi,januari,janvier,Gepubliceerd,
🤸🏻 Zumba 🤸🏻 Copy 3,nieuw-zumba-13-copy-3,6218bc292822d0fe3ce3347b,653ad4ede882f528b327d8f8,695d1ebad1b6185d6c089681,false,false,Tue Jan 06 2026 14:39:54 GMT+0000 (Coordinated Universal Time),Wed Jan 07 2026 09:35:19 GMT+0000 (Coordinated Universal Time),Mon Mar 09 2026 10:43:46 GMT+0000 (Coordinated Universal Time),🤸🏻 Zumba 🤸🏻,,Fri Jan 23 2026 13:00:00 GMT+0000 (Coordinated Universal Time),14:00,15:00,De Harmonie,1,"Na het vertrek van Thérèse verandert uw wekelijkse gymnastiekles van vorm en locatie: Welkom aan Yasmine, die elke vrijdag van 14 tot 15 uur een Zumba-les zal geven in de zaal boven de Harmonie! ","Suite au départ de Thérèse, votre gymnastique hebdomadaire change de forme et d'adresse : Bienvenue à Yasmine qui animera un cours de Zumba tous les vendredis dans la salle en haut de l'Harmonie de 14 à 15h ! ","Als je nog niet weet wat zumba is, kom dan vrijdag eens kijken, de eerste les is gratis! ","Si vous ne savez pas encore ce qu'est la zumba, venez le découvrir ce vendredi, le premier cours est offert !!! ",vrijdag,vendredi,januari,janvier,Gepubliceerd,
🤸🏻 Zumba 🤸🏻 Copy 4,nieuw-zumba-13-copy-4,6218bc292822d0fe3ce3347b,653ad4ede882f528b327d8f8,695d1ecd2cf08e873b282696,false,true,Tue Jan 06 2026 14:40:13 GMT+0000 (Coordinated Universal Time),Wed Jan 07 2026 11:43:36 GMT+0000 (Coordinated Universal Time),,🤸🏻 Zumba 🤸🏻,,Fri Jan 30 2026 13:00:00 GMT+0000 (Coordinated Universal Time),14:00,15:00,De Harmonie,1,"Na het vertrek van Thérèse verandert uw wekelijkse gymnastiekles van vorm en locatie: Welkom aan Yasmine, die elke vrijdag van 14 tot 15 uur een Zumba-les zal geven in de zaal boven de Harmonie! ","Suite au départ de Thérèse, votre gymnastique hebdomadaire change de forme et d'adresse : Bienvenue à Yasmine qui animera un cours de Zumba tous les vendredis dans la salle en haut de l'Harmonie de 14 à 15h ! ","Als je nog niet weet wat zumba is, kom dan vrijdag eens kijken, de eerste les is gratis! ","Si vous ne savez pas encore ce qu'est la zumba, venez le découvrir ce vendredi, le premier cours est offert !!! ",vrijdag,vendredi,januari,janvier,Gepubliceerd,
NIEUW : Zumba,nieuw-zumba-2,6218bc292822d0fe3ce3347b,653ad4ede882f528b327d8f8,68d15bf7ed3a5aeaa68f2d9a,false,false,Mon Sep 22 2025 14:23:51 GMT+0000 (Coordinated Universal Time),Mon Sep 22 2025 14:23:51 GMT+0000 (Coordinated Universal Time),Mon Sep 22 2025 14:23:51 GMT+0000 (Coordinated Universal Time),NOUVEAU : Zumba,,Fri Oct 03 2025 12:00:00 GMT+0000 (Coordinated Universal Time),14:00,15:00,De Harmonie,1,"Na het vertrek van Thérèse verandert uw wekelijkse gymnastiekles van vorm en locatie: Welkom aan Yasmine, die elke vrijdag van 14 tot 15 uur een Zumba-les zal geven in de zaal boven de Harmonie! ","Suite au départ de Thérèse, votre gymnastique hebdomadaire change de forme et d'adresse : Bienvenue à Yasmine qui animera un cours de Zumba tous les vendredis dans la salle en haut de l'Harmonie de 14 à 15h ! ","Als je nog niet weet wat zumba is, kom dan vrijdag eens kijken, de eerste les is gratis! ","Si vous ne savez pas encore ce qu'est la zumba, venez le découvrir ce vendredi, le premier cours est offert !!! ",vrijdag,vendredi,oktober,octobre,Gepubliceerd,
NIEUW : Zumba,nieuw-zumba-3,6218bc292822d0fe3ce3347b,653ad4ede882f528b327d8f8,68d15c1062cc75743b87be2a,false,false,Mon Sep 22 2025 14:24:16 GMT+0000 (Coordinated Universal Time),Mon Sep 22 2025 14:24:16 GMT+0000 (Coordinated Universal Time),Mon Sep 22 2025 14:24:16 GMT+0000 (Coordinated Universal Time),NOUVEAU : Zumba,,Fri Oct 10 2025 12:00:00 GMT+0000 (Coordinated Universal Time),14:00,15:00,De Harmonie,1,"Na het vertrek van Thérèse verandert uw wekelijkse gymnastiekles van vorm en locatie: Welkom aan Yasmine, die elke vrijdag van 14 tot 15 uur een Zumba-les zal geven in de zaal boven de Harmonie! ","Suite au départ de Thérèse, votre gymnastique hebdomadaire change de forme et d'adresse : Bienvenue à Yasmine qui animera un cours de Zumba tous les vendredis dans la salle en haut de l'Harmonie de 14 à 15h ! ","Als je nog niet weet wat zumba is, kom dan vrijdag eens kijken, de eerste les is gratis! ","Si vous ne savez pas encore ce qu'est la zumba, venez le découvrir ce vendredi, le premier cours est offert !!! ",vrijdag,vendredi,oktober,octobre,Gepubliceerd,
NIEUW : Zumba,nieuw-zumba-4,6218bc292822d0fe3ce3347b,653ad4ede882f528b327d8f8,68d15c1fffc9e961d2f97bf4,false,false,Mon Sep 22 2025 14:24:31 GMT+0000 (Coordinated Universal Time),Mon Sep 22 2025 14:24:31 GMT+0000 (Coordinated Universal Time),Mon Sep 22 2025 14:24:31 GMT+0000 (Coordinated Universal Time),NOUVEAU : Zumba,,Fri Oct 17 2025 12:00:00 GMT+0000 (Coordinated Universal Time),14:00,15:00,De Harmonie,1,"Na het vertrek van Thérèse verandert uw wekelijkse gymnastiekles van vorm en locatie: Welkom aan Yasmine, die elke vrijdag van 14 tot 15 uur een Zumba-les zal geven in de zaal boven de Harmonie! ","Suite au départ de Thérèse, votre gymnastique hebdomadaire change de forme et d'adresse : Bienvenue à Yasmine qui animera un cours de Zumba tous les vendredis dans la salle en haut de l'Harmonie de 14 à 15h ! ","Als je nog niet weet wat zumba is, kom dan vrijdag eens kijken, de eerste les is gratis! ","Si vous ne savez pas encore ce qu'est la zumba, venez le découvrir ce vendredi, le premier cours est offert !!! ",vrijdag,vendredi,oktober,octobre,Gepubliceerd,
NIEUW : Zumba,nieuw-zumba-5,6218bc292822d0fe3ce3347b,653ad4ede882f528b327d8f8,68d15c345235e1e52af37a8e,false,false,Mon Sep 22 2025 14:24:52 GMT+0000 (Coordinated Universal Time),Mon Sep 22 2025 14:24:52 GMT+0000 (Coordinated Universal Time),Mon Sep 22 2025 14:24:52 GMT+0000 (Coordinated Universal Time),NOUVEAU : Zumba,,Fri Oct 24 2025 12:00:00 GMT+0000 (Coordinated Universal Time),14:00,15:00,De Harmonie,1,"Na het vertrek van Thérèse verandert uw wekelijkse gymnastiekles van vorm en locatie: Welkom aan Yasmine, die elke vrijdag van 14 tot 15 uur een Zumba-les zal geven in de zaal boven de Harmonie! ","Suite au départ de Thérèse, votre gymnastique hebdomadaire change de forme et d'adresse : Bienvenue à Yasmine qui animera un cours de Zumba tous les vendredis dans la salle en haut de l'Harmonie de 14 à 15h ! ","Als je nog niet weet wat zumba is, kom dan vrijdag eens kijken, de eerste les is gratis! ","Si vous ne savez pas encore ce qu'est la zumba, venez le découvrir ce vendredi, le premier cours est offert !!! ",vrijdag,vendredi,oktober,octobre,Gepubliceerd,
NIEUW : Zumba,nieuw-zumba-6,6218bc292822d0fe3ce3347b,653ad4ede882f528b327d8f8,68d15c422856d3e9576b1a2c,false,false,Mon Sep 22 2025 14:25:06 GMT+0000 (Coordinated Universal Time),Mon Sep 22 2025 14:25:06 GMT+0000 (Coordinated Universal Time),Mon Sep 22 2025 14:25:06 GMT+0000 (Coordinated Universal Time),NOUVEAU : Zumba,,Fri Oct 31 2025 13:00:00 GMT+0000 (Coordinated Universal Time),14:00,15:00,De Harmonie,1,"Na het vertrek van Thérèse verandert uw wekelijkse gymnastiekles van vorm en locatie: Welkom aan Yasmine, die elke vrijdag van 14 tot 15 uur een Zumba-les zal geven in de zaal boven de Harmonie! ","Suite au départ de Thérèse, votre gymnastique hebdomadaire change de forme et d'adresse : Bienvenue à Yasmine qui animera un cours de Zumba tous les vendredis dans la salle en haut de l'Harmonie de 14 à 15h ! ","Als je nog niet weet wat zumba is, kom dan vrijdag eens kijken, de eerste les is gratis! ","Si vous ne savez pas encore ce qu'est la zumba, venez le découvrir ce vendredi, le premier cours est offert !!! ",vrijdag,vendredi,oktober,octobre,Gepubliceerd,
NIEUW : Zumba ,nieuw-zumba-7,6218bc292822d0fe3ce3347b,653ad4ede882f528b327d8f8,68f76202d9e9e70b9228d2a6,false,false,Tue Oct 21 2025 10:35:46 GMT+0000 (Coordinated Universal Time),Tue Oct 21 2025 10:35:46 GMT+0000 (Coordinated Universal Time),Tue Oct 21 2025 10:35:46 GMT+0000 (Coordinated Universal Time),NOUVEAU : Zumba,,Fri Nov 07 2025 13:00:00 GMT+0000 (Coordinated Universal Time),14:00,15:00,De Harmonie,1,"Na het vertrek van Thérèse verandert uw wekelijkse gymnastiekles van vorm en locatie: Welkom aan Yasmine, die elke vrijdag van 14 tot 15 uur een Zumba-les zal geven in de zaal boven de Harmonie! ","Suite au départ de Thérèse, votre gymnastique hebdomadaire change de forme et d'adresse : Bienvenue à Yasmine qui animera un cours de Zumba tous les vendredis dans la salle en haut de l'Harmonie de 14 à 15h ! ","Als je nog niet weet wat zumba is, kom dan vrijdag eens kijken, de eerste les is gratis! ","Si vous ne savez pas encore ce qu'est la zumba, venez le découvrir ce vendredi, le premier cours est offert !!! ",vrijdag,vendredi,november,novembre,Gepubliceerd,
NIEUW : Zumba,nieuw-zumba-8,6218bc292822d0fe3ce3347b,653ad4ede882f528b327d8f8,68f762161f03a9c417f49210,false,false,Tue Oct 21 2025 10:36:06 GMT+0000 (Coordinated Universal Time),Tue Oct 21 2025 10:36:06 GMT+0000 (Coordinated Universal Time),Tue Oct 21 2025 10:36:06 GMT+0000 (Coordinated Universal Time),NOUVEAU : Zumba,,Fri Nov 14 2025 13:00:00 GMT+0000 (Coordinated Universal Time),14:00,15:00,De Harmonie,1,"Na het vertrek van Thérèse verandert uw wekelijkse gymnastiekles van vorm en locatie: Welkom aan Yasmine, die elke vrijdag van 14 tot 15 uur een Zumba-les zal geven in de zaal boven de Harmonie! ","Suite au départ de Thérèse, votre gymnastique hebdomadaire change de forme et d'adresse : Bienvenue à Yasmine qui animera un cours de Zumba tous les vendredis dans la salle en haut de l'Harmonie de 14 à 15h ! ","Als je nog niet weet wat zumba is, kom dan vrijdag eens kijken, de eerste les is gratis! ","Si vous ne savez pas encore ce qu'est la zumba, venez le découvrir ce vendredi, le premier cours est offert !!! ",vrijdag,vendredi,november,novembre,Gepubliceerd,
NIEUW : Zumba,nieuw-zumba-9,6218bc292822d0fe3ce3347b,653ad4ede882f528b327d8f8,68f76227bf1f2b7d002243b0,false,false,Tue Oct 21 2025 10:36:23 GMT+0000 (Coordinated Universal Time),Tue Oct 21 2025 10:36:23 GMT+0000 (Coordinated Universal Time),Tue Oct 21 2025 10:36:23 GMT+0000 (Coordinated Universal Time),NOUVEAU : Zumba,,Fri Nov 21 2025 13:00:00 GMT+0000 (Coordinated Universal Time),14:00,15:00,De Harmonie,1,"Na het vertrek van Thérèse verandert uw wekelijkse gymnastiekles van vorm en locatie: Welkom aan Yasmine, die elke vrijdag van 14 tot 15 uur een Zumba-les zal geven in de zaal boven de Harmonie! ","Suite au départ de Thérèse, votre gymnastique hebdomadaire change de forme et d'adresse : Bienvenue à Yasmine qui animera un cours de Zumba tous les vendredis dans la salle en haut de l'Harmonie de 14 à 15h ! ","Als je nog niet weet wat zumba is, kom dan vrijdag eens kijken, de eerste les is gratis! ","Si vous ne savez pas encore ce qu'est la zumba, venez le découvrir ce vendredi, le premier cours est offert !!! ",vrijdag,vendredi,november,novembre,Gepubliceerd,
Nieuwjaardrink,nieuwjaardrink,6218bc292822d0fe3ce3347b,653ad4ede882f528b327d8f8,63ac0d9a3605a4207b0bb936,false,false,Wed Dec 28 2022 09:34:18 GMT+0000 (Coordinated Universal Time),Wed Dec 28 2022 09:34:18 GMT+0000 (Coordinated Universal Time),Wed Dec 28 2022 09:48:14 GMT+0000 (Coordinated Universal Time),Drink de Nouvel An,,Tue Jan 10 2023 13:00:00 GMT+0000 (Coordinated Universal Time),14:00,16:00,De Harmonie,,Laten we samenkomen om het nieuwe jaar te vieren en de beste wensen uit te wisselen !,Retrouvons-nous pour célébrer la nouvelle année et échanger nos meilleurs voeux !,,,dinsdag,mardi,januari,janvier,Gepubliceerd,
Nieuwjaarsdiner,nieuwjaarsdiner,6218bc292822d0fe3ce3347b,653ad4ede882f528b327d8f8,65705241c5770d14d5d0b15d,false,false,Wed Dec 06 2023 10:51:45 GMT+0000 (Coordinated Universal Time),Fri Dec 15 2023 14:32:55 GMT+0000 (Coordinated Universal Time),Fri Dec 15 2023 14:33:03 GMT+0000 (Coordinated Universal Time),Diner de Nouvel An,,Thu Jan 04 2024 11:00:00 GMT+0000 (Coordinated Universal Time),12:00,,De Harmonie,15,"Dit jaar vieren we Nieuwjaar met onze grote feestmaaltijd. Menu : Nieuwjaarsaperitief
Romige Aspergesoep
Duivelse Scampi’s
Eendenborst met Gebraiseerde Witloof en Dennenappel-kroketjes
Banana Split
","Cette année nous mettons le Nouvel An à l'honneur pour notre grand repas de fête. Au Menu : Apéritif du nouvel An
Velouté d'Asperges
Scampis à la Diable
Magret de Canard Accompagné de Chicon Braisé et Pommes Pins
Banana Split
",Reserveren verplicht. ,Sur réservation. ,donderdag,jeudi,januari,janvier,Gepubliceerd,
Nieuwjaarsdrink 2025,nieuwjaarsdrink-2025,6218bc292822d0fe3ce3347b,653ad4ede882f528b327d8f8,676d3e89580c284746fd3591,false,false,Thu Dec 26 2024 11:31:21 GMT+0000 (Coordinated Universal Time),Thu Dec 26 2024 11:31:21 GMT+0000 (Coordinated Universal Time),Thu Dec 26 2024 11:31:21 GMT+0000 (Coordinated Universal Time),Verre de l'amitié 2025,,Thu Jan 02 2025 11:00:00 GMT+0000 (Coordinated Universal Time),12:00,,De Harmonie,,"Om het nieuwe jaar in harmonie goed te beginnen, nodigen we je uit om samen een glas champagne te drinken, in een geest van vreugde en goed humeur.","Pour bien débuter l'année en harmonie, nous vous invitons à partager une petite coupe de champagne tous ensemble dans la joie et la bonne humeur.",,,donderdag,jeudi,januari,janvier,Gepubliceerd,
Noordwijk Feest,noordwijk-feest,6218bc292822d0fe3ce3347b,653ad4ede882f528b327d8f8,64e729f2a842930b0bbcd4a2,false,false,Thu Aug 24 2023 09:59:14 GMT+0000 (Coordinated Universal Time),Thu Aug 24 2023 09:59:14 GMT+0000 (Coordinated Universal Time),Thu Aug 24 2023 09:59:19 GMT+0000 (Coordinated Universal Time),Fête du Quartier Nord,,Sat Sep 30 2023 08:00:00 GMT+0000 (Coordinated Universal Time),,,Noordwijk,,De hele buurt viert feest ! Binnenkort meer informatie :),Tout le quartier sera en fête ! Bientôt plus d'informations :) ,,,zaterdag,samedi,september,septembre,Gepubliceerd,
"Onafhankelijkheidsdag van Congo ""Dipenda""",onafhankelijkheidsdag-van-congo-dipenda-2,6218bc292822d0fe3ce3347b,653ad4ede882f528b327d8f8,68356e8e5818393bd5d8a83b,false,false,Tue May 27 2025 07:49:34 GMT+0000 (Coordinated Universal Time),Tue May 27 2025 07:49:34 GMT+0000 (Coordinated Universal Time),Tue May 27 2025 07:49:34 GMT+0000 (Coordinated Universal Time),"Fête de l'Indépendance du Congo ""Dipenda""",,Fri Jun 27 2025 07:00:00 GMT+0000 (Coordinated Universal Time),,,De Harmonie,,"Deze dag, georganiseerd op initiatief van Gonnard, wil 2 gemeenschappen samenbrengen: de Congolezen in België en de Belgen die in Congo woonden (voor of na de onafhankelijkheid) om verhalen en anekdotes uit te wisselen over de relatie tussen onze 2 landen. Concerten, traditionele gerechten, zoete aardappelfrietjes in de namiddag, enz. De Harmonie nodigt u uit voor een echt feest! ","Organisée à l'initiative de Gonnard, cette journée vise la réunion de 2 communautés : les Congolais de Belgique et les Belges ayant résidé au Congo (avant ou après l'indépendance) afin de pouvoir échanger histoires et anecdotes sur la relation entre nos 2 pays. Concerts, plat traditionnel, frites de patates douces durant l'après-midi, etc. C'est à une vraie fête que vous convie De Harmonie ! ",,,vrijdag,vendredi,juni,juin,Gepubliceerd,
ONTMOETING VOOR DE ZEE 2025 !,ontmoeting-voor-de-zee-2025,6218bc292822d0fe3ce3347b,653ad4ede882f528b327d8f8,6847ff1c9580a258a01f13d7,false,false,Tue Jun 10 2025 09:47:08 GMT+0000 (Coordinated Universal Time),Tue Jun 10 2025 09:47:08 GMT+0000 (Coordinated Universal Time),Tue Jun 10 2025 09:47:08 GMT+0000 (Coordinated Universal Time),RÉUNION POUR LA MER 2025 !,,Mon Jun 16 2025 08:30:00 GMT+0000 (Coordinated Universal Time),10:30,11:00,"De Harmonie, salle du haut",,"Hier zijn we weer met de vaste prijs, transfergegevens, begeleiders, ALLES! Ter herinnering, we vertrekken van 8 tot 12 september en er zijn nog plaatsen beschikbaar :)","Nous revoilà avec le prix fixé, les coordonnées de virement, les accompagnateurs, TOUT ! Pour rappel nous partons du 8 au 12 septembre et il reste de la place :) ",,,maandag,lundi,juni,juin,Gepubliceerd,
OP WEG NAAR ZEE : LAATSTE OPROEP !!!,op-weg-naar-zee-laatste-oproep,6218bc292822d0fe3ce3347b,653ad4ede882f528b327d8f8,6643374af13d2bd1e136cdf8,false,false,Tue May 14 2024 10:04:58 GMT+0000 (Coordinated Universal Time),Tue May 14 2024 10:04:58 GMT+0000 (Coordinated Universal Time),Tue May 14 2024 10:05:03 GMT+0000 (Coordinated Universal Time),DÉPART A LA MER : DERNIER APPEL !!!,,Tue May 21 2024 07:00:00 GMT+0000 (Coordinated Universal Time),,,NIEUPOORT,350-410,"Er zijn al 40 van jullie geboekt voor de reis naar Nieupoort van 2 tot 6 september. Het hotel vertelde me dat alle eenpersoonskamers nu vol zijn, maar er zijn nog een paar tweepersoonskamers beschikbaar. Laat het ons zo snel mogelijk weten als je mee wilt, want we kunnen niet garanderen dat er daarna nog plek is.","Vous êtes déjà 40 pour le voyage qui aura lieu du 2 au 6 septembre à Nieupoort. L'hôtel m'indique que dorénavant toutes les chambres singles sont complètes, il reste quelques chambres doubles encore disponibles. Merci de nous dire au plus vite si vous désirez vous joindre à nous, après nous ne pouvons pas vous garantir qu'il restera de la place. ",,,disndag,mardi,mei,mai,Gepubliceerd,
"OPERA : ""La Périchole"" van Jacques Offenbach (Luik)",opera-la-perichole-van-jacques-offenbach-luik,6218bc292822d0fe3ce3347b,653ad4ede882f528b327d8f8,674852864aed749638bda3db,false,false,Thu Nov 28 2024 11:22:46 GMT+0000 (Coordinated Universal Time),Thu Nov 28 2024 11:22:46 GMT+0000 (Coordinated Universal Time),Thu Nov 28 2024 11:22:51 GMT+0000 (Coordinated Universal Time),"OPERA : ""La Périchole"" de Jacques Offenbach (Liège)",,Sun Dec 22 2024 14:00:00 GMT+0000 (Coordinated Universal Time),15:00,,Opéra Royal de Wallonie - Liège,1.25,"In Lima rond 1770 zet de onderkoning van Peru, Don Andrès, een verzamelaar van vrouwelijke veroveringen, zijn zinnen op La Périchole, een arme straatzangeres. Ze verlaat haar trieste toestand en haar minnaar Piquillo om in het paleis te gaan wonen. Maar om een officiële maîtresse te worden, moet ze getrouwd zijn! Piquillo, die op de loer ligt, wordt uitgekozen en stemt er in een dronken bui mee in om het masker van een valse echtgenoot op zich te nemen...","À Lima vers 1770, le vice-roi du Pérou, Don Andrès, collectionneur de conquêtes féminines, jette son dévolu sur la Périchole, une pauvre chanteuse des rues. Elle quitte sa triste condition et son amant Piquillo pour s’installer au palais. Mais pour devenir maîtresse officielle, elle doit être mariée ! Piquillo, rôdant dans les parages, est désigné et accepte, dans les brumes de l’ivresse, d’endosser le masque du faux mari…",Treinreis naar Luik. Neem contact op met Leopold of Bianca voor dienstregelingen. ,Voyage en train jusque Liège. Contacter Leopold ou Bianca pour les horaires. ,zondag,dimanche,december,decembre,Gepubliceerd,
Origami met Elena Ortiz,origami-met-elena-ortiz,6218bc292822d0fe3ce3347b,653ad4ede882f528b327d8f8,67bdabf28ac878af32c71ec8,false,false,Tue Feb 25 2025 11:39:30 GMT+0000 (Coordinated Universal Time),Tue Feb 25 2025 11:39:30 GMT+0000 (Coordinated Universal Time),Tue Feb 25 2025 11:39:30 GMT+0000 (Coordinated Universal Time),Origami avec Elena Ortiz,,Mon Mar 17 2025 13:00:00 GMT+0000 (Coordinated Universal Time),14:00,16:00,de Harmonie,,Ter gelegenheid van de 80e verjaardag van het atoombombardement op Hiroshima nodigt Elena je uit om deel te nemen aan een herdenkingsactie door zoveel mogelijk origami kraanvogels te vouwen. Deze zullen naar het Hiroshima Peace Memorial worden gestuurd. ,"À l'occasion de la commémoration des 80 ans de la bombe atomique sur Hiroshima, Elena vous propose de participer à une action de mémoire en pliant le plus grand nombre de grues en origami. Celles-ci seront envoyées au Mémorial de la Paix à Hiroshima. ",,,maandag,lundi,maart,mars,Gepubliceerd,
Panelvergadering openbare Netheid in de Noordwijk,panelvergadering-openbare-netheid-in-de-noordwijk,6218bc292822d0fe3ce3347b,653ad4ede882f528b327d8f8,656726bfce9be79ea23fdcd6,false,false,Wed Nov 29 2023 11:55:43 GMT+0000 (Coordinated Universal Time),Wed Nov 29 2023 11:55:43 GMT+0000 (Coordinated Universal Time),Wed Nov 29 2023 11:55:49 GMT+0000 (Coordinated Universal Time),Réunion publique sur la propreté dans le quartier nord,,Thu Dec 07 2023 16:00:00 GMT+0000 (Coordinated Universal Time),17:00,20:00,De Harmonie,,"Momenteel werken wij, de dienst Openbare Netheid van Stad Brussel, aan een lokaal netheidsplan voor de Noordwijk, in samenwerking met gespecialiseerde adviesbureaus (RDC Environment en Espace Environnement asbl) die ons daarbij begeleiden. Daarom willen wij u bij dit proces betrekken door u uit te nodigen om deel uit te maken van ons panel van plaatselijke belanghebbenden. Dit panel, dat is samengesteld uit een aanzienlijk deel van de actieve krachten van de gemeente, zal tijdens de uitwerking van het lokale netheidsplan bijeenkomen om nieuwe ideeën en mogelijke oplossingen aan te dragen om de bovengenoemde problemen beter te beheren of zelfs om ze in de toekomst te vermijden. ","Nous, le Service de la propreté publique de la Ville de Bruxelles, travaillons actuellement à l'élaboration d'un plan local de propreté pour le Quartier Nord, en collaboration avec des bureaux d'études spécialisés (RDC Environnement et Espace Environnement asbl) qui nous accompagnent dans cette démarche. Nous souhaitons donc vous associer à cette démarche en vous invitant à rejoindre notre panel d'acteurs locaux. Ce panel, composé d'une partie importante des forces vives de la commune, se réunira dans le cadre de l'élaboration du plan local de propreté afin de proposer de nouvelles idées et des solutions possibles pour mieux gérer les problèmes évoqués ci-dessus, voire les éviter à l'avenir. ",,,donderdag,jeudi,december,decembre,Gepubliceerd,
Pannenkoekendag,pannenkoekendag-3,6218bc292822d0fe3ce3347b,653ad4ede882f528b327d8f8,6788fafdea95042e07c85166,false,false,Thu Jan 16 2025 12:26:37 GMT+0000 (Coordinated Universal Time),Thu Jan 16 2025 12:26:37 GMT+0000 (Coordinated Universal Time),Thu Jan 16 2025 12:26:37 GMT+0000 (Coordinated Universal Time),Fête de la Chandeleur,,Mon Feb 03 2025 13:00:00 GMT+0000 (Coordinated Universal Time),,,De Harmonie,,Bewaar ruimte voor het dessert: het is pannenkoekendag :) ,Gardez de la place pour le dessert : c'est le jour des crèpes :) ,,,maandag,lundi,februari,février,Gepubliceerd,
Petanque Indoor,petanque-indoor-56,6218bc292822d0fe3ce3347b,653ad4ede882f528b327d8f8,6717776cc963df20edd89fe2,false,false,Tue Oct 22 2024 09:59:08 GMT+0000 (Coordinated Universal Time),Tue Oct 22 2024 09:59:08 GMT+0000 (Coordinated Universal Time),Tue Oct 22 2024 10:21:08 GMT+0000 (Coordinated Universal Time),Pétanque à l'intérieur,140,Tue Nov 26 2024 13:00:00 GMT+0000 (Coordinated Universal Time),14:00,,De Harmonie,0,"Vanaf nu zal jeu de boules maar één keer per maand plaatsvinden, dus mis het niet :) ",Désormais la pétanque n'aura lieu qu'une fois par mois alors ne manquez pas cette édition :) ,,,dinsdag,mardi,november,novembre,Gepubliceerd,spelletjes.png
Pilates & Fitness ,pilates-fitness-133,6218bc292822d0fe3ce3347b,653ad4ede882f528b327d8f8,68790fe417a77c8cf4e45436,false,false,Thu Jul 17 2025 14:59:48 GMT+0000 (Coordinated Universal Time),Thu Jul 17 2025 14:59:48 GMT+0000 (Coordinated Universal Time),Thu Jul 17 2025 14:59:48 GMT+0000 (Coordinated Universal Time),Pilates & Fitness,105,Fri Aug 01 2025 09:00:00 GMT+0000 (Coordinated Universal Time),11:00,,Pôle Nord,1,Thérèse laat je elk deel van je lichaam bewegen!,Thérèse va vous faire bouger toutes les parties de votre corps !,,,vrijdag,vendredi,augustus,août,Gepubliceerd,
Pilates & Fitness ,pilates-fitness-134,6218bc292822d0fe3ce3347b,653ad4ede882f528b327d8f8,68790ff87adb4dcf14ad8ade,false,false,Thu Jul 17 2025 15:00:08 GMT+0000 (Coordinated Universal Time),Thu Jul 17 2025 15:00:08 GMT+0000 (Coordinated Universal Time),Thu Jul 17 2025 15:00:08 GMT+0000 (Coordinated Universal Time),Pilates & Fitness,105,Fri Aug 08 2025 09:00:00 GMT+0000 (Coordinated Universal Time),11:00,,Pôle Nord,1,Thérèse laat je elk deel van je lichaam bewegen!,Thérèse va vous faire bouger toutes les parties de votre corps !,,,vrijdag,vendredi,augustus,août,Gepubliceerd,
Pilates & Fitness  ,pilates-fitness-135,6218bc292822d0fe3ce3347b,653ad4ede882f528b327d8f8,6879100c7adb4dcf14ad9b86,false,false,Thu Jul 17 2025 15:00:28 GMT+0000 (Coordinated Universal Time),Thu Jul 17 2025 15:00:28 GMT+0000 (Coordinated Universal Time),Thu Jul 17 2025 15:00:28 GMT+0000 (Coordinated Universal Time),Pilates & Fitness,105,Fri Aug 22 2025 09:00:00 GMT+0000 (Coordinated Universal Time),11:00,,Pôle Nord,1,Thérèse laat je elk deel van je lichaam bewegen!,Thérèse va vous faire bouger toutes les parties de votre corps !,,,vrijdag,vendredi,augustus,août,Gepubliceerd,
Pilates & Fitness   ,pilates-fitness-136,6218bc292822d0fe3ce3347b,653ad4ede882f528b327d8f8,687910209dc1108bd155c47a,false,false,Thu Jul 17 2025 15:00:48 GMT+0000 (Coordinated Universal Time),Thu Jul 17 2025 15:00:48 GMT+0000 (Coordinated Universal Time),Thu Jul 17 2025 15:00:48 GMT+0000 (Coordinated Universal Time),Pilates & Fitness,105,Fri Aug 29 2025 09:00:00 GMT+0000 (Coordinated Universal Time),11:00,,Pôle Nord,1,Thérèse laat je elk deel van je lichaam bewegen!,Thérèse va vous faire bouger toutes les parties de votre corps !,,,vrijdag,vendredi,augustus,août,Gepubliceerd,
Prijsverhoging :(,prijsverhoging,6218bc292822d0fe3ce3347b,653ad4ede882f528b327d8f8,685d3153b14554d7f9377e17,false,false,Thu Jun 26 2025 11:38:59 GMT+0000 (Coordinated Universal Time),Thu Jun 26 2025 11:38:59 GMT+0000 (Coordinated Universal Time),Thu Jun 26 2025 11:38:59 GMT+0000 (Coordinated Universal Time),Augmentation de nos prix :(,,Mon Jul 07 2025 05:30:00 GMT+0000 (Coordinated Universal Time),,,,+1,"Als gevolg van de stijgende voedsel- en energieprijzen en de herhaalde indexering van de salarissen zijn we tot onze grote spijt genoodzaakt om de prijs van onze gerechten en dranken te verhogen. De verhoging bedraagt €1 per gerecht. Onze gerechten zullen nu tussen de €7 en €9 kosten. We beseffen heel goed dat niemand hier blij mee is, en we hopen van harte dat we jullie niet financieel beperken, maar we kunnen de Harmonie niet draaiende houden zonder. We staan natuurlijk open voor suggesties.","Suite à l'augmentation du prix des denrées alimentaires, du prix de l'énergie, de l'indexation répétée des salaires, nous nous voyons dans l'obligation, et à grand regret, de devoir augmenter le prix de nos plats et de nos boissons. L'augmentation est de 1€ par plat. Nos plats seront désormais servis à un prix variant entre 7 et 9€. Nous avons bien conscience que cela ne réjouit personne et espérons sincèrement ne pas vous limiter financièrement, mais nous ne pouvons pas continuer à faire vivre l'Harmonie sans cela. Nous sommes bien entendu ouvert à toute suggestion.",,,,,,,Gepubliceerd,
Rommelmarkt & Weggeefwinkel,rec1eieV6LrAYnv3E,6218bc292822d0fe3ce3347b,653ad4ede882f528b327d8f8,63567599b12d88e4e9e19275,false,false,Mon Oct 24 2022 11:23:05 GMT+0000 (Coordinated Universal Time),Mon Oct 24 2022 11:23:05 GMT+0000 (Coordinated Universal Time),Mon Oct 24 2022 11:23:05 GMT+0000 (Coordinated Universal Time),Brocante & Donnerie,124,Sat Oct 29 2022 05:00:00 GMT+0000 (Coordinated Universal Time),9:00,20:00,Rue de la Flèche 5-7,,"Hier om de hoek kan je op zaterdag terecht voor 'des bonnes affaires', iets te eten of te drinken of voor wie eens zot wil doen op het springkasteel...","Ce samedi, vous pouvez faire des bonnes affaires ici Rue de la Flèche. Il y a aussi à boire et à manger à petits prix et, pour ceux qui veulent enlever leurs chaussures, il y a le château gonflable…",Misschien iets voor na de lunch in De Harmonie ?,Peut-être un truc à faire après le lunch à l'Harmonie ?,zaterdag,samedi,oktober,octobre,Gepubliceerd,uitstappen.png
Balade d'Orlando Tervuren,rec3ktNV3YqM1JC31,6218bc292822d0fe3ce3347b,653ad4ede882f528b327d8f8,63443a343f8f25f2943b1e09,false,false,Mon Oct 10 2022 15:28:52 GMT+0000 (Coordinated Universal Time),Mon Oct 10 2022 15:28:52 GMT+0000 (Coordinated Universal Time),Mon Oct 10 2022 15:28:52 GMT+0000 (Coordinated Universal Time),Balade d'Orlando Tervuren,116,Tue Oct 18 2022 05:00:00 GMT+0000 (Coordinated Universal Time),11:00,,rendez-vous Metro Beaulieu,,Wandeling van 8 km langs de oude spoorweg van Tervuren,Balade de 8 km le long de l'ancienne voie de chemin de fer de Tervuren ,"Breng je Picnic mee!
Inschrijven per sms: 0496 500 824","Picnic à emporter!
Inscription par SMS: 0496 500 824",dinsdag,mardi,oktober,octobre,Gepubliceerd,natuurdieren.png
Balade d'Orlando,rec49cLMn8MK41yW0,6218bc292822d0fe3ce3347b,653ad4ede882f528b327d8f8,645228b0f7fc9bfaaa881d08,false,false,Wed May 03 2023 09:26:08 GMT+0000 (Coordinated Universal Time),Wed May 03 2023 09:26:08 GMT+0000 (Coordinated Universal Time),Wed May 03 2023 09:26:08 GMT+0000 (Coordinated Universal Time),'Le Retour',153,Thu May 04 2023 05:00:00 GMT+0000 (Coordinated Universal Time),12:00,15:00,Metro Koning Boudewijn aan de Halte van De Lijn 250 / 251,,"Eerste Wandeling van het het seizoen met Orlando. 
We gaan naar de Kruidtuin van Meise. 
Breng je picknick mee !","Première Balade de la Saison avec Orlando.
On va visiter le Jardin Botanique de Meise.
Amenez votre pic-nic !",Neem een plastiek zakje mee ! (Berenlook),Prenez un sac en plastique ! (Ail des Ours),donderdag,jeudi,mei,mai,Gepubliceerd,natuurdieren.png
Bezoek Carnaval-museum Binche,rec4SKhFuwe8zxFRV,6218bc292822d0fe3ce3347b,653ad4ede882f528b327d8f8,6332ce102553773016d62981,false,false,Tue Sep 27 2022 10:18:56 GMT+0000 (Coordinated Universal Time),Tue Sep 27 2022 10:28:41 GMT+0000 (Coordinated Universal Time),Tue Sep 27 2022 10:28:49 GMT+0000 (Coordinated Universal Time),,,Sun Oct 02 2022 05:00:00 GMT+0000 (Coordinated Universal Time),,,De Harmonie,,"Pépita neemt je mee op een spannende ontdekkingsreis: de carnaval-folklore en gemaskerde tradities van over de hele wereld.
We trekken naar het Internationaal Carnaval- en Maskermuseum in Binche.
(Rue Saint-Moustier 10 in 7130 BINCHE)
Afspraak in het Noordstation om 10u18.
Opstappen kan ook in Brussel Centraal (10u22) of Zuid (10u30)
Aankomst in Binche om 11u48. Eerst gaan we op zoek naar een charmant restaurant. Tegen 14u25 stappen we het museum binnen.
",,Reservaties rechtstreeks bij Pépita via j.pien@gmail.com of 0471/215.130,,zondag,,oktober,,Gepubliceerd,
Jaarlijkse vakantie De Harmonie tot zondag 7 augustus,rec5G7nAIdz38X0HK,6218bc292822d0fe3ce3347b,653ad4ede882f528b327d8f8,62bedb9ea36acee58195edb3,false,false,Fri Jul 01 2022 11:33:50 GMT+0000 (Coordinated Universal Time),Fri Jul 01 2022 12:19:30 GMT+0000 (Coordinated Universal Time),Fri Jul 01 2022 12:24:37 GMT+0000 (Coordinated Universal Time),,30,Mon Jul 25 2022 05:00:00 GMT+0000 (Coordinated Universal Time),,,,,,,,,maandag,,juli,,,
Activiteit NL,rec5Q32vveG1hOzhK,6218bc292822d0fe3ce3347b,653ad4ede882f528b327d8f8,633c4dbd442bad59906e2b03,false,true,Tue Oct 04 2022 15:14:05 GMT+0000 (Coordinated Universal Time),Tue Oct 04 2022 15:22:38 GMT+0000 (Coordinated Universal Time),,Activiteit FR,75,Wed Oct 19 2022 05:00:00 GMT+0000 (Coordinated Universal Time),10,11,De Harmonie,5,Beschrijving NL,Beschrijving FR,Notice NL,Notice FR,woensdag,,oktober,,Gepubliceerd,
Activiteit NL,rec5Q32vveG1hOzhK-4,6218bc292822d0fe3ce3347b,653ad4ede882f528b327d8f8,633c4dcf36d1df1ce825a55b,false,true,Tue Oct 04 2022 15:14:23 GMT+0000 (Coordinated Universal Time),Tue Oct 04 2022 15:22:30 GMT+0000 (Coordinated Universal Time),,Activiteit FR,75,Wed Oct 19 2022 05:00:00 GMT+0000 (Coordinated Universal Time),10,11,De Harmonie,5,Beschrijving NL,Beschrijving FR,Notice NL,Notice FR,woensdag,,oktober,,Gepubliceerd,
Musette met Rudi Tastenoe !,rec6ZkrTbKxNDqtJx,6218bc292822d0fe3ce3347b,653ad4ede882f528b327d8f8,633d766f5ccd4669b2f0093e,false,false,Wed Oct 05 2022 12:19:59 GMT+0000 (Coordinated Universal Time),Thu Oct 06 2022 09:42:35 GMT+0000 (Coordinated Universal Time),Thu Oct 06 2022 09:44:40 GMT+0000 (Coordinated Universal Time),Musette avec Rudi Tastenoe !,104,Thu Oct 13 2022 05:00:00 GMT+0000 (Coordinated Universal Time),14:00,,"Ganshoren GC De ZEYP, Zeypstraat 47",2,"De Musette namiddagen in de Zeyp, altijd ambiance & nostalgie. Nu zeker met Rudi Tastenoe ! Voor wie niet graag danst, er is ook taart...","Les après-midi Musette dans le Zeyp, toujours ambiance & nostalgie. Surtout cette fois-ci avec Rudi Tastenoe ! Pour ceux qui n’aiment pas danser, il y a aussi du gâteau...","Rechtstreeks reserveren via dezeyp@vgc.be of 02 422 00 11
Bus 84 of 87, halte Nereus of Lowet","Réservation directe via dezeyp@vgc.be ou 02 422 00 11
Bus 84 ou 87, arrêts Nereus ou Lowet",donderdag,jeudi,oktober,octobre,Gepubliceerd,
Expo Foto Elliott Erwitt met Marie,rec7VekUHQZF2Yr7q,6218bc292822d0fe3ce3347b,653ad4ede882f528b327d8f8,671f7f678e163c35f2aa5ff9,false,false,Mon Oct 28 2024 12:11:19 GMT+0000 (Coordinated Universal Time),Mon Nov 04 2024 12:10:04 GMT+0000 (Coordinated Universal Time),Mon Nov 04 2024 12:10:13 GMT+0000 (Coordinated Universal Time),Expo Photo Elliot Erwitt avec Marie,155,Thu Nov 07 2024 06:00:00 GMT+0000 (Coordinated Universal Time),14:30,16:30,De Harmonie,1.25,"Deze keer neemt Marie je mee naar de Grote Markt voor een retrospectieve van het werk van Elliott Erwitt.
Hij heeft iconische momenten en persoonlijkheden vereeuwigd op foto, zoals Marilyn Monroe, Jackie Kennedy, Charles de Gaulle en Ernesto che Guevara.
Zijn bijzondere kijk mengt op subtiele wijze humor en emotie en legt de essentie van het dagelijks leven vast.","Cette fois-ci marie vous emmène à la Grand-place pour une rétrospective d'Elliott Erwitt.
Sa lentille à immortalisé des moments emblématiques et des personnalités telles que Marilyn Monroe, Jackie Kennedy, Charles de Gaulle et Ernesto che Guevara.
Son regard unique mêle subtillement humour et émotion,capturant ainsi la quitessence de la vie quotidienne.",Afspraak om 13:45 in De Harmonie of ter plaatse om 14:30,Rendez-vous à l'Harmonie à 13:45 ou 14:30 sur place,donderdag,jeudi,november,novembre,Gepubliceerd,activiteiten.png
Waldenfestival Klassiek sur l’Herbe,rec997Vy0e0OlUTee,6218bc292822d0fe3ce3347b,653ad4ede882f528b327d8f8,62bed897e66af1a43a3896e2,false,false,Fri Jul 01 2022 11:20:55 GMT+0000 (Coordinated Universal Time),Fri Jul 01 2022 12:20:19 GMT+0000 (Coordinated Universal Time),Fri Jul 01 2022 12:24:37 GMT+0000 (Coordinated Universal Time),,26,Sat Jul 16 2022 05:00:00 GMT+0000 (Coordinated Universal Time),,,Leopoldpark,11.25,"Het Waldenfestival is een organisatie van Klara (radiozender klassieke muziek, VRT) met concerten op bijzondere locaties in en rond het Leopold-park. 
Tickets voor Paspartoe-houders zijn wel uitsluitend te koop via Muntpunt.
 
",,"De Harmonie heeft een Paspartoe-groepskaart: ook wij kunnen reserveren, maar enkel als er minimum 5 geïnteresseerden zijn. Laat dus tijdig weten of je mee wil: animatie@deharmonie.be of meld je aan bij Deborah aan het onthaal (02/203.28.48)",,zaterdag,,juli,,,
Expo Ommegang,recBFX2GzRJaPJiZ1,6218bc292822d0fe3ce3347b,653ad4ede882f528b327d8f8,6352c53371c53b9e63380740,false,false,Fri Oct 21 2022 16:13:39 GMT+0000 (Coordinated Universal Time),Mon Oct 24 2022 08:37:14 GMT+0000 (Coordinated Universal Time),Mon Oct 24 2022 08:37:24 GMT+0000 (Coordinated Universal Time),Expo Ommegang,121,Thu Oct 27 2022 05:00:00 GMT+0000 (Coordinated Universal Time),14u30,,Marinus Centrum,1 €,Een tentoonstelling die de bezoekers uitnodigt om zich te verdiepen in de geschiedenis van de evenementen uit de Brusselse tradities.,Une exposition qui invite les visiteurs à se plonger dans l'histoire de l'un des plus anciens évènements des traditions Bruxelloises,"Afspraak om 13u30 aan de Harmonie of 14u30 ter plaatse.
Adres :  Karrestraat 40, St - L- Wol.","R.D.V à 13h30 à l'Harmonie ou 14h30 sur place
Adresse : Rue de la Charette, 40 Woluwé Saint - Lambert",donderdag,jeudi,oktober,octobre,Gepubliceerd,gelooftradities.png
Wandeling NO Heembeek & Nos Pilifs,recDNkRajpDk7ElWr,6218bc292822d0fe3ce3347b,653ad4ede882f528b327d8f8,632050bd2435630e8b5f71da,false,false,Tue Sep 13 2022 09:43:25 GMT+0000 (Coordinated Universal Time),Tue Sep 13 2022 09:43:25 GMT+0000 (Coordinated Universal Time),Tue Sep 13 2022 09:43:25 GMT+0000 (Coordinated Universal Time),,,Tue Sep 20 2022 05:00:00 GMT+0000 (Coordinated Universal Time),14u,,De Harmonie,1,"Vandaag leiden de ‘Balades d’Orlando’ ons naar Neder-over-Heembeek met 
Pépita als ‘special guest’.  Ze laat ons er samen met Orlando onbekende schoonheden van onze hoofdstad ontdekken. En we eindigen wellicht bij ‘Nos Pilifs’. 
Een wandeling van 5km, dus voor velen haalbaar. Een aanrader! 
",,"Afspraak om 14u bij de halte Peter Benoît van bus 56 
(Je kan bus 56 nemen bij de halte ‘Heembeek’ van tram 3 en 7). 
Inschrijvingen via animatie@deharmonie.be of Deborah aan het onthaal (02/203.28.48). En rechtstreeks bij Orlando via sms naar 0496/500.824",,dinsdag,,september,,Gepubliceerd,
"Balade d'Orlando - Sint-Genesius-Rode, Grande Espinette - Solvay Vijver (Terhulpen Kasteel)). 7,2km",recFRqtJM1S6J5iE6,6218bc292822d0fe3ce3347b,653ad4ede882f528b327d8f8,638f1d531e74815212668c77,false,false,Tue Dec 06 2022 10:45:39 GMT+0000 (Coordinated Universal Time),Wed Dec 07 2022 10:26:32 GMT+0000 (Coordinated Universal Time),Wed Dec 07 2022 10:27:06 GMT+0000 (Coordinated Universal Time),"Balade d'Orlando - Rhode-Saint-Genèse, Grande Espinette - Etang Solvay (Chateau de la  Hulpe). 7,2km",142,Tue Dec 13 2022 12:00:00 GMT+0000 (Coordinated Universal Time),13:00,17:00,Bushalte Inno-Bascule (Lijn 7 of 38),0,"De wandeling is niet erg lang. Maar omdat het vroeg donker is, geef ik je 
afspraak om 13:00, bij de bushalte voor het winkelcentrum Inno-Bascule (1180). U kunt er komen met tram 7 of bus 38, halte Bascule. 
We nemen de TEC-bus. 
We keren terug met de Tec naar de halte Etangs Solvay, u stapt uit waar het u het beste uitkomt voor de aansluitingen.","La balade n’est pas très longue. Mais comme il fait noir tôt, je vous donne 
rdv à 13 HEURES, à l’arrêt de bus devant le centre commercial Inno-Bascule (1180). Vous y arrivez par le tram 7 ou le bus 38, arrêt Bascule. 
Nous prendrons le bus TEC. 
Nous reviendrons par le Tec à l’arrêt étangs Solvay, vous descendrez là où cela vous convient le mieux pour les correspondances.",Inschrijven per sms: 0496 500 824,Inscription par SMS: 0496 500 824,dinsdag,mardi,december,décembre,Gepubliceerd,sportbewegen.png
Feest van de projecten op 'La Dalle',recH4NyaIGIzHu0Or,6218bc292822d0fe3ce3347b,653ad4ede882f528b327d8f8,644bbd39f86506ea7ab4879a,false,false,Fri Apr 28 2023 12:34:01 GMT+0000 (Coordinated Universal Time),Fri Apr 28 2023 12:34:01 GMT+0000 (Coordinated Universal Time),Fri Apr 28 2023 12:34:01 GMT+0000 (Coordinated Universal Time),La fête des projets à La Dalle,151,Wed May 03 2023 05:00:00 GMT+0000 (Coordinated Universal Time),16:00,19:00,La Dalle,0,"Op woensdag worden alle projecten voorgesteld in het kader van het wijkcontract Helihaven-Antwerpen. Ook De Harmonie feest mee en stelt zijn project 'De Grote Kuis' voor. Iedereen welkom, er is een presentatie van de projecten en de verschillende organisaties, eten en drinken, animatie en muziek. Ambiance verzekerd !","Mercredi, tous les projets dans le cadre du contrat de quartier Heliport-Anvers seront présentés.  De Harmonie participe à la fête et présente également son projet 'Le Grand Nettoyage'. Tout le monde est le bienvenu, il y aura une présentation des projets et des différentes organisations, à boire et à manger, des animations et de la musique. Ambiance garantie !",,,woensdag,mercredi,mei,mai,Gepubliceerd,gezelschap.png
Dagreis naar Martelange,recJD4HNTZOhKe0tZ,6218bc292822d0fe3ce3347b,653ad4ede882f528b327d8f8,6357bf05ad961a42e08fc5f7,false,false,Tue Oct 25 2022 10:48:37 GMT+0000 (Coordinated Universal Time),Tue Oct 25 2022 10:48:37 GMT+0000 (Coordinated Universal Time),Tue Oct 25 2022 10:48:37 GMT+0000 (Coordinated Universal Time),Excursion d'un jour Martelange,126,Sat Oct 29 2022 05:00:00 GMT+0000 (Coordinated Universal Time),6:45,19:00,Noordstation Gare du Nord,,Zit je graag op de trein en de bus om het herfstlandschap te bekijken ? Dan is deze uitstap iets voor jou. We vertrekken vanuit Brussel Noord naar Luik met de trein. Daar nemen we om 9u de bus van de TEC naar Martelange. We blijven ter plekke van 11u tot 15u voor een bezoek aan het dorp en ook even naar Luxemburg. Om 15 uur doen we dezelfde weg terug richting Brussel.,"Aimez-vous prendre le train et le bus pour voir le paysage automnal? Alors ce voyage est quelque chose pour vous. Nous partons de Bruxelles Nord à Liège en train. Là, à 9 heures nous prenons le bus du TEC à Martelange Nous restons sur place de 11h à 15h pour une visite du village et aussi du côté Luxembourgeois. A 15 heures, nous faisons le même chemin de retour vers Bruxelles.",De prijs verschilt naargelang uw statuut.,Le prix dépend de votre statut.,zaterdag,samedi,oktober,octobre,Gepubliceerd,uitstappen.png
Woordspelletjes (fr) ,recJkdbKFJP8l2ZSC,6218bc292822d0fe3ce3347b,653ad4ede882f528b327d8f8,632050c5e45f30d7fa9b3260,false,false,Tue Sep 13 2022 09:43:33 GMT+0000 (Coordinated Universal Time),Tue Sep 13 2022 09:43:33 GMT+0000 (Coordinated Universal Time),Tue Sep 13 2022 09:43:33 GMT+0000 (Coordinated Universal Time),,,Wed Sep 14 2022 05:00:00 GMT+0000 (Coordinated Universal Time),14u,,De Harmonie,1,"Scrabble & kruiswoordraadsels zijn heel bekende woordspelletjes. Maar vandaag kiezen we voor Code Names. We gaan raden naar woorden en namen op basis van aanwijzingen. Dit spelen in ploegverband is uitdagend en leuk. Marc Struyf is onze (geestige) spelleider. Franstalige versie.
",,,,woensdag,,september,,Gepubliceerd,
'Sale Pute' documentaire + debat,recL2BH66TPCIKAfi,6218bc292822d0fe3ce3347b,653ad4ede882f528b327d8f8,63443a35393adb16664303f1,false,false,Mon Oct 10 2022 15:28:53 GMT+0000 (Coordinated Universal Time),Mon Oct 10 2022 15:28:53 GMT+0000 (Coordinated Universal Time),Mon Oct 10 2022 15:28:53 GMT+0000 (Coordinated Universal Time),'Sale Pute' documentaire + débat,115,Tue Oct 18 2022 05:00:00 GMT+0000 (Coordinated Universal Time),9:00,,"ESpace Magh, Rue du Poinçon 17, 1000 Bruxelles",,"Deze documentaire is in het Frans, voor meer uitleg zie de Franse beschrijving","Florence Hainaut et Myriam Leroy, journalistes, ont subi des cyberviolences comme 73% des femmes dans le monde. En partant des discours de haine en ligne, elles emmènent le spectateur dans un récit international, à la fois intime et politique, qui dresse un état des lieux alarmant de la misogynie.",De regisseurs zijn aanwezig op de vertoning,Les régisseuses sont présentes à la séance.,dinsdag,mardi,oktober,octobre,Gepubliceerd,kunstcultuur.png
Inhuldigingsfeest De Harmonie,recO0Y1XCUA9c5PjB-e,6218bc292822d0fe3ce3347b,653ad4ede882f528b327d8f8,633ea16921c8d202ecef3636,false,false,Thu Oct 06 2022 09:35:37 GMT+0000 (Coordinated Universal Time),Thu Oct 06 2022 09:35:37 GMT+0000 (Coordinated Universal Time),Thu Oct 06 2022 09:35:37 GMT+0000 (Coordinated Universal Time),Fête d'Inauguration De Harmonie,108,Fri Oct 14 2022 05:00:00 GMT+0000 (Coordinated Universal Time),16:00,20:00,De Harmonie,,"We beginnen met taart en koffie. Rond 17 uur een assortiment speechkes. Daarna hapjes, drankjes &  muziekskes uit de Juke-box !","On démarre avec du gateau et du café. Vers 17h un assortiment de discours. Par après des boissons, des collations et des musiques du Juke-box !",Iedereen welkom !,Tout le monde est le bienvenu !,vrijdag,vendredi,oktober,octobre,Gepubliceerd,
Abrikozenconfituur,recPT45N84tFPBuyW,6218bc292822d0fe3ce3347b,653ad4ede882f528b327d8f8,62c5960a08b03e70a1ce0e3a,false,false,Wed Jul 06 2022 14:02:50 GMT+0000 (Coordinated Universal Time),Wed Jul 06 2022 14:08:24 GMT+0000 (Coordinated Universal Time),Tue Sep 06 2022 11:06:18 GMT+0000 (Coordinated Universal Time),,,Fri Jul 08 2022 05:00:00 GMT+0000 (Coordinated Universal Time),14u,18u,dh,2,"Het is abrikozentijd.
Wie wil er z'n eigen confituur maken? Wij zorgen voor de abrikozen & suikers, jij voor de potjes.
",,"Hoeveel confituur wil je? Graag ons het aantal kilo abrikozen laten weten voor 8/7.
Je betaalt achteraf de marktprijs.",,vrijdag,,juli,,Geannuleerd,
Wandeling Zachte Wegen + Zennebiest,recQFmzW6jmMimCbZ,6218bc292822d0fe3ce3347b,653ad4ede882f528b327d8f8,632d7e3a68ac557fc9f03b94,false,false,Fri Sep 23 2022 09:36:58 GMT+0000 (Coordinated Universal Time),Fri Sep 23 2022 09:36:58 GMT+0000 (Coordinated Universal Time),Fri Sep 23 2022 09:36:58 GMT+0000 (Coordinated Universal Time),,,Sat Sep 24 2022 05:00:00 GMT+0000 (Coordinated Universal Time),14u,,De Harmonie,,"De Mandala-artiesten van de Harmonie werkten mee aan het project Zachte Wegen in de Noordwijk. Kunstenares Alice Van Innis ging aan de slag met vele inzendingen van jong en minder jong uit de wijk en ontwierp kleurrijke vlaggen. Daarmee werd een wandelparcours in de wijk afgezoomd. Op 24/9 wandelen we een stukje van dat parcours (ca 1,5km).
Bovendien worden we aan het Gaucheret-park opgewacht door het ‘Zennebiest’ en een aantal knotsgekke artiesten van het Alibicollectief. Een aanrader: allen daarheen!
",,Afspraak aan de Harmonie om 13u30,,zaterdag,,september,,Gepubliceerd,
Bezoek aan het Bel Vue Museum met Pépita,recQNRR1TvFpjp6Aw,6218bc292822d0fe3ce3347b,653ad4ede882f528b327d8f8,63721642f521ec1cde014539,false,false,Mon Nov 14 2022 10:19:46 GMT+0000 (Coordinated Universal Time),Wed Nov 30 2022 11:44:08 GMT+0000 (Coordinated Universal Time),Wed Nov 30 2022 11:44:15 GMT+0000 (Coordinated Universal Time),Visite au Musée Bel Vue avec Pépita,130,Sun Dec 04 2022 06:00:00 GMT+0000 (Coordinated Universal Time),14:30,,"Museum Bel Vue Musée Place des Palais 7, 1000 Bruxelles",,"U ontdekt het België van vandaag via een moderne en originele presentatie. U verkent de geschiedenis aan de hand van zeven thema's in zeven zalen: democratie, welvaart, solidariteit, pluralisme, migratie, talen en Europa.","Vous y découvrirez la Belgique d'aujourd'hui à travers une présentation moderne et originale. Vous explorerez son histoire déployée en sept thèmes dans sept salles: démocratie, prospérité, solidarité, pluralisme, migrations, langues & Europe.","Tram 92, & 93 of Bussen 27, 38, 71 & 95 brengen u ter plaatse","Le tram 92 et 93 ou les bus 27, 38, 71 et 95 vous conduiront sur place.",zondag,dimanche,december,décembre,Gepubliceerd,kunstcultuur.png
Balade d'Orlando - Sinterklaas in Park en vijvers van Woluwe - 5km,recVt4wmLWnEGTjbf,6218bc292822d0fe3ce3347b,653ad4ede882f528b327d8f8,638f1951cfd6bb34393f25d1,false,false,Tue Dec 06 2022 10:28:33 GMT+0000 (Coordinated Universal Time),Tue Dec 06 2022 10:36:20 GMT+0000 (Coordinated Universal Time),Tue Dec 06 2022 10:36:58 GMT+0000 (Coordinated Universal Time),Balade d'Orlando - Saint-Nicolas au Parc et Étangs de Woluwe - 5km,141,Tue Dec 06 2022 13:00:00 GMT+0000 (Coordinated Universal Time),14:00,17:00,Metro Hankar (lijn 5),0,"Trefpunt om 14.00 uur, bij de uitgang van het Hankar metrostation (lijn 5).
We gaan naar de Chant d'oiseau, waar de paus altijd een kamer heeft als hij naar België komt, en dalen af naar het Woluwe Park.
We eindigen met de spoorwegpromenade (parallel aan de 
boulevard du Souverain), en zal aankomen bij de chaussée de Wavre 
(Tram 8, bus 34 en metro Demey op 5 min, of 39-44 bij het trammuseum).","Rdv à 14h, à la sortie du métro Hankar (ligne 5).
Nous irons par le Chant d’oiseau, où le Pape a toujours une chambre quand il vient en Belgique, et descendrons faire une boucle dans le Parc de Woluwe.
Nous terminerons par la promenade du chemin de fer (parallèle au 
boulevard du Souverain), et arriverons près de la chaussée de Wavre 
(Tram 8, bus 34 et métro Demey à 5 min, ou 39-44 au musée du tram).",Inschrijven per sms: 0496 500 824,Inscription par SMS: 0496 500 824,dinsdag,mardi,december,décembre,Gepubliceerd,sportbewegen.png
Bezoek aan het museum van Decoratieve kunst,rech9NQvxfzcNLcS3,6218bc292822d0fe3ce3347b,653ad4ede882f528b327d8f8,62beca821552606ad00daa95,false,false,Fri Jul 01 2022 10:20:50 GMT+0000 (Coordinated Universal Time),Fri Jul 01 2022 12:22:26 GMT+0000 (Coordinated Universal Time),Fri Jul 01 2022 12:24:37 GMT+0000 (Coordinated Universal Time),,12,Sun Jul 03 2022 05:00:00 GMT+0000 (Coordinated Universal Time),,,Namen,,"Wie er vorige maand bij was, weet dat Namen een schitterende stad is. Dit keer neemt Pepita Pien je mee naar het Museum van Decoratieve kunst. Vertrek in het Noordstation om 10u39 (maar opstappen kan ook in Centraal (10u33) of Zuidstation (10u20).
Eens in Namen wandelen we wat, eten we wat en zijn om 14.30 uur in het museum
Het Hôtel de Groesbeeck-de Croix herbergt het museum en is een prachtig herenhuis uit het tijdperk van de Verlichting.",,Graag rechtstreeks reserveren bij Pepita via jpien.pepita@gmail.com of 0471/215130,,zondag,,juli,,,
Foto Expo 'Regard de Femmes',reciEPHF55XDvx5rK,6218bc292822d0fe3ce3347b,653ad4ede882f528b327d8f8,636bd6459b67077a48800872,false,false,Wed Nov 09 2022 16:33:09 GMT+0000 (Coordinated Universal Time),Wed Nov 09 2022 16:33:09 GMT+0000 (Coordinated Universal Time),Wed Nov 09 2022 16:33:09 GMT+0000 (Coordinated Universal Time),Expo Photo 'Regard de Femmes',129,Wed Nov 30 2022 06:00:00 GMT+0000 (Coordinated Universal Time),15:00,,"à la Fondation A,  304 Avenue Van Volxem, 1190 Bruxelles ",2,"Negentien vrouwelijke fotografen engageren zich in hun gemeenschap en laten hun stem horen. Met hun werk verleggen ze grenzen inzake sociale rechtvaardigheid, vrouwelijkheid en milieu.","Dix-neuf femmes photographes ont toutes en commun un engagement dans leur communauté de dénoncer et de faire bouger les lignes sur les questions de justice sociale, de féminité et d’environnement.",Gratis toegang met de Museumpass,Avec le Pass Musées entrée gratuite,woensdag,mercredi,november,novembre,Gepubliceerd,kunstcultuur.png
Brosella festival,recm9XComLPAloLlE,6218bc292822d0fe3ce3347b,653ad4ede882f528b327d8f8,62beca84d347c87ada7c4e8e,false,false,Fri Jul 01 2022 10:20:52 GMT+0000 (Coordinated Universal Time),Fri Jul 01 2022 12:22:18 GMT+0000 (Coordinated Universal Time),Fri Jul 01 2022 12:24:37 GMT+0000 (Coordinated Universal Time),,11,Fri Jul 01 2022 05:00:00 GMT+0000 (Coordinated Universal Time),,,Groentheater Ossegempark Laken,,"Een jazz-festival van de bovenste plank in het schitterende Groentheater (in de schaduw van het atominium). Vrijdag 1/7 draait alles rond Toots (Thielemans), zaterdag staat in het teken van urban etno en zondag is het pure jazz. Het volledige programma vind je terug op www.brosella.be .
Wij pikken er alvast 1 aanrader uit: zaterdag 2/7 om 14u staat Tuur Florizoone’s Tricycle XL op het podium. Accordeonist, pianist en componist Florizoone brengt een op en top Belgische groep op de been met een Vlaming, een Waal en een Brusselaar (uit Noordwijk!). Muziek die je brengt van Brazilië naar Amerika en van klassiek over folk naar jazz.
Tickets boek je online en volgens het principe ‘pay what you can’. Je betaalt dus wat je kan.",,,,vrijdag,,juli,,,
Balade d'Orlando ,recmeQ9vp16bEw09S,6218bc292822d0fe3ce3347b,653ad4ede882f528b327d8f8,633d72e29cc95f23aa171e84,false,false,Wed Oct 05 2022 12:04:50 GMT+0000 (Coordinated Universal Time),Thu Oct 06 2022 09:42:53 GMT+0000 (Coordinated Universal Time),Thu Oct 06 2022 09:44:40 GMT+0000 (Coordinated Universal Time),Balade d'Orlando,101,Tue Oct 11 2022 05:00:00 GMT+0000 (Coordinated Universal Time),14:00,,De Harmonie,,"Wandeling van 5 kilometer in de natuur van Jette & Ganshoren.
Inschrijven in De Harmonie én per sms 0496 500 824 (Orlando)","Promenade de 5 kilomètres dans la nature de Jette & Ganshoren.
Inscrivez-vous à De Harmonie et par sms 0496 500 824 (Orlando)",Afspraak aan Simonis (tram 9),Rendez-vous à Simonis (tram 9),dinsdag,mardi,oktober,octobre,Gepubliceerd,
Bezoek aan expo ‘Idolen’,recoXxnsnzip6GQCk,6218bc292822d0fe3ce3347b,653ad4ede882f528b327d8f8,62bed897b915b7244528c7ed,false,false,Fri Jul 01 2022 11:20:55 GMT+0000 (Coordinated Universal Time),Fri Jul 01 2022 12:20:12 GMT+0000 (Coordinated Universal Time),Fri Jul 01 2022 12:24:37 GMT+0000 (Coordinated Universal Time),,25,Fri Jul 15 2022 05:00:00 GMT+0000 (Coordinated Universal Time),14u,,Galerie Toison D'or,0,"‘Idolen’ is een tentoonstelling van de radiozender Nostalgie+ over de muziek van de jaren '60 en '70. De bezoekers worden meegenomen op een reis naar de jaren '60 en '70 via de verhalen over de grote vedetten uit de muziekgeschiedenis. Kom kijken naar iconische vinylplaten, toneelkostuums en rekwisieten, gouden platen en andere zeldzame voorwerpen en documenten van Johnny Halliday, CloClo, Frédéric François, Sheila & Ringo, Annie Cordy, the Rolling Stones, the Beatles, Salvatore Adamo en vele anderen. 
De expo loopt in de Galerie Toison D'or (tegenover Fnac en naast Maison du Monde) en is makkelijk bereikbaar met de metro (Naamse Poort).
",,We trekken er op de slotdag naar toe met Deborah. Afspraak om 13u30 in De Harmonie of om 14u ter plaatse. Reserveren via animatie@deharmonie.be of 02/203.28.48,,vrijdag,,juli,,,
60+ dag in BELvue-museum en Coudenbergpaleis,recp3brHBFoXK90Le,6218bc292822d0fe3ce3347b,653ad4ede882f528b327d8f8,6332ce1299edba7c70d7823c,false,false,Tue Sep 27 2022 10:18:58 GMT+0000 (Coordinated Universal Time),Tue Oct 04 2022 15:13:26 GMT+0000 (Coordinated Universal Time),Tue Oct 04 2022 15:13:56 GMT+0000 (Coordinated Universal Time),,,Thu Sep 29 2022 05:00:00 GMT+0000 (Coordinated Universal Time),,,De Harmonie,20,"Wie niet met De Harmonie mee is naar zee, en toch graag ook eens haar/zijn vleugels uitslaat, kan op donderdag 29 september naar de eerste 60+-dag in het BELvue-museum en het Coudenberg-paleis.
Het wordt een dag vol activiteiten voor 60-plussers: rondleidingen, verhalen, dans- en zangworkshops, conferentie-concerten (Adolphe Sax!) en zelfs een T-dansant!
Dagprijs: 20€ (exclusief lunch)
Wil je er meer over weten: klik door naar hun website <https://www.belvue.be/nl/activities/60-dag>",,,,donderdag,,september,,Gepubliceerd,
Bezoek aan Africa Museum,rectqlqMm1Q37cc6H,6218bc292822d0fe3ce3347b,653ad4ede882f528b327d8f8,62becd7d376cf28e0ac7ae6d,false,false,Fri Jul 01 2022 10:33:33 GMT+0000 (Coordinated Universal Time),Fri Jul 01 2022 12:21:51 GMT+0000 (Coordinated Universal Time),Fri Jul 01 2022 12:24:37 GMT+0000 (Coordinated Universal Time),,21,Tue Jul 12 2022 05:00:00 GMT+0000 (Coordinated Universal Time),13u30,,Tervuren,5,"Het impressionante Africa Museum in Tervuren is een bezoek meer dan waard. 
Niet alleen het gebouw werd gerenoveerd, maar ook de permanente collectie 
van het museum kreeg een opfrissing. Prachtige foto’s, unieke kunstwerken, 
bijzondere voorwerpen en opgezette dieren zijn slechts een fractie van de 
indrukwekkende collectie. Maar er is natuurlijk ook een geweldige tuin. 
We vertrekken in De Harmonie om 13u30: metro tot Montgomery en vandaar de tram doorheen het schitterende Zoniënwoud. 
",,Reserveren via animatie@deharmonie.be of bij Deborah aan het onthaal 02/203.28.48.,,dinsdag,,juli,,,
Taart & Koffie,recvJUmMtOqSOlaGl,6218bc292822d0fe3ce3347b,653ad4ede882f528b327d8f8,64b7f62aa8b56d65cb997b8c,false,false,Wed Jul 19 2023 14:41:46 GMT+0000 (Coordinated Universal Time),Wed Jul 19 2023 14:41:46 GMT+0000 (Coordinated Universal Time),Wed Jul 19 2023 14:41:46 GMT+0000 (Coordinated Universal Time),Gâteau & Café,154,Mon Jul 24 2023 05:00:00 GMT+0000 (Coordinated Universal Time),13:00,16:00,De Harmonie,,"Voor wie ons niet kan missen tijdens de sluiting, doen we open na de middag voor een stukje taart in goed gezelschap !","Si on vous manque pendant la fermeture, on ouvre les portes àpd 13h, pour un morceau de tarte en bonne compagnie !",,,maandag,lundi,juli,juillet,Gepubliceerd,sociaalrestaurant.png
Radio Oh Kaai,recvmqWefJQQBLrYm,6218bc292822d0fe3ce3347b,653ad4ede882f528b327d8f8,635531322981fc6b2f64217a,false,false,Sun Oct 23 2022 12:18:58 GMT+0000 (Coordinated Universal Time),Sun Oct 23 2022 12:18:58 GMT+0000 (Coordinated Universal Time),Sun Oct 23 2022 12:18:58 GMT+0000 (Coordinated Universal Time),Radio Oh Kaai,123,Sat Oct 29 2022 05:00:00 GMT+0000 (Coordinated Universal Time),20:00,,Radio Campus 92.1,,Vorige week kwam Isabelle en Romuald langs om ons te interviewen voor de radio. Vanavond om 20 uur wordt de aflevering over De Kaai uitgezonden op Radio Campus. Zet je radio op 92.1 en luister mee !,"La semaine dernière, Isabelle et Romuald sont venus nous interviewer pour la radio. Ce soir à 20h, l’épisode sur De Kaai sera diffusé sur Radio Campus. Réglez votre radio sur 92.1 et écoutez avec nous!",Project in het kader van Duurzaam wijkcontract Helihaven - Antwerpen,Projet dans le cadre du contrat de quartier durable Héliport - Anvers.,zaterdag,samedi,oktober,octobre,Gepubliceerd,tvfilm.png
Startbabbel in 't Nederlands,recywjDY0XrZKH42o,6218bc292822d0fe3ce3347b,653ad4ede882f528b327d8f8,6355313271249fa800494607,false,false,Sun Oct 23 2022 12:18:58 GMT+0000 (Coordinated Universal Time),Sun Oct 23 2022 12:18:58 GMT+0000 (Coordinated Universal Time),Sun Oct 23 2022 12:18:58 GMT+0000 (Coordinated Universal Time),,122,Mon Oct 24 2022 05:00:00 GMT+0000 (Coordinated Universal Time),10:30,11:30,De Harmonie,,"De Startbabbels zijn conversatietafels Nederlands voor (ex-) vluchtelingen of mensen met een migratieachtergrond. Er wordt over allerlei onderwerpen gepraat in kleine groepjes, onder begeleiding van een groep enthousiaste Nederlandstalige vrijwilligers.” ","Les Startbabbels sont des tables de conversation néerlandaises pour les (ex-) réfugiés ou les personnes issues de l’immigration. Nous parlons de toutes sortes de sujets en petits groupes, sous la direction d’un groupe de bénévoles néerlandophones enthousiastes. ",Zin om mee te babbelen en op die manier deze groep mensen beter te leren kennen ?,Vous voulez discuter avec nous et mieux connaître ce groupe de personnes ?,maandag,lundi,oktober,octobre,Gepubliceerd,lezenschrijven.png
Atelier Haken,reczM05G2JBO6eG0j,6218bc292822d0fe3ce3347b,653ad4ede882f528b327d8f8,633d514e9811a203835e2c7f,false,false,Wed Oct 05 2022 09:41:34 GMT+0000 (Coordinated Universal Time),Thu Oct 06 2022 09:44:06 GMT+0000 (Coordinated Universal Time),Thu Oct 06 2022 09:44:40 GMT+0000 (Coordinated Universal Time),Atelier crochet,89,Wed Oct 19 2022 05:00:00 GMT+0000 (Coordinated Universal Time),14:00,16:00,De Harmonie,1,"Altijd al willen leren haken? Of vroeger gehaakt, en wil je het nu weer opnieuw doen? Dan is deze workshop iets voor jou. Deborah neemt je mee op sleeptouw. Of beter: ze slaat je aan de haak.
Kleurige motieven, materiaal voor binnen en buiten, individuele kunstwerkjes of sublieme groepsslingers met Ierse roots: jeuken ook jouw vingers al? Gewoon doen! Je mag zelf kiezen wat je maakt. Plantenhangers, een sprei, een hangmat…: geen tijd om in te dommelen, wel om te dromen.
Geïnterresseerd? Laat het weten aan Deborah (onthaal) of animatie@deharmonie.be
","Vous avez toujours voulu apprendre à faire du crochet ? Ou bien vous aviez l'habitude de faire du crochet et vous voulez maintenant le faire à nouveau ? Alors cet atelier est fait pour vous. Deborah vous prend en remorque. Ou mieux : elle vous accrochera.
Motifs colorés, matériaux pour l'intérieur et l'extérieur, œuvres d'art individuelles ou sublimes guirlandes de groupe aux racines irlandaises : vos doigts vous démangent aussi ? Faites-le ! Vous pouvez choisir ce que vous voulez faire. Des suspensions de plantes, un couvre-lit, un hamac... : pas le temps de s'assoupir, juste de rêver.
Intéressé ? Veuillez en informer Deborah (réception) ou animatie@deharmonie.be .",,,woensdag,mercredi,oktober,octobre,Gepubliceerd,
Reistrip met Leopold : Aachen,reistrip-met-leopold-aachen,6218bc292822d0fe3ce3347b,653ad4ede882f528b327d8f8,66869fbff09d32e0d3036e72,false,false,Thu Jul 04 2024 13:12:31 GMT+0000 (Coordinated Universal Time),Thu Jul 04 2024 13:19:55 GMT+0000 (Coordinated Universal Time),Thu Jul 04 2024 13:25:47 GMT+0000 (Coordinated Universal Time),Excursion avec Léopold : Aix-la-Chapelle,,Sat Jul 20 2024 06:05:00 GMT+0000 (Coordinated Universal Time),08:00,,"Aachen, Duitsland",,Bezoek aan de stad en de kathedraal + gelegenheid om te winkelen,Visite de la ville et du Dom + courses éventuelles,Vertrek met de trein vanuit Brussel-Noord (8.07u). Terugkeer naar Brussel rond 20.00 uur. Reken op een budget van €20 + maaltijd en drankjes.,Départ en train à Bruxelles-Nord (8h07). Retour à Bxl vers 20h. Prévoir un budget de 20€ + consommations,zaterdag,samedi,juli,juillet,Gepubliceerd,
Reistrip met Leopold : Antwerpen,reistrip-met-leopold-antwerpen,6218bc292822d0fe3ce3347b,653ad4ede882f528b327d8f8,6686a2d6b4e9dc6010cedbd0,false,false,Thu Jul 04 2024 13:25:42 GMT+0000 (Coordinated Universal Time),Thu Jul 04 2024 13:25:42 GMT+0000 (Coordinated Universal Time),Thu Jul 04 2024 13:25:47 GMT+0000 (Coordinated Universal Time),Excursion avec Léopold : Anvers,,Thu Aug 15 2024 07:00:00 GMT+0000 (Coordinated Universal Time),09:00,,Antwerpen,,"Deelname aan de Messe solennelle van Gounod in de Sint-Pauluskerk, met orgel, orkest, koor en solisten.
Vrije dag en lunch, maar het is jaarmarkt in Antwerpen, Moederdag en Napoleonsdag, en ""Rommel Markt"" op de Grote Markt. We dineren meestal bij de ""Braboke"" op de Grote Markt.","Participation à l'église St-Paul à la Messe solennelle de Gounod avec orgues, orchestre, choeurs et solistes.
Journée et lunch libres, mais c'est la kermesse d'Anvers, la fête des mères et de Napoléon et ""Rommel Markt"" sur la Grand Place. Nous dînons habituellement au ""Braboke"" sur la Grand Place.",Vertrek met de trein vanuit Brussel-Noord (rond 9u). Terugkeer naar Brussel rond 20.00 uur. Reken op een budget van €10 + maaltijd en drankjes.,Départ en train à Bruxelles-Nord (vers 9h). Retour à Bxl vers 20h. Prévoir un budget de 10€ + consommations,donderdag,jeudi,augustus,août,Gepubliceerd,
"Reistrip met Leopold : ""Fish-Party"" in Blankenberg",reistrip-met-leopold-fish-party-in-blankenberg,6218bc292822d0fe3ce3347b,653ad4ede882f528b327d8f8,6686a3ae621833beba2670ba,false,false,Thu Jul 04 2024 13:29:18 GMT+0000 (Coordinated Universal Time),Thu Jul 04 2024 13:29:18 GMT+0000 (Coordinated Universal Time),Thu Jul 04 2024 13:29:24 GMT+0000 (Coordinated Universal Time),"Excursion avec Léopold : ""Fish-Party"" à Blankenberg",,Sat Aug 24 2024 07:00:00 GMT+0000 (Coordinated Universal Time),09:40,,Blankenberg,,"Bijeenkomst in de bistro ""Les Vedettes"" voor een Fish-Party en daarna vrije tijd.","Réunion au bistrot ""Les Vedettes""pour une Fish-Party et ensuite temps libre.",Vertrek met de trein vanuit Brussel-Noord (op 9u40). Terugkeer naar Brussel rond 20.00 uur. Reken op een budget van €8.80 + maaltijd en drankjes.,Départ en train à Bruxelles-Nord (à 9h40). Retour à Bxl vers 20h. Prévoir un budget de 8.80€ + consommations,donderdag,jeudi,augustus,août,Gepubliceerd,
Reistrip met Leopold : Hulst,reistrip-met-leopold-hulst,6218bc292822d0fe3ce3347b,653ad4ede882f528b327d8f8,6686a4ce387967f92d09e6fb,false,false,Thu Jul 04 2024 13:34:06 GMT+0000 (Coordinated Universal Time),Thu Jul 04 2024 13:34:06 GMT+0000 (Coordinated Universal Time),Thu Jul 04 2024 13:34:52 GMT+0000 (Coordinated Universal Time),Excursion avec Léopold : Hulst,,Tue Aug 27 2024 07:00:00 GMT+0000 (Coordinated Universal Time),09:00,,"Hulst, Nederlands",,"Hulst is een oude stad, gebouwd als onderdeel van de Staats-Spaanse linie. Achter de vestingmuren is het een klein Nederlands-Zeeuws stadje. Maak een wandeling door de stad.","Hulst est une ancienne ville vaubanisée dans le cadre de la ""Staats-Spaanse linie"", derrière ses remparts c'est une petite ville hollando-zélandaise. Promenade à travers le tout. ",Vertrek met de trein vanuit Brussel-Noord (na 9u). Terugkeer naar Brussel rond 20.00 uur. Reken op een budget van €15 + maaltijd en drankjes.,Départ en train à Bruxelles-Nord (après 9h). Retour à Bxl vers 20h. Prévoir un budget de 15€ + consommations,dinsdag,mardi,augustus,août,Gepubliceerd,
Reistrip met Leopold : Maastricht,reistrip-met-leopold-maastricht,6218bc292822d0fe3ce3347b,653ad4ede882f528b327d8f8,6686a12a02be3a7a9a5b2dc2,false,false,Thu Jul 04 2024 13:18:34 GMT+0000 (Coordinated Universal Time),Thu Jul 04 2024 13:18:34 GMT+0000 (Coordinated Universal Time),Thu Jul 04 2024 13:19:19 GMT+0000 (Coordinated Universal Time),Excursion avec Léopold : Maastricht,,Sat Aug 10 2024 06:05:00 GMT+0000 (Coordinated Universal Time),08:00,,"Maastricht, Nederlands",,Bezoek aan de stad en de Sint-Servaaskathedraal,Visite de la ville et de la Cathédrale Saint Servais,Vertrek met de trein vanuit Brussel-Noord (8.07u). Terugkeer naar Brussel rond 20.00 uur. Reken op een budget van €30 + maaltijd en drankjes.,Départ en train à Bruxelles-Nord (8h07). Retour à Bxl vers 20h. Prévoir un budget de 30€ + consommations,zaterdag,samedi,augustus,août,Gepubliceerd,
Reistrip met Leopold : Ronse,reistrip-met-leopold-ronse,6218bc292822d0fe3ce3347b,653ad4ede882f528b327d8f8,6686a089fa198b9cb504ffd3,false,false,Thu Jul 04 2024 13:15:53 GMT+0000 (Coordinated Universal Time),Thu Jul 04 2024 13:15:53 GMT+0000 (Coordinated Universal Time),Thu Jul 04 2024 13:19:19 GMT+0000 (Coordinated Universal Time),Excursion avec Léopold : Renaix,,Wed Aug 07 2024 07:00:00 GMT+0000 (Coordinated Universal Time),09:00,,Ronse - Oost Vlaanderen,,Bezoek aan de stad en het weverijmuseum,Visite de la ville et du musée des tissages,Vertrek met de trein vanuit Brussel-Noord (na 9u). Terugkeer naar Brussel rond 20.00 uur. Reken op een budget van €20 + maaltijd en drankjes.,Départ en train à Bruxelles-Nord (après 9h). Retour à Bxl vers 20h. Prévoir un budget de 20€ + consommations,woensdag,mercredi,augustus,août,Gepubliceerd,
Renovaties van de buurtafvalbak (pijlstraat),renovaties-van-de-buurtafvalbak-pijlstraat,6218bc292822d0fe3ce3347b,653ad4ede882f528b327d8f8,686fcae2ff96767e352e271e,false,false,Thu Jul 10 2025 14:14:58 GMT+0000 (Coordinated Universal Time),Thu Jul 10 2025 14:14:58 GMT+0000 (Coordinated Universal Time),Thu Jul 10 2025 14:14:58 GMT+0000 (Coordinated Universal Time),Rénovation des bacs de quartier (rue de la Flêche),,Wed Jul 23 2025 21:30:00 GMT+0000 (Coordinated Universal Time),11:30,,Rue de la Flêche - Pijlstraat,,"In het kader van het wijkcontract organiseert de Boerderij van het Park Maximiliaan de renovatie van de plantenbakken in de Pijlstraat voor de grote flatgebouwen. Bij dit eerste evenement (er volgen er nog meer op 27 augustus en 24 september) worden de huidige bakken opgeruimd, het hout verwijderd en nieuwe aarde aangebracht. Je kunt meedoen door mee te helpen op het terrein, eten of drinken klaar te maken (tarief zelf te bepalen) of gewoon langs te komen voor een praatje.","La Ferme du Parc Maximilien organise, dans le cadre du contrat de quartier, la rénovation des bacs de quartier, situés rue de la Flêche devant les grands immeubles à appartement. Ce premier rendez-vous (il y en aura d'autres le 27 août et le 24 septembre) consistera à nettoyer les bacs actuels, enlever le bois et mettre de la nouvelle terre. Vous pouvez participer en venant donner un coup de main au chantier, préparer à manger ou à boire (prix libre) ou venir simplement pour discuter. ",,,woensdag,mercredi,juli,juillet,Gepubliceerd,
repas de saint valentin,repas-de-saint-valentin,6218bc292822d0fe3ce3347b,653ad4ede882f528b327d8f8,6981e8eb096df199dfa3e9f6,false,false,Tue Feb 03 2026 12:24:11 GMT+0000 (Coordinated Universal Time),Tue Feb 03 2026 12:24:11 GMT+0000 (Coordinated Universal Time),Tue Feb 03 2026 12:24:11 GMT+0000 (Coordinated Universal Time),,,Fri Feb 13 2026 22:30:00 GMT+0000 (Coordinated Universal Time),11h30,16h,de harmonie,,repas de saint valentin +petite activité de saint valentin,,,,vrijdag,vendredi,februari,fevrier ,,
Rijstrip : Martelange,rijstrip-martelange,6218bc292822d0fe3ce3347b,653ad4ede882f528b327d8f8,642ececf93f227c8624b1efe,false,false,Thu Apr 06 2023 13:53:19 GMT+0000 (Coordinated Universal Time),Thu Apr 06 2023 13:53:19 GMT+0000 (Coordinated Universal Time),Thu Apr 06 2023 13:53:29 GMT+0000 (Coordinated Universal Time),Excursion : Martelange,,Sat Apr 22 2023 05:00:00 GMT+0000 (Coordinated Universal Time),7:00,,"Martelange, Luxembourg",7.80 + TEC,Leopold neemt je mee naar Luxemburg in het stadje Martelange. Een bucolisch uitstapje en belastingvrij winkelen :) ,Leopold vous emmène au Luxembourg dans la petite ville de Martelange. Voyage bucolique et shopping détaxé au menu :) ,,,zaterdag,samedi,april,avril,Gepubliceerd,
Rummikub Toernooi (eerste ronde),rummikub-toernooi-eerste-ronde,6218bc292822d0fe3ce3347b,653ad4ede882f528b327d8f8,641c38a1f93467071c35531f,false,false,Thu Mar 23 2023 11:31:45 GMT+0000 (Coordinated Universal Time),Thu Mar 23 2023 11:31:45 GMT+0000 (Coordinated Universal Time),Thu Mar 23 2023 16:11:03 GMT+0000 (Coordinated Universal Time),Tournoi de Rummikub (première manche),,Tue Apr 04 2023 12:00:00 GMT+0000 (Coordinated Universal Time),14:00,16:00,"LDC Forum, Muggenstraat 5 (naast Fontainasplein)",,"Het Rummikub Toernooi keert terug!!! De eerste ronde vindt plaats op dinsdag 4 april in het Forum Service Centrum, de tweede ronde vindt plaats op dinsdag 11 april in De Harmonie. Het is mogelijk om aan slechts één van de 2 rondes deel te nemen, maar het is verplicht om aan beide rondes deel te nemen om tot winnaar te worden uitgeroepen. ","Le retour du Tournoi de Rummikub !!! La première manche aura lieu le mardi 4 avril au centre de service Forum, la seconde manche aura lieu le mardi 11 avril à De Harmonie. Il est possible de ne participer qu'à une seule des 2 manches mais il faudra obligatoirement participer aux 2 manches pour pouvoir être déclaré vainqueur. ",Informatie en inschrijving bij de receptie.,Infos et inscriptions à l'accueil.,dinsdag,mardi,april,avril,Gepubliceerd,
Rummikub Toernooi (tweede ronde),rummikub-toernooi-tweede-ronde,6218bc292822d0fe3ce3347b,653ad4ede882f528b327d8f8,641c38dc1fc9e43be1f4c6bb,false,false,Thu Mar 23 2023 11:32:44 GMT+0000 (Coordinated Universal Time),Thu Mar 23 2023 11:32:44 GMT+0000 (Coordinated Universal Time),Thu Mar 23 2023 16:11:03 GMT+0000 (Coordinated Universal Time),Tournoi de Rummikub (deuxième manche),,Tue Apr 11 2023 12:00:00 GMT+0000 (Coordinated Universal Time),14:00,16:00,De Harmonie,,"Het Rummikub Toernooi keert terug!!! De eerste ronde vindt plaats op dinsdag 4 april in het Forum Service Centrum, de tweede ronde vindt plaats op dinsdag 11 april in De Harmonie. Het is mogelijk om aan slechts één van de 2 rondes deel te nemen, maar het is verplicht om aan beide rondes deel te nemen om tot winnaar te worden uitgeroepen. ","Le retour du Tournoi de Rummikub !!! La première manche aura lieu le mardi 4 avril au centre de service Forum, la seconde manche aura lieu le mardi 11 avril à De Harmonie. Il est possible de ne participer qu'à une seule des 2 manches mais il faudra obligatoirement participer aux 2 manches pour pouvoir être déclaré vainqueur. ",Informatie en inschrijving bij de receptie.,Infos et inscriptions à l'accueil.,dinsdag,mardi,april,avril,Gepubliceerd,
"RUMMIKUB TOORNOOI, Deel 1",rummikub-toornooi-deel-1,6218bc292822d0fe3ce3347b,653ad4ede882f528b327d8f8,65dde1422806d13093f1a37f,false,false,Tue Feb 27 2024 13:18:58 GMT+0000 (Coordinated Universal Time),Tue Feb 27 2024 13:18:58 GMT+0000 (Coordinated Universal Time),Tue Feb 27 2024 13:20:02 GMT+0000 (Coordinated Universal Time),"TOURNOI DE RUMMIKUB, Partie 1",,Mon Mar 25 2024 13:00:00 GMT+0000 (Coordinated Universal Time),14:00,16:00,De Harmonie,,"Het Rummikub Toernooi is terug!!! Wederom georganiseerd door Forum, Het Anker en De Harmonie, zal het toernooi plaatsvinden over 2 dagen. Maandag 25/03 bij De Harmonie en dinsdag 26/03 bij Forum. ","Le Tournoi de Rummikub est de retour !!! Organisé à nouveau par Forum, Het Anker et De Harmonie, le tournoi aura lieu sur 2 jours. Le lundi 25/03 à De Harmonie et le mardi 26/03 à Forum. ",Inschrijving bij de receptie,Inscriptions à l'accueil,maandag,lundi,maart,mars,Gepubliceerd,
"RUMMIKUB TOORNOOI, Deel 2",rummikub-toornooi-deel-2,6218bc292822d0fe3ce3347b,653ad4ede882f528b327d8f8,65dde17d6820d39010bc20d5,false,false,Tue Feb 27 2024 13:19:57 GMT+0000 (Coordinated Universal Time),Tue Feb 27 2024 13:19:57 GMT+0000 (Coordinated Universal Time),Tue Feb 27 2024 13:20:02 GMT+0000 (Coordinated Universal Time),"TOURNOI DE RUMMIKUB, Partie 2",,Tue Mar 26 2024 13:00:00 GMT+0000 (Coordinated Universal Time),14:00,16:00,"Forum, Rue des Moucherons 5 à 1000 Bruxelles",,"Het Rummikub Toernooi is terug!!! Wederom georganiseerd door Forum, Het Anker en De Harmonie, zal het toernooi plaatsvinden over 2 dagen. Maandag 25/03 bij De Harmonie en dinsdag 26/03 bij Forum. ","Le Tournoi de Rummikub est de retour !!! Organisé à nouveau par Forum, Het Anker et De Harmonie, le tournoi aura lieu sur 2 jours. Le lundi 25/03 à De Harmonie et le mardi 26/03 à Forum. ",Inschrijving bij de receptie,Inscriptions à l'accueil,dinsdag,mardi,maart,mars,Gepubliceerd,
Samen aan Winterpret 2024,samen-aan-winterpret-2024,6218bc292822d0fe3ce3347b,653ad4ede882f528b327d8f8,6745eff495883783c979c253,false,false,Tue Nov 26 2024 15:57:40 GMT+0000 (Coordinated Universal Time),Thu Dec 12 2024 11:30:02 GMT+0000 (Coordinated Universal Time),Thu Dec 12 2024 11:31:30 GMT+0000 (Coordinated Universal Time),Ensemble aux Plaisirs d'Hiver 2024,,Tue Dec 17 2024 13:00:00 GMT+0000 (Coordinated Universal Time),14:00,,Bruxelles centre,,"Amaury neem je mee op een rondleiding over Winterpret, een van de beste kerstmarkten van Europa.","Amaury vous emmène découvrir les Plaisirs d'Hiver, l'un des meilleurs marché de Noël d'Europe. ",,,dinsdag,mardi,december,decembre,Gepubliceerd,
"SENIORENWEEK : Extravaganzza, het excentrieke seniorenfeest !",seniorenweek-extravaganzza-het-excentrieke-seniorenfeest,6218bc292822d0fe3ce3347b,653ad4ede882f528b327d8f8,68d2764289ed170182e3fabc,false,false,Tue Sep 23 2025 10:28:18 GMT+0000 (Coordinated Universal Time),Tue Sep 23 2025 10:28:18 GMT+0000 (Coordinated Universal Time),Tue Sep 23 2025 10:28:18 GMT+0000 (Coordinated Universal Time),"SEMAINE DES SENIORS : Extravaganzza, la boum excentrique des seniors !",,Fri Oct 03 2025 12:00:00 GMT+0000 (Coordinated Universal Time),14:00,18:00,Salle de la Milice van het stadhuis,0,"Cabaret, glitter en kleurrijke humor, in een sfeer die vrij geïnspireerd is op het mythische cabaret Chez Michou.
Dans, plezier en energie verzekerd om deze week feestelijk af te sluiten !
Gratis toegang – inschrijving verplicht","Cabaret, paillettes et humour haut en couleur, dans une ambiance librement inspirée du mythique cabaret Chez Michou.
Danses, rires et énergie au rendez-vous pour clôturer cette semaine en beauté !
Entrée gratuite – inscription obligatoire","📧 senior@brucity.be | 📞 02 279 22 56
",📧 senior@brucity.be | 📞 02/279.22.56,vrijdag,vendredi,oktober,octobre,Gepubliceerd,
SENIORENWEEK : Lezing door Alain Gerlache (Fr.),seniorenweek-lezing-door-alain-gerlache-fr,6218bc292822d0fe3ce3347b,653ad4ede882f528b327d8f8,68d275421287f09256d0dc34,false,false,Tue Sep 23 2025 10:24:02 GMT+0000 (Coordinated Universal Time),Tue Sep 23 2025 10:24:02 GMT+0000 (Coordinated Universal Time),Tue Sep 23 2025 10:24:02 GMT+0000 (Coordinated Universal Time),SEMAINE DES SENIORS : Conférence d'Alain Gerlache,,Thu Oct 02 2025 12:00:00 GMT+0000 (Coordinated Universal Time),14:00,,Salle Gothique van het stadhuis,0,"“België aan de vooravond van haar tweehonderdste verjaardag”
Een prikkelende blik op de toekomst van het land en veranderingen in de samenleving.
Gratis – inschrijving gewenst","« La Belgique à l’aube de son bicentenaire »
Un regard stimulant sur l’avenir du pays et les mutations de la société.
Gratuit - Inscription souhaitée","📧 senior@brucity.be | 📞 02 279 22 56
",📧 senior@brucity.be | 📞 02/279.22.56,donderdag,jeudi,oktober,octobre,Gepubliceerd,
SENIORENWEEK : Rondleidingen,seniorenweek-rondleidingen,6218bc292822d0fe3ce3347b,653ad4ede882f528b327d8f8,68d2717ff78feac96e34f0d7,false,false,Tue Sep 23 2025 10:07:59 GMT+0000 (Coordinated Universal Time),Tue Sep 23 2025 10:07:59 GMT+0000 (Coordinated Universal Time),Tue Sep 23 2025 10:07:59 GMT+0000 (Coordinated Universal Time),SEMAINE DES SENIORS : Visites guidées,,Mon Sep 29 2025 08:00:00 GMT+0000 (Coordinated Universal Time),,,Plusieurs lieux à Bruxelles,0,"Geschiedenis, architectuur en culturele wortels zijn thema’s die senioren als geen ander interesseren. Via een selectie van rondleidingen ontdek je verborgen parels en iconische plekken van de hoofdstad. Registratie verplicht. Bezoeken naar keuze : ""Het Egmontpark & de Kleine Zavel"", ""Het Warandepark"", ""Art Nouveau en de Squareswijk"", ""De begraafplaats van Laken, het Brusselse Père Lachaise"", ""Haren, het laatste dorp van Brussel"" en ""Immersive bezoeken (3D) van het Museum van de Stad Brussel en/of Riolenmuseum"".","L’histoire, l’architecture et les racines culturelles parlent aux seniors comme à nul autre. À travers une sélection de visites guidées, partez à la rencontre des joyaux cachés et emblématiques de la capitale. Inscription obligatoire. Visites au choix : ""Le Parc d'Egmont & le Petit Sablon"", ""Le Parc Royal"", ""L'Art Nouveau et le Quartier des Squares"", ""Le Cimetière de Laeken, le Père Lachaise Bruxellois"", ""Haren, le dernier village de Bruxelles"" et ""Visites immersives (3D) du Musée de la Ville et/ou du Musée des Égouts""","Comfortabele kleding, aangepast aan het weer, is aanbevolen.
📧 senior@brucity.be | 📞 02 279 22 56","Tenue confortable et adaptée à la météo conseillée.
📧 senior@brucity.be | 📞 02/279.22.56",maandag,lundi,september,septembre,Gepubliceerd,
SENIORENWEEK : Senior Focus-Box,seniorenweek-senior-focus-box,6218bc292822d0fe3ce3347b,653ad4ede882f528b327d8f8,68d2747d14ffa15e024d6589,false,false,Tue Sep 23 2025 10:20:45 GMT+0000 (Coordinated Universal Time),Tue Sep 23 2025 10:20:45 GMT+0000 (Coordinated Universal Time),Tue Sep 23 2025 10:20:45 GMT+0000 (Coordinated Universal Time),SEMAINE DES SENIORS : Boîte Senior Focus,,Wed Oct 01 2025 09:00:00 GMT+0000 (Coordinated Universal Time),11:00,,Salle Gothique van het stadhuis,0,"Maak kennis met de Senior Focus-box, een levensreddend hulpmiddel voor alleenwonende senioren. De box wordt in de koelkast gelegd en bevat medische en persoonlijke informatie voor de hulpdiensten bij noodgevallen.
Gratis – inschrijving gewenst","Découvrez la boîte Senior Focus, un dispositif vital pour les seniors vivant seuls. Placée dans le frigo, elle contient des infos médicales et personnelles à destination des secours en cas d’urgence.
Gratuit - Inscription souhaitée","📧 senior@brucity.be | 📞 02 279 22 56
Na het evenement zijn de boxen verkrijgbaar:
• In de buurthuizen
• Bij de gemeentediensten (Brucity + wijkkantoren)
Meer info volgt via de adviesraad voor senioren.","📧 senior@brucity.be | 📞 02/279.22.56
Après l’événement, les boîtes seront disponibles :
• Dans les maisons de quartier
• À l’administration communale (Brucity + antennes)
Infos complémentaires à venir via le CCCA (Conseil Consultatif des Ainés).",woensdag,mercredi,oktober,octobre,Gepubliceerd,
"SENIORENWEEK : ""Senioren / Goldies : nieuwe pioniers, knowhow en ondernemerschap""",seniorenweek-senioren-goldies-nieuwe-pioniers-knowhow-en-ondernemerschap,6218bc292822d0fe3ce3347b,653ad4ede882f528b327d8f8,68d2731ccc23e36e7594715f,false,false,Tue Sep 23 2025 10:14:52 GMT+0000 (Coordinated Universal Time),Tue Sep 23 2025 10:14:52 GMT+0000 (Coordinated Universal Time),Tue Sep 23 2025 10:14:52 GMT+0000 (Coordinated Universal Time),"SEMAINE DES SENIORS : ""Seniors/Goldies : nouveaux pionniers, savoir-faire et entrepreneuriat""",,Tue Sep 30 2025 13:00:00 GMT+0000 (Coordinated Universal Time),15:00,,"Tour à Plomb, Slachthuisstraat 24, 1000 Bruxelles",0,"VERNISSAGE VAN DE TENTOONSTELLING:
‘Senioren / Goldies: nieuwe pioniers, knowhow en ondernemerschap’
Een expo die de durf, expertise en het talent van ondernemende senioren in de verf zet.
In samenwerking met de buurthuizen, hub.brussels en tal van partners.","VERNISSAGE DE L’EXPOSITION :
“Seniors / Goldies : nouveaux pionniers, savoir-faire et entrepreneuriat”
Une expo qui valorise l’audace, l’expertise et le talent des seniors entrepreneurs.
En collaboration avec les maisons de quartier, hub.brussels et de nombreux partenaires.",📧 senior@brucity.be | 📞 02 279 22 56,📧 senior@brucity.be | 📞 02/279.22.56,dinsdag,mardi,september,septembre,Gepubliceerd,
Serviettage workshop,serviettage-workshop-24,6218bc292822d0fe3ce3347b,653ad4ede882f528b327d8f8,66cc88df55dc5cac26759b5a,false,false,Mon Aug 26 2024 13:53:35 GMT+0000 (Coordinated Universal Time),Mon Aug 26 2024 13:53:35 GMT+0000 (Coordinated Universal Time),Mon Aug 26 2024 14:00:34 GMT+0000 (Coordinated Universal Time),Atelier de Serviettage,,Mon Sep 23 2024 12:00:00 GMT+0000 (Coordinated Universal Time),14:00,16:00,De Harmonie,,"Bij deze activiteit, voorgesteld door Cathy & Yvette, worden uit papieren servetten geknipte patronen geplakt en vervolgens op verschillende oppervlakken geplakt om ze te versieren. Het is een leuke en eenvoudige hobby waarbij je je creativiteit en fantasie de vrije loop kunt laten. Kom en geef je alledaagse voorwerpen een nieuw leven. ","Activité proposée par Cathy & Yvette, le serviettage est une technique qui consiste à coller des motifs découpés dans des serviettes en papier, et, ensuite, à les coller sur différents supports, dans le but de les décorer. C’est un loisir à la fois amusant et simple, qui permet de laisser libre cours à sa créativité et à son imagination. Venez offrir une nouvelle jeunesse à vos objets du quotidien. ",,,maandag,lundi,september,septembre,Gepubliceerd,
SIPPELBERG : Patrick Onzia,sippelberg-patrick-onzia,6218bc292822d0fe3ce3347b,653ad4ede882f528b327d8f8,676d6155e9360a3211f97c4c,false,false,Thu Dec 26 2024 13:59:49 GMT+0000 (Coordinated Universal Time),Thu Dec 26 2024 13:59:49 GMT+0000 (Coordinated Universal Time),Thu Dec 26 2024 13:59:49 GMT+0000 (Coordinated Universal Time),SIPPELBERG : Patrick Onzia,,Thu Feb 20 2025 13:30:00 GMT+0000 (Coordinated Universal Time),14:30,,"Sippelberg, Avenue du Sippelberglaan 1 à 1080 Molenbeek",3,"Zanger en acteur Patrick Onzia, bekend van verschillende hits en series, zakt naar Molenbeek om jullie een muzikale show te brengen.","Le chanteur et acteur Patrick Onzia, connu pour ses nombreux succès et séries, débarque à Molenbeek pour vous offrir un spectacle musical. ",,,donderdag,jeudi,februari,février,Gepubliceerd,
SLOTDAG : Belgische Nationale Feestdag,slotdag-belgische-nationale-feestdag,6218bc292822d0fe3ce3347b,653ad4ede882f528b327d8f8,64942dbba8eb7e3b6f4c101a,false,false,Thu Jun 22 2023 11:17:15 GMT+0000 (Coordinated Universal Time),Thu Jun 26 2025 11:02:46 GMT+0000 (Coordinated Universal Time),Thu Jun 26 2025 11:02:46 GMT+0000 (Coordinated Universal Time),FERMETURE : Fête Nationale Belge,,Fri Jul 21 2023 05:30:00 GMT+0000 (Coordinated Universal Time),,,Place des Palais,,"Militaire parade, frietkegels en warme wafels, Tiroolse traverse op het Poelaertplein en allerlei ander vermaak in de Regentschapsstraat, vuurwerk, enz. Om al deze redenen sluiten we onze deuren net lang genoeg om feest te vieren in het centrum van de stad :) ","Défilé militaire, cornets de frites et gaufres chaudes, tyrolienne Place Poelaert et autres animations en tout genre sur la Rue de la Régence, Feu d'Artifice,... Toutes ces raisons nous poussent à fermer nos portes le temps d'aller faire la fête dans le centre-ville :) ",,,vrijdag,vendredi,juli,juillet,Gepubliceerd,
SLOTDAG : Onze-Lieve-Vrouw Hemelvaart,slotdag-onze-lieve-vrouw-hemelvaart,6218bc292822d0fe3ce3347b,653ad4ede882f528b327d8f8,649436dec65890c75d2d3810,false,false,Thu Jun 22 2023 11:56:14 GMT+0000 (Coordinated Universal Time),Thu Jun 22 2023 11:56:14 GMT+0000 (Coordinated Universal Time),Thu Jun 22 2023 11:56:50 GMT+0000 (Coordinated Universal Time),FERMETURE : Assomption,,Tue Aug 15 2023 07:30:00 GMT+0000 (Coordinated Universal Time),,,Paradis,,Tot morgen :) ,A demain :) ,,,dinsdag,mardi,augustus,août,Gepubliceerd,
🔒 SLUITINGSDAG : achter Kerstmis ,sluitingsdag-achter-kerstmis,6218bc292822d0fe3ce3347b,653ad4ede882f528b327d8f8,692db04ec145e9c3a7b9c752,false,false,Mon Dec 01 2025 15:12:14 GMT+0000 (Coordinated Universal Time),Tue Dec 02 2025 13:54:37 GMT+0000 (Coordinated Universal Time),Tue Dec 02 2025 13:54:37 GMT+0000 (Coordinated Universal Time),🔒 JOUR DE FERMETURE : après Noël,,Fri Dec 26 2025 06:00:00 GMT+0000 (Coordinated Universal Time),,,,,"We hebben Kerstmis goed gevierd, nu nemen we een paar dagen om bij te komen :) ","On a bien fêté Noël, on prend quelques jours pour s'en remettre :) ",,,vrijdag,vendredi,december,decembre,Gepubliceerd,
🔒 SLUITINGSDAG : achter Kerstmis (nog een keer),sluitingsdag-achter-kerstmis-nog-een-keer,6218bc292822d0fe3ce3347b,653ad4ede882f528b327d8f8,692db0a62bab178c3c9e0464,false,false,Mon Dec 01 2025 15:13:42 GMT+0000 (Coordinated Universal Time),Tue Dec 02 2025 13:54:22 GMT+0000 (Coordinated Universal Time),Tue Dec 02 2025 13:54:22 GMT+0000 (Coordinated Universal Time),🔒 JOUR DE FERMETURE : après Noël (encore une fois),,Sat Dec 27 2025 06:00:00 GMT+0000 (Coordinated Universal Time),,,,,"We hebben Kerstmis goed gevierd, nu nemen we een paar dagen om bij te komen :) ","On a bien fêté Noël, on prend quelques jours pour s'en remettre :) ",,,zaterdag,samedi,december,decembre,Gepubliceerd,
SLUITINGSDAG : Allerheiligen,sluitingsdag-allerheiligen,6218bc292822d0fe3ce3347b,653ad4ede882f528b327d8f8,68d159775235e1e52af1aa06,false,false,Mon Sep 22 2025 14:13:11 GMT+0000 (Coordinated Universal Time),Mon Sep 22 2025 14:13:11 GMT+0000 (Coordinated Universal Time),Mon Sep 22 2025 14:13:11 GMT+0000 (Coordinated Universal Time),JOUR DE FERMETURE : Toussaint,,Sat Nov 01 2025 06:00:00 GMT+0000 (Coordinated Universal Time),,,,,,,,,zaterdag,samedi,november,novembre,Gepubliceerd,
SLUITINGSDAG : Dag van de Arbeid,sluitingsdag-dag-van-de-arbeid-2,6218bc292822d0fe3ce3347b,653ad4ede882f528b327d8f8,67e2b8f95443dab05b770cd9,false,false,Tue Mar 25 2025 14:08:57 GMT+0000 (Coordinated Universal Time),Tue Mar 25 2025 14:08:57 GMT+0000 (Coordinated Universal Time),Tue Mar 25 2025 14:08:57 GMT+0000 (Coordinated Universal Time),JOUR DE FERMETURE : Fête du Travail,,Thu May 01 2025 07:00:00 GMT+0000 (Coordinated Universal Time),,,,,"Om het werk goed te vieren, laten we het een dag met rust :)","Pour fêter le travail comme il se doit, on le laisse tranquille pendant une journée :) ",,,donderdag,jeudi,mei,mai,Gepubliceerd,
SLUITINGSDAG : Feest van Maria Hemelvaart ,sluitingsdag-feest-van-maria-hemelvaart-3,6218bc292822d0fe3ce3347b,653ad4ede882f528b327d8f8,687913493bd8819ed4f76d16,false,false,Thu Jul 17 2025 15:14:17 GMT+0000 (Coordinated Universal Time),Thu Jul 17 2025 15:14:17 GMT+0000 (Coordinated Universal Time),Thu Jul 17 2025 15:14:17 GMT+0000 (Coordinated Universal Time),JOUR DE FERMETURE : Fête de l'Assomption,,Fri Aug 15 2025 05:00:00 GMT+0000 (Coordinated Universal Time),,,,,,,,,vrijdag,vendredi,augustus,août,Gepubliceerd,
SLUITINGSDAG : Hemelvaartsdag,sluitingsdag-hemelvaartsdag-2,6218bc292822d0fe3ce3347b,653ad4ede882f528b327d8f8,680a28439e3d7135ce9b0bb2,false,false,Thu Apr 24 2025 12:02:11 GMT+0000 (Coordinated Universal Time),Thu Apr 24 2025 12:02:11 GMT+0000 (Coordinated Universal Time),Thu Apr 24 2025 12:02:11 GMT+0000 (Coordinated Universal Time),JOUR DE FERMETURE : Jeudi de l'Ascension,,Thu May 29 2025 07:00:00 GMT+0000 (Coordinated Universal Time),,,,,,,,,donderdag,jeudi,mei,mai,Gepubliceerd,
SLUITINGSDAG : Jaarlijkse Algemene Vergadering Poutrel,sluitingsdag-jaarlijkse-algemene-vergadering-poutrel,6218bc292822d0fe3ce3347b,653ad4ede882f528b327d8f8,680a27c4b0891f7ff3bd274f,false,false,Thu Apr 24 2025 12:00:04 GMT+0000 (Coordinated Universal Time),Thu Apr 24 2025 12:00:04 GMT+0000 (Coordinated Universal Time),Thu Apr 24 2025 12:00:04 GMT+0000 (Coordinated Universal Time),JOUR DE FERMETURE : Assemblée Générale Poutrel,,Thu May 22 2025 05:00:00 GMT+0000 (Coordinated Universal Time),,,,,"Vanwege een algemene vergadering van alle Poutrel-leden (De Harmonie, Het Anker, Forum, Miro, Cosmos, Vives & BricoTeam) zijn we de hele dag gesloten. ","En raison d'une assemblée générale de tous les membres Poutrel (De Harmonie, Het Anker, Forum, Miro, Cosmos, Vives & BricoTeam), nous serons fermés toute la journée. ",,,donderdag,jeudi,mei,mai,Gepubliceerd,
🔒 SLUITINGSDAG : Kerstmis,sluitingsdag-kerstmis-2,6218bc292822d0fe3ce3347b,653ad4ede882f528b327d8f8,692daefaecbbf6a3ea368edb,false,false,Mon Dec 01 2025 15:06:34 GMT+0000 (Coordinated Universal Time),Tue Dec 02 2025 13:56:07 GMT+0000 (Coordinated Universal Time),Tue Dec 02 2025 13:56:07 GMT+0000 (Coordinated Universal Time),🔒 JOUR DE FERMETURE : Noël,,Thu Dec 25 2025 06:00:00 GMT+0000 (Coordinated Universal Time),,,,,"Vrolijk kerstfeest, iedereen ! 🎅🦌🎄",Joyeux Noël tout le monde ! 🎅🦌🎄,,,donderdag,jeudi,december,decembre,Gepubliceerd,
Sluitingsdag : Nieuwjaar,sluitingsdag-nieuwjaar,6218bc292822d0fe3ce3347b,653ad4ede882f528b327d8f8,67485bd13720942741e57d5e,false,false,Thu Nov 28 2024 12:02:25 GMT+0000 (Coordinated Universal Time),Thu Nov 28 2024 12:02:25 GMT+0000 (Coordinated Universal Time),Thu Nov 28 2024 12:02:37 GMT+0000 (Coordinated Universal Time),Jour de fermeture : Nouvel An,,Wed Jan 01 2025 06:00:00 GMT+0000 (Coordinated Universal Time),,,,,"Gelukkig Nieuwjaar, iedereen !",Bonne Année tout le monde !,,,woensdag,mercredi,januari,janvier,Gepubliceerd,
🔒 SLUITINGSDAG : Nieuwjaar,sluitingsdag-nieuwjaar-2,6218bc292822d0fe3ce3347b,653ad4ede882f528b327d8f8,692daf53d48984c23efe66c7,false,false,Mon Dec 01 2025 15:08:03 GMT+0000 (Coordinated Universal Time),Tue Dec 02 2025 13:54:52 GMT+0000 (Coordinated Universal Time),Tue Dec 02 2025 13:54:52 GMT+0000 (Coordinated Universal Time),🔒 JOUR DE FERMETURE : Nouvel An,,Thu Jan 01 2026 06:00:00 GMT+0000 (Coordinated Universal Time),,,,,"Gelukkig Nieuwjaar, iedereen !",Bonne Année tout le monde !,,,donderdag,jeudi,januari,janvier,Gepubliceerd,
SLUITINGSDAG : Pinkstermaandag,sluitingsdag-pinkstermaandag-2,6218bc292822d0fe3ce3347b,653ad4ede882f528b327d8f8,68346bc312ea40b813e941a4,false,false,Mon May 26 2025 13:25:23 GMT+0000 (Coordinated Universal Time),Mon May 26 2025 13:25:23 GMT+0000 (Coordinated Universal Time),Mon May 26 2025 13:25:23 GMT+0000 (Coordinated Universal Time),JOUR DE FERMETURE : Lundi de Pentecôte,,Mon Jun 09 2025 07:00:00 GMT+0000 (Coordinated Universal Time),,,,,,,,,maandag,lundi,juni,juin,Gepubliceerd,
SLUITINGSDAG : Wapenstilstand,sluitingsdag-wapenstilstand,6218bc292822d0fe3ce3347b,653ad4ede882f528b327d8f8,68f76aaa268cf9a3aff1f435,false,false,Tue Oct 21 2025 11:12:42 GMT+0000 (Coordinated Universal Time),Tue Oct 21 2025 11:12:42 GMT+0000 (Coordinated Universal Time),Tue Oct 21 2025 11:12:42 GMT+0000 (Coordinated Universal Time),JOUR DE FERMETURE : Armistice,,Tue Nov 11 2025 11:41:00 GMT+0000 (Coordinated Universal Time),,,,,"We zullen gesloten zijn, maar er zal een herdenking plaatsvinden voor de Congreskolom in aanwezigheid van koning Filip en de regering. Een mooie gelegenheid om degenen te bedanken die voor onze vrijheid hebben gevochten in een tijd waarin die vrijheid talrijke bedreigingen ondergaat. ",Nous serons fermés mais une commémoration aura lieu devant la Colonne du Congrès en présence du Roi Philippe et du gouvernement. Une belle occasion de remercier ceux qui se sont battus pour notre liberté à l'heure où celle-ci subit de nombreuses menaces. ,,,dinsdag,mardi,november,novembre,Gepubliceerd,
🔒 SLUITINGSNAMIDDAG : voor Kerstmis,sluitingsnamiddag-voor-kerstmis,6218bc292822d0fe3ce3347b,653ad4ede882f528b327d8f8,692db9e30c30aec838c1a7b5,false,false,Mon Dec 01 2025 15:53:07 GMT+0000 (Coordinated Universal Time),Tue Dec 02 2025 13:54:05 GMT+0000 (Coordinated Universal Time),Tue Dec 02 2025 13:54:05 GMT+0000 (Coordinated Universal Time),🔒 APRÈS-MIDI DE FERMETURE : avant Noël ,,Wed Dec 24 2025 06:00:00 GMT+0000 (Coordinated Universal Time),14:00,,,,"Om ons goed voor te kunnen bereiden op Kerstmis, sluiten we vandaag uitzonderlijk om 14 uur. Fijne feestdagen 🥳​🎅","Afin de pouvoir préparer Noël comme il se doit, nous fermons exceptionnellement à 14h. Bonne fête à vous 🥳​🎅",,,woensdag,mercredi,december,decembre,Gepubliceerd,
🔒 SLUITINGSNAMIDDAG : voor Nieuwjaar,sluitingsnamiddag-voor-nieuwjaar,6218bc292822d0fe3ce3347b,653ad4ede882f528b327d8f8,692dba5a7e2233ad96eba142,false,false,Mon Dec 01 2025 15:55:06 GMT+0000 (Coordinated Universal Time),Tue Dec 02 2025 13:53:52 GMT+0000 (Coordinated Universal Time),Tue Dec 02 2025 13:53:52 GMT+0000 (Coordinated Universal Time),🔒 APRÈS-MIDI DE FERMETURE : avant Nouvel An ,,Wed Dec 31 2025 06:00:00 GMT+0000 (Coordinated Universal Time),14:00,,,,"Om ons goed voor te kunnen bereiden op Nieuwjaar, sluiten we vandaag uitzonderlijk om 14 uur. Fijne feestdagen 🥳​","Afin de pouvoir préparer le Nouvel An comme il se doit, nous fermons exceptionnellement à 14h. Bonne fête à vous 🥳​",,,woensdag,mercredi,december,decembre,Gepubliceerd,
Smartphone & Tablet(te),smartphone-tablet-te-8,6218bc292822d0fe3ce3347b,653ad4ede882f528b327d8f8,6399dc44dd745c78ec89dac7,false,false,Wed Dec 14 2022 14:23:00 GMT+0000 (Coordinated Universal Time),Thu Dec 22 2022 15:29:06 GMT+0000 (Coordinated Universal Time),Wed Dec 28 2022 09:48:14 GMT+0000 (Coordinated Universal Time),Smartphone & Tablet(te),102,Thu Dec 22 2022 09:00:00 GMT+0000 (Coordinated Universal Time),10:00,12:00,De Harmonie,3,Je telefoon kan meer dan je denkt. Kom naar de les en leer bij !,Votre téléphone peut faire plus que vous ne le pensez. Venez en classe et apprenez !,Vergeet je lader niet :),N’oubliez pas votre chargeur :),donderdag,jeudi,december,decembre,Gepubliceerd,
SOCIALE INFOPUNT,sociale-infopunt,6218bc292822d0fe3ce3347b,653ad4ede882f528b327d8f8,6909dc57aeb85a98800af6af,false,false,Tue Nov 04 2025 10:58:31 GMT+0000 (Coordinated Universal Time),Tue Nov 04 2025 10:58:31 GMT+0000 (Coordinated Universal Time),Tue Nov 04 2025 10:58:31 GMT+0000 (Coordinated Universal Time),POINT D'INFO SOCIALE,,Fri Nov 21 2025 10:00:00 GMT+0000 (Coordinated Universal Time),11:00,14:00,De Harmonie,0,"L'Harmonie werkt samen met Community Health Workers om u een “sociaal infopunt” aan te bieden, zodat u bij ons het hele jaar door alle informatie kunt vinden die u nodig heeft. Volgend sociaal infopunt op 17/12.","L'Harmonie s'associe aux Community Health Workers pour vous offrir un ""point d'info sociale"" afin que vous puissiez trouver en nos murs toutes les informations dont vous avez besoin tout au long de l'année. Prochain point d'info sociale le 17/12.",,,vrijdag,vendredi,november,novembre,Gepubliceerd,
💛 SOCIALE INFOPUNT,sociale-infopunt-2,6218bc292822d0fe3ce3347b,653ad4ede882f528b327d8f8,692db4ceaddb11d6b9cffcab,false,false,Mon Dec 01 2025 15:31:26 GMT+0000 (Coordinated Universal Time),Tue Dec 02 2025 14:02:44 GMT+0000 (Coordinated Universal Time),Tue Dec 02 2025 14:02:44 GMT+0000 (Coordinated Universal Time),💛 POINT D'INFO SOCIALE,,Wed Dec 17 2025 10:00:00 GMT+0000 (Coordinated Universal Time),11:00,14:00,De Harmonie,0,"L'Harmonie werkt samen met Community Health Workers om u een “sociaal infopunt” aan te bieden, zodat u bij ons het hele jaar door alle informatie kunt vinden die u nodig heeft. Volgend sociaal infopunt op /01.","L'Harmonie s'associe aux Community Health Workers pour vous offrir un ""point d'info sociale"" afin que vous puissiez trouver en nos murs toutes les informations dont vous avez besoin tout au long de l'année. Prochain point d'info sociale le /01.",,,woensdag,mercredi,december,decembre,Gepubliceerd,
💛 SOCIALE INFOPUNT ,sociale-infopunt-3,6218bc292822d0fe3ce3347b,653ad4ede882f528b327d8f8,69a986cfd3e03ca7653a34c9,false,false,Thu Mar 05 2026 13:36:15 GMT+0000 (Coordinated Universal Time),Mon Mar 23 2026 10:07:27 GMT+0000 (Coordinated Universal Time),Mon Mar 23 2026 10:07:27 GMT+0000 (Coordinated Universal Time),💛 POINT D'INFO SOCIALE,,Wed Mar 25 2026 10:00:00 GMT+0000 (Coordinated Universal Time),11:00,14:00,De Harmonie,0,"L'Harmonie werkt samen met Community Health Workers om u een “sociaal infopunt” aan te bieden, zodat u bij ons het hele jaar door alle informatie kunt vinden die u nodig heeft. Volgend sociaal infopunt op 08/04.","L'Harmonie s'associe aux Community Health Workers pour vous offrir un ""point d'info sociale"" afin que vous puissiez trouver en nos murs toutes les informations dont vous avez besoin tout au long de l'année. Prochain point d'info sociale le 08/04.",,,woensdag,mercredi,maart,mars,Gepubliceerd,
💛 SOCIALE INFOPUNT  ,sociale-infopunt-4,6218bc292822d0fe3ce3347b,653ad4ede882f528b327d8f8,69a98721041d22aa0697122e,false,false,Thu Mar 05 2026 13:37:37 GMT+0000 (Coordinated Universal Time),Mon Mar 23 2026 10:07:53 GMT+0000 (Coordinated Universal Time),Mon Mar 23 2026 10:07:53 GMT+0000 (Coordinated Universal Time),💛 POINT D'INFO SOCIALE,,Wed Apr 08 2026 09:00:00 GMT+0000 (Coordinated Universal Time),11:00,14:00,De Harmonie,0,"L'Harmonie werkt samen met Community Health Workers om u een “sociaal infopunt” aan te bieden, zodat u bij ons het hele jaar door alle informatie kunt vinden die u nodig heeft. Volgend sociaal infopunt op 22/04.","L'Harmonie s'associe aux Community Health Workers pour vous offrir un ""point d'info sociale"" afin que vous puissiez trouver en nos murs toutes les informations dont vous avez besoin tout au long de l'année. Prochain point d'info sociale le 22/04.",,,woensdag,mercredi,april,avril,Gepubliceerd,
💛 SOCIALE INFOPUNT   ,sociale-infopunt-5,6218bc292822d0fe3ce3347b,653ad4ede882f528b327d8f8,69a9874bd5d6e787eb372a58,false,false,Thu Mar 05 2026 13:38:19 GMT+0000 (Coordinated Universal Time),Mon Mar 23 2026 10:08:38 GMT+0000 (Coordinated Universal Time),Mon Mar 23 2026 10:08:38 GMT+0000 (Coordinated Universal Time),💛 POINT D'INFO SOCIALE,,Wed Apr 22 2026 09:00:00 GMT+0000 (Coordinated Universal Time),11:00,14:00,De Harmonie,0,"L'Harmonie werkt samen met Community Health Workers om u een “sociaal infopunt” aan te bieden, zodat u bij ons het hele jaar door alle informatie kunt vinden die u nodig heeft. Volgend sociaal infopunt op 06/05.","L'Harmonie s'associe aux Community Health Workers pour vous offrir un ""point d'info sociale"" afin que vous puissiez trouver en nos murs toutes les informations dont vous avez besoin tout au long de l'année. Prochain point d'info sociale le 06/05.",,,woensdag,mercredi,april,avril,Gepubliceerd,
💛 SOCIALE INFOPUNT    ,sociale-infopunt-6,6218bc292822d0fe3ce3347b,653ad4ede882f528b327d8f8,69a9879673a7abbf6260da75,false,false,Thu Mar 05 2026 13:39:34 GMT+0000 (Coordinated Universal Time),Mon Mar 23 2026 10:09:07 GMT+0000 (Coordinated Universal Time),Mon Mar 23 2026 10:09:07 GMT+0000 (Coordinated Universal Time),💛 POINT D'INFO SOCIALE,,Wed May 06 2026 09:00:00 GMT+0000 (Coordinated Universal Time),11:00,14:00,De Harmonie,0,"L'Harmonie werkt samen met Community Health Workers om u een “sociaal infopunt” aan te bieden, zodat u bij ons het hele jaar door alle informatie kunt vinden die u nodig heeft. Volgend sociaal infopunt op 20/05.","L'Harmonie s'associe aux Community Health Workers pour vous offrir un ""point d'info sociale"" afin que vous puissiez trouver en nos murs toutes les informations dont vous avez besoin tout au long de l'année. Prochain point d'info sociale le 20/05.",,,woensdag,mercredi,mei,mai,Gepubliceerd,
💛 SOCIALE INFOPUNT     ,sociale-infopunt-7,6218bc292822d0fe3ce3347b,653ad4ede882f528b327d8f8,69a987ddc98411a25c2c7b19,false,false,Thu Mar 05 2026 13:40:45 GMT+0000 (Coordinated Universal Time),Mon Mar 23 2026 10:09:47 GMT+0000 (Coordinated Universal Time),Mon Mar 23 2026 10:09:47 GMT+0000 (Coordinated Universal Time),💛 POINT D'INFO SOCIALE,,Wed May 20 2026 09:00:00 GMT+0000 (Coordinated Universal Time),11:00,14:00,De Harmonie,0,"L'Harmonie werkt samen met Community Health Workers om u een “sociaal infopunt” aan te bieden, zodat u bij ons het hele jaar door alle informatie kunt vinden die u nodig heeft. Volgend sociaal infopunt op ??/06.","L'Harmonie s'associe aux Community Health Workers pour vous offrir un ""point d'info sociale"" afin que vous puissiez trouver en nos murs toutes les informations dont vous avez besoin tout au long de l'année. Prochain point d'info sociale le ??/06.",,,woensdag,mercredi,mei,mai,Gepubliceerd,
Spelletjes en plezier voor iedereen,spelletjes-en-plezier-voor-iedereen-2,6218bc292822d0fe3ce3347b,653ad4ede882f528b327d8f8,63ff1b619cb17a224d57eaf1,false,false,Wed Mar 01 2023 09:31:13 GMT+0000 (Coordinated Universal Time),Wed Mar 01 2023 09:31:13 GMT+0000 (Coordinated Universal Time),Wed Mar 01 2023 09:32:51 GMT+0000 (Coordinated Universal Time),Jeux et convivialité pour tout le monde,,Wed Mar 01 2023 09:00:00 GMT+0000 (Coordinated Universal Time),10:00,16:00,De Harmonie,,"De Harmonie biedt u verschillende gezelschapsspellen: Domino, Scrabble, Rummikub, enz. Al deze spellen kunnen met zijn tweeën of in groepen worden gespeeld. Ongeacht de dag, ongeacht het tijdstip: u bent welkom voor een moment van gezelligheid!","De Harmonie met à votre disposition plusieurs jeux de société : Domino, Scrabble, Rummikub, etc. Tous ces jeux peuvent se jouer à 2 ou en groupe. Peu importe le jour, peu importe l'heure : vous êtes les bienvenus pour un moment de convivialité à partager !",,,Elke dag,Tous les jours,,,Gepubliceerd,
Staking in het openbaar vervoer !!! Kom je eten? ,staking-in-het-openbaar-vervoer-kom-je-eten,6218bc292822d0fe3ce3347b,653ad4ede882f528b327d8f8,6909db8daeb85a98800a8b60,false,false,Tue Nov 04 2025 10:55:09 GMT+0000 (Coordinated Universal Time),Tue Nov 04 2025 10:55:09 GMT+0000 (Coordinated Universal Time),Tue Nov 04 2025 10:55:09 GMT+0000 (Coordinated Universal Time),Grève des transports !!! Venez-vous manger ? ,,Mon Nov 24 2025 06:00:00 GMT+0000 (Coordinated Universal Time),,,,,"Van 24 tot 26 november is er een staking in het openbaar vervoer in België. Om kosten te besparen en voedselverspilling tegen te gaan, vragen we u ons te laten weten of u van plan bent om te komen eten. Hartelijk dank.","Du 24 au 26 novembre, il y aura une grève des transports en Belgique. Dans un soucis d'économie et pour éviter du gaspillage alimentaire, pourriez-vous nous prévenir si vous envisagez de venir manger ? Merci beaucoup","De treinen staken drie dagen lang. Voor Stib/Tec/De Lijn is het minder duidelijk. Ze staken op 24 (dag van de staking in het openbaar vervoer), ze geven niets aan voor 25 (dag van de staking in de openbare diensten) en zullen waarschijnlijk staken op 26 vanwege de manifestatie. ","Les trains sont en grève pendant 3 jours. Pour Stib/Tec/De Lijn c'est moins clair. Ils seront en grève le 24 (journée de grève des transports publics), ils n'indiquent rien pour le 25 (journée de grève des services publics) et seront sans doute en grève le 26 pour la manifestation. ",maandag,lundi,november,novembre,Gepubliceerd,
Startbabbel Nederlands,startbabbel-nederlands-7,6218bc292822d0fe3ce3347b,653ad4ede882f528b327d8f8,6398561a1e752530d81a063e,false,false,Tue Dec 13 2022 10:38:18 GMT+0000 (Coordinated Universal Time),Tue Dec 13 2022 10:38:18 GMT+0000 (Coordinated Universal Time),Tue Dec 13 2022 10:52:24 GMT+0000 (Coordinated Universal Time),Startbabbel Nederlands ,138,Mon Dec 19 2022 09:00:00 GMT+0000 (Coordinated Universal Time),10:00,11:30,De Harmonie,,"De Startbabbels zijn conversatietafels Nederlands voor (ex-) vluchtelingen of mensen met een migratieachtergrond. Er wordt over allerlei onderwerpen gepraat in kleine groepjes, onder begeleiding van een groep enthousiaste Nederlandstalige vrijwilligers.” ","Les Startbabbels sont des tables de conversation néerlandaises pour les (ex-) réfugiés ou les personnes issues de l’immigration. Nous parlons de toutes sortes de sujets en petits groupes, sous la direction d’un groupe de bénévoles néerlandophones enthousiastes. ",Zin om mee te babbelen en op die manier deze groep mensen beter te leren kennen ?,Vous voulez discuter avec nous et mieux connaître ce groupe de personnes ?,maandag,lundi,december,décembre,Gepubliceerd,kunstcultuur.png
🪑 Stoel-gym met Nicole 🪑 ,stoel-gym-met-nicole,6218bc292822d0fe3ce3347b,653ad4ede882f528b327d8f8,6980b280bffba93301e74187,false,false,Mon Feb 02 2026 14:19:44 GMT+0000 (Coordinated Universal Time),Mon Feb 02 2026 14:27:17 GMT+0000 (Coordinated Universal Time),Mon Mar 09 2026 10:43:46 GMT+0000 (Coordinated Universal Time),🪑 Gym sur chaise avec Nicole 🪑,,Mon Feb 02 2026 10:00:00 GMT+0000 (Coordinated Universal Time),11:00,,De Harmonie,,"Nicole biedt een nieuwe stoel-gymles, ideaal voor zachte beweging.","Nicole vous propose un nouveau cours de gym sur chaise, idéal pour des mouvements tout en douceur. ",,,maandag,lundi,februari,fevrier,Gepubliceerd,
Stoel-gym met Nicole,stoel-gym-met-nicole-29,6218bc292822d0fe3ce3347b,653ad4ede882f528b327d8f8,6878e39735cfdce299edad2c,false,false,Thu Jul 17 2025 11:50:47 GMT+0000 (Coordinated Universal Time),Thu Jul 17 2025 11:50:47 GMT+0000 (Coordinated Universal Time),Thu Jul 17 2025 11:50:47 GMT+0000 (Coordinated Universal Time),Gym sur chaise avec Nicole,,Mon Aug 04 2025 09:00:00 GMT+0000 (Coordinated Universal Time),11:00,,De Harmonie,,"Nicole biedt een nieuwe stoel-gymles, ideaal voor zachte beweging.","Nicole vous propose un nouveau cours de gym sur chaise, idéal pour des mouvements tout en douceur. ",,,maandag,lundi,augustus,août,Gepubliceerd,
Stoel-gym met Nicole,stoel-gym-met-nicole-30,6218bc292822d0fe3ce3347b,653ad4ede882f528b327d8f8,6878e3cce40f7c87a62d00ed,false,false,Thu Jul 17 2025 11:51:40 GMT+0000 (Coordinated Universal Time),Thu Jul 17 2025 11:51:40 GMT+0000 (Coordinated Universal Time),Thu Jul 17 2025 11:51:40 GMT+0000 (Coordinated Universal Time),Gym sur chaise avec Nicole,,Mon Aug 11 2025 09:00:00 GMT+0000 (Coordinated Universal Time),11:00,,De Harmonie,,"Nicole biedt een nieuwe stoel-gymles, ideaal voor zachte beweging.","Nicole vous propose un nouveau cours de gym sur chaise, idéal pour des mouvements tout en douceur. ",,,maandag,lundi,augustus,août,Gepubliceerd,
Stoel-gym met Nicole ,stoel-gym-met-nicole-31,6218bc292822d0fe3ce3347b,653ad4ede882f528b327d8f8,6878fc86e220ed91feaa02c7,false,false,Thu Jul 17 2025 13:37:10 GMT+0000 (Coordinated Universal Time),Thu Jul 17 2025 13:37:10 GMT+0000 (Coordinated Universal Time),Thu Jul 17 2025 13:37:10 GMT+0000 (Coordinated Universal Time),Gym sur chaise avec Nicole,,Mon Aug 18 2025 09:00:00 GMT+0000 (Coordinated Universal Time),11:00,,De Harmonie,,"Nicole biedt een nieuwe stoel-gymles, ideaal voor zachte beweging.","Nicole vous propose un nouveau cours de gym sur chaise, idéal pour des mouvements tout en douceur. ",,,maandag,lundi,augustus,août,Gepubliceerd,
Stoel-gym met Nicole  ,stoel-gym-met-nicole-32,6218bc292822d0fe3ce3347b,653ad4ede882f528b327d8f8,6878fca7c92e77526ef62c62,false,false,Thu Jul 17 2025 13:37:43 GMT+0000 (Coordinated Universal Time),Thu Jul 17 2025 13:37:43 GMT+0000 (Coordinated Universal Time),Thu Jul 17 2025 13:37:43 GMT+0000 (Coordinated Universal Time),Gym sur chaise avec Nicole,,Mon Aug 25 2025 09:00:00 GMT+0000 (Coordinated Universal Time),11:00,,De Harmonie,,"Nicole biedt een nieuwe stoel-gymles, ideaal voor zachte beweging.","Nicole vous propose un nouveau cours de gym sur chaise, idéal pour des mouvements tout en douceur. ",,,maandag,lundi,augustus,août,Gepubliceerd,
Stoel-gym met Nicole   ,stoel-gym-met-nicole-33,6218bc292822d0fe3ce3347b,653ad4ede882f528b327d8f8,68a31da0ef3d9a670b071b5a,false,false,Mon Aug 18 2025 12:33:36 GMT+0000 (Coordinated Universal Time),Mon Aug 18 2025 12:33:36 GMT+0000 (Coordinated Universal Time),Mon Aug 18 2025 12:33:36 GMT+0000 (Coordinated Universal Time),Gym sur chaise avec Nicole,,Mon Sep 01 2025 09:00:00 GMT+0000 (Coordinated Universal Time),11:00,,De Harmonie,,"Nicole biedt een nieuwe stoel-gymles, ideaal voor zachte beweging.","Nicole vous propose un nouveau cours de gym sur chaise, idéal pour des mouvements tout en douceur. ",,,maandag,lundi,september,septembre,Gepubliceerd,
Stoel-gym met Nicole    ,stoel-gym-met-nicole-34,6218bc292822d0fe3ce3347b,653ad4ede882f528b327d8f8,68a31df7515db355a6dfe7b2,false,false,Mon Aug 18 2025 12:35:03 GMT+0000 (Coordinated Universal Time),Mon Aug 18 2025 12:35:03 GMT+0000 (Coordinated Universal Time),Mon Aug 18 2025 12:35:03 GMT+0000 (Coordinated Universal Time),Gym sur chaise avec Nicole,,Mon Sep 08 2025 09:00:00 GMT+0000 (Coordinated Universal Time),11:00,,De Harmonie,,"Nicole biedt een nieuwe stoel-gymles, ideaal voor zachte beweging.","Nicole vous propose un nouveau cours de gym sur chaise, idéal pour des mouvements tout en douceur. ",,,maandag,lundi,september,septembre,Gepubliceerd,
Stoel-gym met Nicole     ,stoel-gym-met-nicole-35,6218bc292822d0fe3ce3347b,653ad4ede882f528b327d8f8,68a31e25a7f133db4ea96226,false,false,Mon Aug 18 2025 12:35:49 GMT+0000 (Coordinated Universal Time),Mon Aug 18 2025 12:35:49 GMT+0000 (Coordinated Universal Time),Mon Aug 18 2025 12:35:49 GMT+0000 (Coordinated Universal Time),Gym sur chaise avec Nicole,,Mon Sep 15 2025 09:00:00 GMT+0000 (Coordinated Universal Time),11:00,,De Harmonie,,"Nicole biedt een nieuwe stoel-gymles, ideaal voor zachte beweging.","Nicole vous propose un nouveau cours de gym sur chaise, idéal pour des mouvements tout en douceur. ",,,maandag,lundi,september,septembre,Gepubliceerd,
Stoel-gym met Nicole      ,stoel-gym-met-nicole-36,6218bc292822d0fe3ce3347b,653ad4ede882f528b327d8f8,68a31e493eae9c0b014616b8,false,false,Mon Aug 18 2025 12:36:25 GMT+0000 (Coordinated Universal Time),Mon Aug 18 2025 12:36:25 GMT+0000 (Coordinated Universal Time),Mon Aug 18 2025 12:36:25 GMT+0000 (Coordinated Universal Time),Gym sur chaise avec Nicole,,Mon Sep 22 2025 09:00:00 GMT+0000 (Coordinated Universal Time),11:00,,De Harmonie,,"Nicole biedt een nieuwe stoel-gymles, ideaal voor zachte beweging.","Nicole vous propose un nouveau cours de gym sur chaise, idéal pour des mouvements tout en douceur. ",,,maandag,lundi,september,septembre,Gepubliceerd,
Stoel-gym met Nicole       ,stoel-gym-met-nicole-37,6218bc292822d0fe3ce3347b,653ad4ede882f528b327d8f8,68a31e65f11f9b8b9d2cd84c,false,false,Mon Aug 18 2025 12:36:53 GMT+0000 (Coordinated Universal Time),Mon Aug 18 2025 12:36:53 GMT+0000 (Coordinated Universal Time),Mon Aug 18 2025 12:36:53 GMT+0000 (Coordinated Universal Time),Gym sur chaise avec Nicole,,Mon Sep 29 2025 09:00:00 GMT+0000 (Coordinated Universal Time),11:00,,De Harmonie,,"Nicole biedt een nieuwe stoel-gymles, ideaal voor zachte beweging.","Nicole vous propose un nouveau cours de gym sur chaise, idéal pour des mouvements tout en douceur. ",,,maandag,lundi,september,septembre,Gepubliceerd,
Stoel-gym met Nicole,stoel-gym-met-nicole-38,6218bc292822d0fe3ce3347b,653ad4ede882f528b327d8f8,68d14b0490ebc837101dc58d,false,false,Mon Sep 22 2025 13:11:32 GMT+0000 (Coordinated Universal Time),Mon Sep 22 2025 13:11:32 GMT+0000 (Coordinated Universal Time),Mon Sep 22 2025 13:11:32 GMT+0000 (Coordinated Universal Time),Gym sur chaise avec Nicole,,Mon Oct 06 2025 09:00:00 GMT+0000 (Coordinated Universal Time),11:00,,De Harmonie,,"Nicole biedt een nieuwe stoel-gymles, ideaal voor zachte beweging.","Nicole vous propose un nouveau cours de gym sur chaise, idéal pour des mouvements tout en douceur. ",,,maandag,lundi,oktober,octobre,Gepubliceerd,
Stoel-gym met Nicole,stoel-gym-met-nicole-39,6218bc292822d0fe3ce3347b,653ad4ede882f528b327d8f8,68d14b1cc9d778ff2a407230,false,false,Mon Sep 22 2025 13:11:56 GMT+0000 (Coordinated Universal Time),Mon Sep 22 2025 13:11:56 GMT+0000 (Coordinated Universal Time),Mon Sep 22 2025 13:11:56 GMT+0000 (Coordinated Universal Time),Gym sur chaise avec Nicole,,Mon Oct 13 2025 09:00:00 GMT+0000 (Coordinated Universal Time),11:00,,De Harmonie,,"Nicole biedt een nieuwe stoel-gymles, ideaal voor zachte beweging.","Nicole vous propose un nouveau cours de gym sur chaise, idéal pour des mouvements tout en douceur. ",,,maandag,lundi,oktober,octobre,Gepubliceerd,
Stoel-gym met Nicole,stoel-gym-met-nicole-40,6218bc292822d0fe3ce3347b,653ad4ede882f528b327d8f8,68d14b47135abb46894e35c3,false,false,Mon Sep 22 2025 13:12:39 GMT+0000 (Coordinated Universal Time),Mon Sep 22 2025 13:12:39 GMT+0000 (Coordinated Universal Time),Mon Sep 22 2025 13:12:39 GMT+0000 (Coordinated Universal Time),Gym sur chaise avec Nicole,,Mon Oct 20 2025 09:00:00 GMT+0000 (Coordinated Universal Time),11:00,,De Harmonie,,"Nicole biedt een nieuwe stoel-gymles, ideaal voor zachte beweging.","Nicole vous propose un nouveau cours de gym sur chaise, idéal pour des mouvements tout en douceur. ",,,maandag,lundi,oktober,octobre,Gepubliceerd,
Stoel-gym met Nicole,stoel-gym-met-nicole-41,6218bc292822d0fe3ce3347b,653ad4ede882f528b327d8f8,68d14b5dffe4cad7095bd528,false,false,Mon Sep 22 2025 13:13:01 GMT+0000 (Coordinated Universal Time),Mon Sep 22 2025 13:13:01 GMT+0000 (Coordinated Universal Time),Mon Sep 22 2025 13:13:01 GMT+0000 (Coordinated Universal Time),Gym sur chaise avec Nicole,,Mon Oct 27 2025 10:00:00 GMT+0000 (Coordinated Universal Time),11:00,,De Harmonie,,"Nicole biedt een nieuwe stoel-gymles, ideaal voor zachte beweging.","Nicole vous propose un nouveau cours de gym sur chaise, idéal pour des mouvements tout en douceur. ",,,maandag,lundi,oktober,octobre,Gepubliceerd,
Stoel-gym met Nicole,stoel-gym-met-nicole-42,6218bc292822d0fe3ce3347b,653ad4ede882f528b327d8f8,68f750f11379ade8d1716996,false,false,Tue Oct 21 2025 09:22:57 GMT+0000 (Coordinated Universal Time),Tue Oct 21 2025 09:22:57 GMT+0000 (Coordinated Universal Time),Tue Oct 21 2025 09:22:57 GMT+0000 (Coordinated Universal Time),Gym sur chaise avec Nicole,,Mon Nov 03 2025 10:00:00 GMT+0000 (Coordinated Universal Time),11:00,,De Harmonie,,"Nicole biedt een nieuwe stoel-gymles, ideaal voor zachte beweging.","Nicole vous propose un nouveau cours de gym sur chaise, idéal pour des mouvements tout en douceur. ",,,maandag,lundi,november,novembre,Gepubliceerd,
Stoel-gym met Nicole,stoel-gym-met-nicole-43,6218bc292822d0fe3ce3347b,653ad4ede882f528b327d8f8,68f75103f9642c0854a7deda,false,false,Tue Oct 21 2025 09:23:15 GMT+0000 (Coordinated Universal Time),Tue Oct 21 2025 09:23:15 GMT+0000 (Coordinated Universal Time),Tue Oct 21 2025 09:23:15 GMT+0000 (Coordinated Universal Time),Gym sur chaise avec Nicole,,Mon Nov 10 2025 10:00:00 GMT+0000 (Coordinated Universal Time),11:00,,De Harmonie,,"Nicole biedt een nieuwe stoel-gymles, ideaal voor zachte beweging.","Nicole vous propose un nouveau cours de gym sur chaise, idéal pour des mouvements tout en douceur. ",,,maandag,lundi,november,novembre,Gepubliceerd,
Stoel-gym met Nicole,stoel-gym-met-nicole-44,6218bc292822d0fe3ce3347b,653ad4ede882f528b327d8f8,68f75112268cf9a3afed7c87,false,false,Tue Oct 21 2025 09:23:30 GMT+0000 (Coordinated Universal Time),Tue Oct 21 2025 09:23:30 GMT+0000 (Coordinated Universal Time),Tue Oct 21 2025 09:23:30 GMT+0000 (Coordinated Universal Time),Gym sur chaise avec Nicole,,Mon Nov 17 2025 10:00:00 GMT+0000 (Coordinated Universal Time),11:00,,De Harmonie,,"Nicole biedt een nieuwe stoel-gymles, ideaal voor zachte beweging.","Nicole vous propose un nouveau cours de gym sur chaise, idéal pour des mouvements tout en douceur. ",,,maandag,lundi,november,novembre,Gepubliceerd,
Stoel-gym met Nicole,stoel-gym-met-nicole-45,6218bc292822d0fe3ce3347b,653ad4ede882f528b327d8f8,68f75120ac251e5f5e4c6e83,false,false,Tue Oct 21 2025 09:23:44 GMT+0000 (Coordinated Universal Time),Tue Oct 21 2025 09:23:44 GMT+0000 (Coordinated Universal Time),Tue Oct 21 2025 09:23:44 GMT+0000 (Coordinated Universal Time),Gym sur chaise avec Nicole,,Mon Nov 24 2025 10:00:00 GMT+0000 (Coordinated Universal Time),11:00,,De Harmonie,,"Nicole biedt een nieuwe stoel-gymles, ideaal voor zachte beweging.","Nicole vous propose un nouveau cours de gym sur chaise, idéal pour des mouvements tout en douceur. ",,,maandag,lundi,november,novembre,Gepubliceerd,
🪑 Stoel-gym met Nicole 🪑,stoel-gym-met-nicole-46,6218bc292822d0fe3ce3347b,653ad4ede882f528b327d8f8,692d9bf64d99b5d43980f644,false,false,Mon Dec 01 2025 13:45:26 GMT+0000 (Coordinated Universal Time),Tue Dec 02 2025 14:23:36 GMT+0000 (Coordinated Universal Time),Tue Dec 02 2025 14:23:36 GMT+0000 (Coordinated Universal Time),🪑 Gym sur chaise avec Nicole 🪑,,Mon Dec 01 2025 10:00:00 GMT+0000 (Coordinated Universal Time),11:00,,De Harmonie,,"Nicole biedt een nieuwe stoel-gymles, ideaal voor zachte beweging.","Nicole vous propose un nouveau cours de gym sur chaise, idéal pour des mouvements tout en douceur. ",,,maandag,lundi,december,decembre,Gepubliceerd,
🪑 Stoel-gym met Nicole 🪑,stoel-gym-met-nicole-47,6218bc292822d0fe3ce3347b,653ad4ede882f528b327d8f8,692d9c074d99b5d43980f929,false,false,Mon Dec 01 2025 13:45:43 GMT+0000 (Coordinated Universal Time),Tue Dec 02 2025 14:23:06 GMT+0000 (Coordinated Universal Time),Tue Dec 02 2025 14:23:06 GMT+0000 (Coordinated Universal Time),🪑 Gym sur chaise avec Nicole 🪑,,Mon Dec 08 2025 10:00:00 GMT+0000 (Coordinated Universal Time),11:00,,De Harmonie,,"Nicole biedt een nieuwe stoel-gymles, ideaal voor zachte beweging.","Nicole vous propose un nouveau cours de gym sur chaise, idéal pour des mouvements tout en douceur. ",,,maandag,lundi,december,decembre,Gepubliceerd,
🪑 Stoel-gym met Nicole 🪑,stoel-gym-met-nicole-48,6218bc292822d0fe3ce3347b,653ad4ede882f528b327d8f8,692d9c17749291703bee6487,false,false,Mon Dec 01 2025 13:45:59 GMT+0000 (Coordinated Universal Time),Tue Dec 02 2025 14:22:49 GMT+0000 (Coordinated Universal Time),Tue Dec 02 2025 14:22:49 GMT+0000 (Coordinated Universal Time),🪑 Gym sur chaise avec Nicole 🪑,,Mon Dec 15 2025 10:00:00 GMT+0000 (Coordinated Universal Time),11:00,,De Harmonie,,"Nicole biedt een nieuwe stoel-gymles, ideaal voor zachte beweging.","Nicole vous propose un nouveau cours de gym sur chaise, idéal pour des mouvements tout en douceur. ",,,maandag,lundi,december,decembre,Gepubliceerd,
🪑 Stoel-gym met Nicole 🪑,stoel-gym-met-nicole-49,6218bc292822d0fe3ce3347b,653ad4ede882f528b327d8f8,692d9c2b40c3759206834233,false,false,Mon Dec 01 2025 13:46:19 GMT+0000 (Coordinated Universal Time),Tue Dec 02 2025 14:22:32 GMT+0000 (Coordinated Universal Time),Tue Dec 02 2025 14:22:32 GMT+0000 (Coordinated Universal Time),🪑 Gym sur chaise avec Nicole 🪑,,Mon Dec 22 2025 10:00:00 GMT+0000 (Coordinated Universal Time),11:00,,De Harmonie,,"Nicole biedt een nieuwe stoel-gymles, ideaal voor zachte beweging.","Nicole vous propose un nouveau cours de gym sur chaise, idéal pour des mouvements tout en douceur. ",,,maandag,lundi,december,decembre,Gepubliceerd,
🪑 Stoel-gym met Nicole 🪑,stoel-gym-met-nicole-50,6218bc292822d0fe3ce3347b,653ad4ede882f528b327d8f8,692d9c3a4318b83576349baf,false,false,Mon Dec 01 2025 13:46:34 GMT+0000 (Coordinated Universal Time),Tue Dec 02 2025 14:22:14 GMT+0000 (Coordinated Universal Time),Tue Dec 02 2025 14:22:14 GMT+0000 (Coordinated Universal Time),🪑 Gym sur chaise avec Nicole 🪑,,Mon Dec 29 2025 10:00:00 GMT+0000 (Coordinated Universal Time),11:00,,De Harmonie,,"Nicole biedt een nieuwe stoel-gymles, ideaal voor zachte beweging.","Nicole vous propose un nouveau cours de gym sur chaise, idéal pour des mouvements tout en douceur. ",,,maandag,lundi,december,decembre,Gepubliceerd,
🪑 Stoel-gym met Nicole 🪑 ,stoel-gym-met-nicole-51,6218bc292822d0fe3ce3347b,653ad4ede882f528b327d8f8,694400cef54e7efc72776bf9,false,false,Thu Dec 18 2025 13:25:34 GMT+0000 (Coordinated Universal Time),Thu Dec 18 2025 13:25:34 GMT+0000 (Coordinated Universal Time),Thu Dec 18 2025 13:25:34 GMT+0000 (Coordinated Universal Time),🪑 Gym sur chaise avec Nicole 🪑,,Mon Jan 05 2026 10:00:00 GMT+0000 (Coordinated Universal Time),11:00,,De Harmonie,,"Nicole biedt een nieuwe stoel-gymles, ideaal voor zachte beweging.","Nicole vous propose un nouveau cours de gym sur chaise, idéal pour des mouvements tout en douceur. ",,,maandag,lundi,januari,janvier,Gepubliceerd,
🪑 Stoel-gym met Nicole 🪑  Copy,stoel-gym-met-nicole-51-copy,6218bc292822d0fe3ce3347b,653ad4ede882f528b327d8f8,695d144b51f4655f214f0a7a,false,false,Tue Jan 06 2026 13:55:23 GMT+0000 (Coordinated Universal Time),Tue Jan 06 2026 13:55:23 GMT+0000 (Coordinated Universal Time),Tue Jan 06 2026 13:55:23 GMT+0000 (Coordinated Universal Time),🪑 Gym sur chaise avec Nicole 🪑,,Mon Jan 12 2026 10:00:00 GMT+0000 (Coordinated Universal Time),11:00,,De Harmonie,,"Nicole biedt een nieuwe stoel-gymles, ideaal voor zachte beweging.","Nicole vous propose un nouveau cours de gym sur chaise, idéal pour des mouvements tout en douceur. ",,,maandag,lundi,januari,janvier,Gepubliceerd,
🪑 Stoel-gym met Nicole 🪑  Copy 2,stoel-gym-met-nicole-51-copy-2,6218bc292822d0fe3ce3347b,653ad4ede882f528b327d8f8,695d14e851f4655f214f2264,false,false,Tue Jan 06 2026 13:58:00 GMT+0000 (Coordinated Universal Time),Tue Jan 06 2026 13:58:00 GMT+0000 (Coordinated Universal Time),Tue Jan 06 2026 13:58:00 GMT+0000 (Coordinated Universal Time),🪑 Gym sur chaise avec Nicole 🪑,,Mon Jan 19 2026 10:00:00 GMT+0000 (Coordinated Universal Time),11:00,,De Harmonie,,"Nicole biedt een nieuwe stoel-gymles, ideaal voor zachte beweging.","Nicole vous propose un nouveau cours de gym sur chaise, idéal pour des mouvements tout en douceur. ",,,maandag,lundi,januari,janvier,Gepubliceerd,
🪑 Stoel-gym met Nicole 🪑  Copy 3,stoel-gym-met-nicole-51-copy-3,6218bc292822d0fe3ce3347b,653ad4ede882f528b327d8f8,695d152c012b712062a42492,false,false,Tue Jan 06 2026 13:59:08 GMT+0000 (Coordinated Universal Time),Tue Jan 06 2026 13:59:08 GMT+0000 (Coordinated Universal Time),Tue Jan 06 2026 13:59:08 GMT+0000 (Coordinated Universal Time),🪑 Gym sur chaise avec Nicole 🪑,,Mon Jan 26 2026 10:00:00 GMT+0000 (Coordinated Universal Time),11:00,,De Harmonie,,"Nicole biedt een nieuwe stoel-gymles, ideaal voor zachte beweging.","Nicole vous propose un nouveau cours de gym sur chaise, idéal pour des mouvements tout en douceur. ",,,maandag,lundi,januari,janvier,Gepubliceerd,
🪑 Stoel-gym met Nicole 🪑,stoel-gym-met-nicole-52,6218bc292822d0fe3ce3347b,653ad4ede882f528b327d8f8,6980b9f0de4366a56af0a348,false,false,Mon Feb 02 2026 14:51:28 GMT+0000 (Coordinated Universal Time),Mon Feb 02 2026 14:51:28 GMT+0000 (Coordinated Universal Time),Mon Feb 02 2026 14:51:28 GMT+0000 (Coordinated Universal Time),🪑 Gym sur chaise avec Nicole 🪑,,Mon Feb 09 2026 10:00:00 GMT+0000 (Coordinated Universal Time),11:00,,De Harmonie,,"Nicole biedt een nieuwe stoel-gymles, ideaal voor zachte beweging.","Nicole vous propose un nouveau cours de gym sur chaise, idéal pour des mouvements tout en douceur. ",,,maandag,lundi,februari,fevrier,Gepubliceerd,
🪑 Stoel-gym met Nicole 🪑 ,stoel-gym-met-nicole-53,6218bc292822d0fe3ce3347b,653ad4ede882f528b327d8f8,6980ba2887658ae7ec9508ff,false,false,Mon Feb 02 2026 14:52:24 GMT+0000 (Coordinated Universal Time),Mon Feb 02 2026 14:52:24 GMT+0000 (Coordinated Universal Time),Mon Feb 02 2026 14:52:24 GMT+0000 (Coordinated Universal Time),🪑 Gym sur chaise avec Nicole 🪑,,Mon Feb 16 2026 10:00:00 GMT+0000 (Coordinated Universal Time),11:00,,De Harmonie,,"Nicole biedt een nieuwe stoel-gymles, ideaal voor zachte beweging.","Nicole vous propose un nouveau cours de gym sur chaise, idéal pour des mouvements tout en douceur. ",,,maandag,lundi,februari,fevrier,Gepubliceerd,
🪑 Stoel-gym met Nicole 🪑  ,stoel-gym-met-nicole-53-copy,6218bc292822d0fe3ce3347b,653ad4ede882f528b327d8f8,6980ba5b730abff8c9365a7d,false,false,Mon Feb 02 2026 14:53:15 GMT+0000 (Coordinated Universal Time),Mon Feb 02 2026 14:53:34 GMT+0000 (Coordinated Universal Time),Mon Feb 02 2026 14:53:34 GMT+0000 (Coordinated Universal Time),🪑 Gym sur chaise avec Nicole 🪑,,Mon Feb 23 2026 10:00:00 GMT+0000 (Coordinated Universal Time),11:00,,De Harmonie,,"Nicole biedt een nieuwe stoel-gymles, ideaal voor zachte beweging.","Nicole vous propose un nouveau cours de gym sur chaise, idéal pour des mouvements tout en douceur. ",,,maandag,lundi,februari,fevrier,Gepubliceerd,
TOON : De Verhalen van MerlinConteur,toon-de-verhalen-van-merlinconteur-2,6218bc292822d0fe3ce3347b,653ad4ede882f528b327d8f8,644a2e787c3ecc78b117b097,false,false,Thu Apr 27 2023 08:12:40 GMT+0000 (Coordinated Universal Time),Thu Apr 27 2023 08:12:40 GMT+0000 (Coordinated Universal Time),Thu Apr 27 2023 08:12:48 GMT+0000 (Coordinated Universal Time),SPECTACLE VIVANT : Les Contes de MerlinConteur,,Wed May 31 2023 12:00:00 GMT+0000 (Coordinated Universal Time),14:00,15:00,De Harmonie,Au chapeau,"Laat u betoveren door de wonderlijke verhalen van MerlinConteur, die voor de gelegenheid zal worden begeleid door muzikale intermezzo's.","Laissez-vous enchanter par les merveilleux contes de MerlinConteur, qui sera accompagné pour l'occasion par des intermèdes musicaux. ",Een hoed zal onder u voorbijgaan om het werk van de kunstenaars te begroeten.,Un chapeau passera parmi vous pour saluer le travail des artistes. ,woensdag,mercredi,mei,mai,Gepubliceerd,
"TOONSTELLING : ""La Reine Rouge"" (Parc)",toonstelling-la-reine-rouge-parc,6218bc292822d0fe3ce3347b,653ad4ede882f528b327d8f8,67a0de68188fd56375774c1b,false,false,Mon Feb 03 2025 15:19:04 GMT+0000 (Coordinated Universal Time),Mon Feb 03 2025 15:19:04 GMT+0000 (Coordinated Universal Time),Mon Feb 03 2025 15:19:04 GMT+0000 (Coordinated Universal Time),"THÉÂTRE : ""La Reine Rouge"" (Parc)",,Sat Feb 22 2025 14:00:00 GMT+0000 (Coordinated Universal Time),15:00,,Théâtre du Parc,1.25,"Na Coiffeuse d'âmes biedt de Belgische auteur ons een prachtige komedie over onze koningin Elizabeth die in 1958, op het hoogtepunt van de Koude Oorlog, ingaat op een uitnodiging om naar Moskou te reizen. Paniek in het paleis en in de regering. Zelfs de jonge koning Boudewijn wordt erbij gehaald om te proberen de koningin-moeder ervan te weerhouden naar het land van de Sovjets te gaan! Jo Deseure kruipt in de huid van deze koningin met een sterke persoonlijkheid die er plezier in heeft om conventies en vooropgezette ideeën door elkaar te schudden. Jubelend!","Après Coiffeuse d’âmes, l’autrice belge nous propose une magnifique comédie autour de notre reine Élisabeth qui, en 1958, en pleine guerre froide, accepte une invitation à se rendre à Moscou. Panique au palais et au sein du gouvernement. Même le jeune Roi Baudouin est mis à contribution pour tenter de dissuader la Reine mère de partir au pays des Soviets ! C’est Jo Deseure qui incarnera cette reine à la personnalité forte qui s’amuse à bousculer les conventions et les idées reçues. Jubilatoire !",,,zaterdag,samedi,februari,fevrier,Gepubliceerd,
Trip naar Maastricht,trip-naar-maastricht,6218bc292822d0fe3ce3347b,653ad4ede882f528b327d8f8,6596a668a998add85c31027c,false,false,Thu Jan 04 2024 12:36:56 GMT+0000 (Coordinated Universal Time),Thu Jan 04 2024 12:36:56 GMT+0000 (Coordinated Universal Time),Thu Jan 04 2024 12:50:43 GMT+0000 (Coordinated Universal Time),Excursion à Maastricht,,Sat Jan 27 2024 07:05:00 GMT+0000 (Coordinated Universal Time),08:07,,Maastricht,,"Leopold neemt je mee op een dagje Maastricht! Kom wandelen en bewonder een van de oudste steden van Europa, de enige die in het Nederlandse volkslied wordt genoemd. ","Leopold vous emmène une journée à Maastricht ! Venez flâner et vous émerveiller dans l'une des plus vieilles villes d'Europe, unique ville à être citée dans l'hymne néerlandais. ",Vertrek met de trein van 8.07 uur vanaf Noord Station,Départ avec le train de 8h07 à la Gare du Nord,zaterdag,samedi,januari,janvier,Gepubliceerd,
Trip naar Martelange,trip-naar-martelange,6218bc292822d0fe3ce3347b,653ad4ede882f528b327d8f8,65ddbc54309e0d643e0d02c8,false,false,Tue Feb 27 2024 10:41:24 GMT+0000 (Coordinated Universal Time),Tue Feb 27 2024 10:41:24 GMT+0000 (Coordinated Universal Time),Tue Feb 27 2024 10:41:30 GMT+0000 (Coordinated Universal Time),Excursion à Martelange,,Sat Mar 16 2024 06:00:00 GMT+0000 (Coordinated Universal Time),07:06,,"Martelange, Luxembourg",,"Léopold neemt je mee naar precies het andere eind dan Sluis (zaterdag 9 maart) om onze Luxemburgse vrienden te bezoeken in het grensdorp Martelange. Voor de goede orde: tijdens de inperkingsperiode (COVID) was het verboden om de Belgisch-Luxemburgse grens over te steken, dus de inwoners van Martelange mochten niet langer... de weg oversteken! Alle tankstations bevonden zich aan de Luxemburgse kant, dus om benzine te tanken moesten ze naar Aarlen (15 km verderop). ","Léopold vous emmène à l'exact opposé de Sluis (samedi 9 mars) pour rendre visite à nos amis Luxembourgeois dans le village frontière de Martelange. Pour l'anecdote : lors du confinement (COVID) il était interdit de traverser la frontière Belgo-Luxembourgeoise, les habitants de Martelange n'ont donc plus eu le droit de... traverser la rue ! Toutes les stations d'essence se situant côté luxembourgeois, pour faire le plein d'essence, ils devaient aller à Arlon (15km). ","Vertrek Bxl-Nord om 7.07 (trein naar Eupen) => aankomst in Luik om 8.00. Neem een koffie, dan bus E 69 om 9.02 (bus naar Aarlen, halte links 100 m na het verlaten van het station) => aankomst in Martelange (Pont de la Sûre) om 10.56. Voor de terugreis: Martelange (Pont de la Sûre) om 15.02 => aankomst in Luik om 16.54. In Luik, trein (naar Oostende) elk uur om 17.00, 18.00 en 19.00 uur, aankomst in Bxl-Nord 50 minuten later. Je kunt ook 2 uur later uit Martelange vertrekken en 2 uur later terugkeren. In Martelange is pl. des Tilleuls het eindpunt van de Luxemburgse bussen (gratis, als je bezienswaardigheden wilt bezoeken). Als je zin hebt om belastingvrij te winkelen: neem een trolley op wielen mee. ","Départ Bxl-Nord à 7.07 (train vers Eupen) => arrivée à Liège à 8.00. Prendre un café, puis bus E 69 à 9.02 (bus vers Arlon, arrêt à gauche 100 m en sortant de la gare) => arrivée à Martelange (Pont de la Sûre) à 10.56. Pour le retour : Martelange (Pont de la Sûre) à 15.02 => arrivée à Liège à 16.54. A Liège train (vers Ostende) toutes les heures 17.00,18.00,19.00 et arrivée à Bxl-Nord 50 min plus tard. On peut aussi quitter Martelange 2 heures plus tard et le tout 2 heures plus tard. A Martelange, pl. des Tilleuls est le terminus des bus Luxembourgeois (gratuits, si on veut faire du tourisme). Si envie de shopping détaxé : prévoir un caddy à roues. ",zaterdag,samedi,maart,mars,Gepubliceerd,
Trip naar Sluis,trip-naar-sluis,6218bc292822d0fe3ce3347b,653ad4ede882f528b327d8f8,65ddb55f4c6c8b0df407c390,false,false,Tue Feb 27 2024 10:11:43 GMT+0000 (Coordinated Universal Time),Tue Feb 27 2024 10:11:43 GMT+0000 (Coordinated Universal Time),Tue Feb 27 2024 10:11:54 GMT+0000 (Coordinated Universal Time),Excursion à Sluis,,Sat Mar 09 2024 08:00:00 GMT+0000 (Coordinated Universal Time),09:08,,"Sluis, Nederlands",,"Léopold neemt je mee om de dag door te brengen in Sluis, genietend van een goed gerecht mosselen en koopjes in de vele winkels in dit prachtige dorp.","Léopold vous emmène passer la journée à Sluis, profiter d'un bon plat de moules et profiter de bonnes affaires dans les nombreux magasins que compte ce magnifique village.","Vertrek uit Bxl-Zuid om 9.03 => aankomst in Brugge om 9.59 dan bus 42 om 10.48 => aankomst in Sluis om 11.26. Vrije dag en lunch; voor mij (Leopold) lunch in de ""Corner"", kleine boodschappen in de supermarkt (Nederlands-Indische producten), visboer Fieret of andere. Laatste drankje of dessert op een verwarmd terras met uitzicht op het kanaal. Terugreis bus 42 naar Sluis om 16.56 => aankomst in Brugge om 17.40 en trein om 17.59 => aankomst in Bxl-Nord om 19.05. Treintarief volgens status + Lijnbus.","Départ Bxl-Midi à 9.03 => arrivée à Bruges à 9.59 puis bus 42 à 10.48 => arrivée à Sluis à 11.26. Journée et lunch libres ; pour ma part (Léopold) lunch au « Corner », petites courses dans la grande surface (produits Hollando-indonésiens), le poissonnier Fieret ou autres. Dernier pot ou dessert sur une terrasse chauffée en face du Canal. Retour bus 42 à Sluis à 16.56 => arrivée à Bruges à 17.40 et train à 17.59 => arrivée à Bxl-Nord à 19.05. Prix train suivant statut + bus de Lijn.",zaterdag,samedi,maart,mars,Gepubliceerd,
Tweedehands klerenwinkel - Lente editie,tweedehands-klerenwinkel---lente-editie-5,6218bc292822d0fe3ce3347b,653ad4ede882f528b327d8f8,680a23bf302095628ef9904a,false,false,Thu Apr 24 2025 11:42:55 GMT+0000 (Coordinated Universal Time),Thu Apr 24 2025 11:42:55 GMT+0000 (Coordinated Universal Time),Thu Apr 24 2025 11:42:55 GMT+0000 (Coordinated Universal Time),Magasin de vêtements de seconde main collection printemps,145,Wed May 28 2025 11:30:00 GMT+0000 (Coordinated Universal Time),13:30,16:00,De Harmonie,,De Harmonie opent vandaag zijn winkel met de derde lentecollectie. Alle kleren werden geschonken door onze bezoekers van De Harmonie. We verkopen ze voor een klein prijsje om de kosten te dekken.,De Harmonie ouvre sa boutique avec sa troisième collection printemps. Tous les vêtements ont été donnés par les visiteurs De Harmonie. Nous les vendons à un petit prix pour couvrir les frais.,,,woensdag,mercredi,mei,mai,Gepubliceerd,huishouden.png
Verhalen ... une fois !,verhalen-une-fois,6218bc292822d0fe3ce3347b,653ad4ede882f528b327d8f8,66868eae7033b5910b204543,false,false,Thu Jul 04 2024 11:59:42 GMT+0000 (Coordinated Universal Time),Thu Jul 04 2024 11:59:42 GMT+0000 (Coordinated Universal Time),Thu Jul 04 2024 11:59:47 GMT+0000 (Coordinated Universal Time),Des contes... une fois !,,Wed Jul 17 2024 11:30:00 GMT+0000 (Coordinated Universal Time),13:30,,De Harmonie,au chapeau,MerlinConteur keert terug naar De Harmonie om ons verhalen uit de Platteland te vertellen,MerlinConteur revient à De Harmonie pour nous conter des histoires du plat pays,,,woensdag,mercredi,juli,juillet,Gepubliceerd,
🎂 VERJAARDAGFEEST VAN DECEMBER !!! 🎁,verjaardagfeest-van-december,6218bc292822d0fe3ce3347b,653ad4ede882f528b327d8f8,692db13f0b9832208b2c7543,false,false,Mon Dec 01 2025 15:16:15 GMT+0000 (Coordinated Universal Time),Tue Dec 02 2025 13:59:03 GMT+0000 (Coordinated Universal Time),Tue Dec 02 2025 13:59:03 GMT+0000 (Coordinated Universal Time),🎂 FÊTE D'ANNIVERSAIRE DE DECEMBRE !!! 🎁,,Wed Dec 17 2025 12:30:00 GMT+0000 (Coordinated Universal Time),13:30,,De Harmonie,,"Kom samen met ons verjaardagen vieren tijdens een gezellige theedans, met een lekkere taart en een heerlijk warm drankje. ","Venez fêter les anniversaires avec nous dans un joyeux thé dansant, avec un bon gâteau et une délicieuse boisson chaude. ",Voor verjaardagen maken we een uitzondering op de traditie om elke woensdag vis te eten. Vandaag op het menu: onze heerlijke tartiflette 😋,Pour les anniversaires nous sacrifions la tradition du poisson tous les mercredis. Aujourd'hui au menu : notre délicieuse tartiflette 😋,woensdag,mercredi,december,decembre,Gepubliceerd,
VERJAARDAGFEEST VAN februari,verjaardagfeest-van-februari,6218bc292822d0fe3ce3347b,653ad4ede882f528b327d8f8,6980bfd7214d21c7024af7f2,false,false,Mon Feb 02 2026 15:16:39 GMT+0000 (Coordinated Universal Time),Mon Feb 02 2026 15:16:39 GMT+0000 (Coordinated Universal Time),Mon Feb 02 2026 15:16:39 GMT+0000 (Coordinated Universal Time),FÊTE D'ANNIVERSAIRE DE fevrier,,Wed Feb 18 2026 12:30:00 GMT+0000 (Coordinated Universal Time),13:30,,De Harmonie,,"Kom samen met ons verjaardagen vieren tijdens een gezellige theedans, met een lekkere taart en een heerlijk warm drankje. ","Venez fêter les anniversaires avec nous dans un joyeux thé dansant, avec un bon gâteau et une délicieuse boisson chaude. ",Voor verjaardagen maken we een uitzondering op de traditie om elke woensdag vis te eten. Vandaag op het menu: zalm in papilotte met aardappelen,Pour les anniversaires nous sacrifions la tradition du poisson tous les mercredis. Aujourd'hui au menu : saumon en papillotte avec pmme de terre,woensdag,mercredi,februari,fevrier,Gepubliceerd,
VERJAARDAGFEEST VAN januari,verjaardagfeest-van-januari,6218bc292822d0fe3ce3347b,653ad4ede882f528b327d8f8,695d1b9a3a7d079efc14855e,false,false,Tue Jan 06 2026 14:26:34 GMT+0000 (Coordinated Universal Time),Mon Jan 12 2026 10:01:25 GMT+0000 (Coordinated Universal Time),Mon Mar 09 2026 10:43:46 GMT+0000 (Coordinated Universal Time),FÊTE D'ANNIVERSAIRE DE janvier,,Wed Jan 21 2026 12:30:00 GMT+0000 (Coordinated Universal Time),13:30,,De Harmonie,,"Kom samen met ons verjaardagen vieren tijdens een gezellige theedans, met een lekkere taart en een heerlijk warm drankje. ","Venez fêter les anniversaires avec nous dans un joyeux thé dansant, avec un bon gâteau et une délicieuse boisson chaude. ",Voor verjaardagen maken we een uitzondering op de traditie om elke woensdag vis te eten. Vandaag op het menu: zalm in papilotte met aardappelen,Pour les anniversaires nous sacrifions la tradition du poisson tous les mercredis. Aujourd'hui au menu : saumon en papillotte avec pmme de terre,woensdag,mercredi,januari,janvier,Gepubliceerd,
VERJAARDAGFEEST VAN JULI TOT OKTOBER !!!,verjaardagfeest-van-juli-tot-oktober,6218bc292822d0fe3ce3347b,653ad4ede882f528b327d8f8,68ecea075af2aeb52e42ed33,false,false,Mon Oct 13 2025 12:01:11 GMT+0000 (Coordinated Universal Time),Mon Oct 13 2025 12:01:11 GMT+0000 (Coordinated Universal Time),Mon Oct 13 2025 12:01:11 GMT+0000 (Coordinated Universal Time),FÊTE D'ANNIVERSAIRE DE JUILLET A OCTOBRE !!!,,Wed Oct 22 2025 13:00:00 GMT+0000 (Coordinated Universal Time),15:00,,De Harmonie,,"Kom samen met ons verjaardagen vieren tijdens een gezellige theedans, met een lekkere taart en een heerlijk warm drankje. ","Venez fêter les anniversaires avec nous dans un joyeux thé dansant, avec un bon gâteau et une délicieuse boisson chaude. ","Bij wijze van uitzondering vieren we de verjaardagen van meerdere maanden, omdat we door verschillende problemen binnen de Harmonie de afgelopen maanden niet in de gelegenheid waren om ze te vieren, maar we willen niemand buiten sluiten. Dit wordt een mooier en groter feest dan normaal :) ",Exceptionnellement nous fêtons les anniversaires pour plusieurs mois car plusieurs soucis au sein de l'Harmonie ne nous ont pas permis de les fêter ces derniers mois mais nous ne voulons laisser personne sur le côté. Ce sera l'occasion d'une fête plus belle et plus grande que d'habitude :) ,woensdag,mercredi,oktober,octobre,Gepubliceerd,
🎉​ VERJAARDAGFEEST VAN MAART ​🎁​,verjaardagfeest-van-maart,6218bc292822d0fe3ce3347b,653ad4ede882f528b327d8f8,69ae9c5787d4418e5b155a37,false,false,Mon Mar 09 2026 10:09:27 GMT+0000 (Coordinated Universal Time),Mon Mar 09 2026 10:09:27 GMT+0000 (Coordinated Universal Time),Mon Mar 09 2026 10:09:27 GMT+0000 (Coordinated Universal Time),🎉​ FÊTE D'ANNIVERSAIRE DE MARS ​🎁​,,Wed Mar 18 2026 13:00:00 GMT+0000 (Coordinated Universal Time),14:00,,De Harmonie,,"Kom samen met ons verjaardagen vieren tijdens een gezellige theedans, met een lekkere taart en een heerlijk warm drankje. ","Venez fêter les anniversaires avec nous dans un joyeux thé dansant, avec un bon gâteau et une délicieuse boisson chaude. ",Voor verjaardagen maken we een uitzondering op de traditie om elke woensdag vis te eten. Vandaag op het menu : Americain met sla en frieten 😋,Pour les anniversaires nous sacrifions la tradition du poisson tous les mercredis. Aujourd'hui au menu : Américain avec salade et frites 😋,woensdag,mercredi,maart,mars,Gepubliceerd,
VERJAARDAGFEEST VAN NOVEMBER !!! ,verjaardagfeest-van-november,6218bc292822d0fe3ce3347b,653ad4ede882f528b327d8f8,6908aadd84da9d8e5ece0013,false,false,Mon Nov 03 2025 13:15:09 GMT+0000 (Coordinated Universal Time),Mon Nov 03 2025 13:15:09 GMT+0000 (Coordinated Universal Time),Mon Nov 03 2025 13:15:09 GMT+0000 (Coordinated Universal Time),FÊTE D'ANNIVERSAIRE DE NOVEMBRE !!!,,Wed Nov 19 2025 12:30:00 GMT+0000 (Coordinated Universal Time),13:30,,De Harmonie,,"Kom samen met ons verjaardagen vieren tijdens een gezellige theedans, met een lekkere taart en een heerlijk warm drankje. ","Venez fêter les anniversaires avec nous dans un joyeux thé dansant, avec un bon gâteau et une délicieuse boisson chaude. ",Voor verjaardagen maken we een uitzondering op de traditie om elke woensdag vis te eten. Vandaag op het menu: onze heerlijke gegratineerde witlof 😋,Pour les anniversaires nous sacrifions la tradition du poisson tous les mercredis. Aujourd'hui au menu : notre délicieux chicon au gratin 😋,woensdag,mercredi,november,novembre,Gepubliceerd,
"Verjaardagsfeest : ""Steenbokken""",verjaardagsfeest,6218bc292822d0fe3ce3347b,653ad4ede882f528b327d8f8,676d45b173fde1514bd827f8,false,false,Thu Dec 26 2024 12:01:53 GMT+0000 (Coordinated Universal Time),Thu Dec 26 2024 12:06:53 GMT+0000 (Coordinated Universal Time),Thu Dec 26 2024 12:06:53 GMT+0000 (Coordinated Universal Time),"Fête d'anniversaire des ""Capricornes""",,Wed Jan 22 2025 13:00:00 GMT+0000 (Coordinated Universal Time),14:00,,De Harmonie,,"Deze maand vieren we ""Steenbokken"" (mensen geboren van 23/12 tot 20/01).
Een grote taart, kaarsen en een vrolijk verjaardagslied zijn de hoofdingrediënten van dit mooie feest!
Dit is ook het signaal om de jukebox op volle toeren te laten draaien. Wie wil kan de hele middag de benen strekken op de dansvloer.","Ce mois-ci, nous célébrons les ""Capricornes"" (personnes nées du 23/12 au 20/01).
Un gros gâteau, des bougies et une chanson de joyeux anniversaire seront les ingrédients principaux de cette belle fête !
C'est aussi le signal pour faire tourner le juke-box à plein régime. Ceux qui le souhaitent pourront se dérouiller les jambes tout l'après-midi sur la piste de danse. ",,,woensdag,mercredi,januari,janvier,Gepubliceerd,
Vlaamse Feestdag,vlaamse-feestdag,6218bc292822d0fe3ce3347b,653ad4ede882f528b327d8f8,64943d8d43584ad9d300b1ee,false,false,Thu Jun 22 2023 12:24:45 GMT+0000 (Coordinated Universal Time),Thu Jun 22 2023 12:24:45 GMT+0000 (Coordinated Universal Time),Thu Jun 22 2023 12:24:51 GMT+0000 (Coordinated Universal Time),Fête de la Communauté Flamande,,Tue Jul 11 2023 11:30:00 GMT+0000 (Coordinated Universal Time),14:00,,"Église Au Bon Secours, Rue du Marché au Charbon 91 (Proche Place Fontainas)",,"Het Brussels Operettetheater biedt een concert om 14.00 uur, gevolgd door een drankje in een bar rondom de kerk. ",Brussels Operettetheater propose un concert à 14h suivi d'un verre dans un bar entourant l'église. ,Kom om 13.30 uur naar de kerk om zeker te zijn van een plaats. Verzamelen voor de kerk om 13.30 uur met Léopold. ,Venir sur place à 13h30 pour être sûr d'avoir une place. Rendez-vous devant l'Église à 13h30 avec Léopold. ,dinsdag,mardi,juli,juillet,Gepubliceerd,
"VOORSTELLING : ""De Vier Zonen Aymon"" (Toone) ",voorstelling-de-vier-zonen-aymon-toone,6218bc292822d0fe3ce3347b,653ad4ede882f528b327d8f8,6908c18413a3ace25071b286,false,false,Mon Nov 03 2025 14:51:48 GMT+0000 (Coordinated Universal Time),Mon Nov 03 2025 14:51:48 GMT+0000 (Coordinated Universal Time),Mon Nov 03 2025 14:51:48 GMT+0000 (Coordinated Universal Time),"THÉÂTRE : ""Les 4 Fils Aymon"" (Toone)",,Sat Nov 22 2025 15:00:00 GMT+0000 (Coordinated Universal Time),16:00,,"Toone, Rue du Marché aux Herbes 66 1000 Brussel",1.25,"In dit duistere familieverhaal achtervolgt Karel de Grote de vier opstandige zonen die hun redding alleen te danken hebben aan het springende paard Bayard, gestuurd door de tovenaar Maugis. Dit laatste zal de brutale kracht van de ridders vervangen door sluwheid.
De opperheer zal de stem van het ‘oude Frankrijk’ overnemen van een andere Charles (de Gaulle), ook groot qua omvang en prestige.
Heroïsche daden maar ook liefde accentueren dit epos uit de Middeleeuwen.","Dans cette sombre histoire de famille, Charlemagne va poursuivre les quatre fils rebelles qui ne devront leur salut qu’au cheval bondissant, Bayard, envoyé par l’enchanteur Maugis. Ce dernier va substituer la ruse à la force brutale des chevaliers.
Le suzerain va prendre le timbre de voix ""vieille France"" d’un autre Charles (de Gaulle), grand lui aussi par la taille et le prestige.
Des faits héroïques mais aussi de l’amour émaillent cette épopée du moyen age.","Anekdote: Volgens Herman Closson en de volkstraditie.
Toen de Comédiens Routiers Belges (ons toekomstige Nationaal Theater van België) onder impuls van de stichtende broers Maurice en Jacques Huisman op 8 december 1941 in het Théâtre Royal des Galeries “Le Jeu des Quatre Fils Aymon” van Herman Closson in première brachten, werd het stuk al snel gecensureerd. Zoals Philip Tirard schrijft in zijn opmerkelijke werk over Jacques Huisman, “een stuk dat het publiek soms aanzette om op te staan en La Brabançonne te zingen”.
Het stuk werd in Brussel verboden vanwege zijn oproepen tot verzet, maar ging onder de verkapte titel “Cheval Bayard” op tournee door heel Wallonië.
Het werd met algemeen enthousiasme onthaald.","Pour l'anecdote : D’après Herman Closson et la tradition populaire.
Lorsque les Comédiens Routiers Belges (notre futur Théâtre National de Belgique) créèrent sous l’impulsion des frères fondateurs Maurice et Jacques Huisman, ""Le Jeu des Quatre Fils Aymon"" de Herman Closson, au Théâtre Royal des Galeries, le 8 décembre 1941, la pièce fut rapidement censurée. Comme l’écrit Philip Tirard dans son remarquable ouvrage consacré à Jacques Huisman, ""une pièce qui engageait parfois lesspectateurs à se lever et à entonner La Brabançonne"".
Interdite à Bruxelles en raison de ses appels à la résistance, l’oeuvre sera présentée en tournée dans toute la Wallonie sous l’appellation déguisée de ""Cheval Bayard"".
Elle suscitera l’enthousiasme général.",zaterdag,samedi,november,novembre,Gepubliceerd,
"VOORSTELLING : ""Dracula"" (Toone)",voorstelling-dracula-toone,6218bc292822d0fe3ce3347b,653ad4ede882f528b327d8f8,68ece1f2983b9eb99c16a7a0,false,false,Mon Oct 13 2025 11:26:42 GMT+0000 (Coordinated Universal Time),Mon Oct 13 2025 11:26:42 GMT+0000 (Coordinated Universal Time),Mon Oct 13 2025 11:26:42 GMT+0000 (Coordinated Universal Time),"THÉÂTRE : ""Dracula"" (Toone)",,Sat Nov 01 2025 15:00:00 GMT+0000 (Coordinated Universal Time),16:00,,"Toone, Rue du Marché aux Herbes 66 1000 Brussel",1.25,"De actie vindt plaats in Transsylvanië en in de Marollenwijk.
Woltje, legendarische mascotte van het Toone Theater, zal de rol spelen van Jonathan Harker.
Hij is daarom degene die verantwoordelijk zal zijn voor het ontmoeten van graaf Dracula in Transsylvanië om hem de abdij van Carfax, gelegen aan de Place de Brouckère, te verkopen.
De test zal zwaar zijn. Hij zal van verrassing naar verrassing gaan en ""slaptitudes"", ""flanellebiene"" en ""poepers"" opvangen terwijl het sinistere kasteel zijn geheimen onthult.
Drie ‘froucheloze’ vampieren zullen hem zelfs rechtstreeks in zijn ‘dikkentien’ voeren.
Tot de cast behoren ook andere bekende “poechenelles” zoals “Jef Patâât” en “Duivel”.","L’action se déroule en Transylvanie et dans le quartier des Marolles.
Woltje, mascotte légendaire du Théâtre de Toone, jouera le rôle de Jonathan Harker.
C’est donc lui qui sera chargé d’aller rencontrer le comte Dracula en Transylvanie pour lui vendre l’abbaye de Carfax, située place de Brouckère.
L’épreuve sera rude. Il ira de surprise en surprise et attrapera des ""slaptitudes"", des ""flanellebiene"" et les ""poepers"" au fur et à mesure que le sinistre château dévoilera ses secrets.
Trois vampires ""froucheless"" vont même le faire biberer jusque dans son ""dikkentien"".
La distribution comprend également d’autres ""poechenelles"" célèbres tel que ""Jef Patâât"" et le ""Duivel"".",,,zaterdag,samedi,november,novembre,Gepubliceerd,
"VOORSTELLING : ""Kean"" (Les Galeries) ",voorstelling-kean-les-galeries,6218bc292822d0fe3ce3347b,653ad4ede882f528b327d8f8,6818c999e023c4b0c92c681b,false,false,Mon May 05 2025 14:22:17 GMT+0000 (Coordinated Universal Time),Mon May 05 2025 14:22:17 GMT+0000 (Coordinated Universal Time),Mon May 05 2025 14:22:17 GMT+0000 (Coordinated Universal Time),"THÉÂTRE : ""Kean"" (Les Galeries)",,Sat May 10 2025 13:00:00 GMT+0000 (Coordinated Universal Time),15:00,17h30,"Théâtre des Galeries, Galerie du Roi 32",1.25,"Kean is een beroemde Engelse acteur. Hij triomfeert in het Theatre Royal in Drury Lane en heel Londen, aan het begin van de 19e eeuw, loopt naar hem toe om hem toe te juichen. Twee vrouwen houden van hem: de gravin Éléna, de vrouw van een ambassadeur, en Anna Damby, een jonge burgerlijke erfgename. Kean is losbandig, heeft schulden, is een dronkaard en een rokkenjager. Maar de Prins van Wales heeft hem tot vriend gemaakt. Kean is een man van overdaad, die zich overgeeft aan brutaliteit, vrijgevigheid en minachting. Maar afgezien van deze uitingen van een krachtig temperament, is het de toestand van de acteur en de man van het genie die Dumas in de meest effectieve bewoordingen heeft neergezet. Is Kean zichzelf, of de verschillende personages (Romeo, Hamlet, Othello) die hij speelt? In hoeverre verslinden deze Shakespeariaanse wezens niet zijn persoonlijkheid? Uiteindelijk explodeert Kean op een avond. Hij legt zijn hart bloot aan het publiek. En hij wordt uitgejouwd. Dumas schildert een genie van het toneel, een rechtzetter van misstanden, een onboetvaardige dronkaard en een verliefde man. Bovenal is Kean een man van uitdagingen en desillusie. Het toneelstuk reflecteert op de plaats van de schepper in de maatschappij. Dumas onderzoekt het conflict tussen Kunst en Leven met humor en diepgang.","Kean est un célèbre acteur anglais. Il triomphe au Théâtre Royal de Drury Lane, et tout Londres, au début du XIXème siècle, court l'acclamer. Deux femmes l'aiment : la comtesse Éléna, épouse d'un ambassadeur, et Anna Damby, jeune héritière bourgeoise. Kean est débauché, couvert de dettes, ivrogne et coureur de jupons. Toutefois le prince de Galles en a fait son ami. Kean est un homme excessif, qui se livre avec volupté à l'insolence, à la générosité et au mépris. Mais, au-delà de ces manifestations d'un tempérament puissant, c'est la condition du comédien et de l'homme de génie que Dumas a posée dans les termes les plus efficaces. Kean est-il lui-même, ou bien les divers personnages (Roméo, Hamlet, Othello) qu'il incarne ? Dans quelle mesure ces êtres shakespeariens ne dévorent-ils pas sa personnalité ? Un soir, enfin, Kean explose. À la face du public, il met son cœur à nu. Et il est hué. Dumas peint un génie des planches, un redresseur de torts, ivrogne impénitent, amoureux empanaché. Kean est avant tout l’homme des défis et des désillusions. La pièce offre une réflexion sur la place du créateur dans la société. Dumas scrute avec humour et profondeur le conflit entre l’Art et la Vie.",,,zaterdag,samedi,mei,mai,Gepubliceerd,
"🎭 VOORSTELLING : ""Le Mariage de Figaro"" (Parc)",voorstelling-le-mariage-de-figaro-parc,6218bc292822d0fe3ce3347b,653ad4ede882f528b327d8f8,69aeade3f3d472a07515257d,false,false,Mon Mar 09 2026 11:24:19 GMT+0000 (Coordinated Universal Time),Mon Mar 09 2026 11:24:19 GMT+0000 (Coordinated Universal Time),Mon Mar 09 2026 11:24:19 GMT+0000 (Coordinated Universal Time),"🎭 THÉÂTRE : ""Le Mariage de Figaro"" (Parc)",,Sun Mar 29 2026 13:00:00 GMT+0000 (Coordinated Universal Time),15:00,,"Théâtre du Parc, Parc Royal",1.25,"van BEAUMARCHAIS.
Deze sublieme komedie, geschreven in 1778, veroorzaakte destijds een schandaal omdat ze, lang voor de #MeToo-beweging, het machtsmisbruik aan de kaak stelde waarvan vrouwen het slachtoffer zijn. Dominique Serron, vergezeld door een deel van het gezelschap van het Infini Théâtre, nodigt u uit om een vrolijke voorstelling te ontdekken die u, aangevuld met knipogen naar de muziek van Mozart, mee op reis neemt.","de BEAUMARCHAIS.
Cette sublime comédie écrite en 1778 fit scandale à l’époque car elle dénonçait, bien avant le mouvement #MeToo, les abus de pouvoir dont les femmes sont victimes. Dominique Serron, accompagnée d’une partie de la troupe de l’Infini Théâtre, vous invite à découvrir un spectacle joyeux qui, agrémenté de clins d’œil à la musique de Mozart, vous fera voyager.",,,zondag,dimanche,maart,mars,Gepubliceerd,
"VOORSTELLING : ""L'École des Femmes"" (Toone)",voorstelling-lecole-des-femmes-toone,6218bc292822d0fe3ce3347b,653ad4ede882f528b327d8f8,6835bef6e4ec3ce65bc9e6e0,false,false,Tue May 27 2025 13:32:38 GMT+0000 (Coordinated Universal Time),Tue May 27 2025 13:32:38 GMT+0000 (Coordinated Universal Time),Tue May 27 2025 13:32:38 GMT+0000 (Coordinated Universal Time),"THÉÂTRE : ""L'École des Femmes"" (Toone)",,Sat Jun 07 2025 14:00:00 GMT+0000 (Coordinated Universal Time),16:00,,"Toone, Rue du Marché aux Herbes 66 1000 Brussel",1.25,"Arnolphe (Nolfke bij Toone) nam een ​​vierjarig kind, de kleine Agnès (Gneske), in huis en voedde haar in onwetendheid op om de volledige toewijding van de vrouw die ze zou worden te verzekeren.
Een dertienjarige afzondering zal het jonge meisje er echter niet van weerhouden te luisteren naar haar aard, die ontwaakt in een gevoel van liefde voor de verleidelijke Horace (Raske gespeeld door onze held Woltje).
Alles wordt ingewikkeld. Nolfke, die ""met pensioen gaat"", overweegt inderdaad te trouwen met zijn wijk die ""zijn hart prikkelt"".","Arnolphe (Nolfke chez Toone) a recueilli une enfant de quatre ans, la petite Agnès (Gneske) et l’a élevée dans l’ignorance pour s’assurer la complète dévotion de la femme qu’elle deviendrait.
Toutefois, une réclusion de treize années n’empêchera pas la jeune fille d’écouter sa nature qui s’éveille au sentiment amoureux pour le séduisant Horace (Raske interprété par notre héros Woltje).
Tout se complique. En effet, Nolfke qui ""va sur sa pension"", songe à épouser sa pupille qui ""lui fait des chatouilles dans le coeur"".",,,zaterdag,samedi,juni,juin,Gepubliceerd,
"🎭 VOORSTELLING : ""Nativitas"" (Toone)",voorstelling-nativitas-toone,6218bc292822d0fe3ce3347b,653ad4ede882f528b327d8f8,692db2a1dc41bb22943c5bb2,false,false,Mon Dec 01 2025 15:22:09 GMT+0000 (Coordinated Universal Time),Tue Dec 02 2025 13:57:28 GMT+0000 (Coordinated Universal Time),Tue Dec 02 2025 13:57:28 GMT+0000 (Coordinated Universal Time),"🎭 THÉÂTRE : ""La Nativité"" (Toone)",,Sat Dec 20 2025 15:00:00 GMT+0000 (Coordinated Universal Time),16:00,,"Toone, Rue du Marché aux Herbes 66 1000 Brussel",1.25,"""Nativitas"" door Michel de Ghelderode volgens populaire traditie. In 1929 publiceerde Michel de Ghelderode in het tijdschrift “La Scène” een korte versie van “The Nativity and the Massacre of the Innocents”, die hij had verzameld tussen vele andere mondelinge traditieteksten uit de oudheid Brusselse spelers.","De Michel de Ghelderode d’après la tradition populaire En 1929, Michel de Ghelderode publie dans la revue “La Scène” une courte version de “La Nativité et le Massacre des Innocents”, qu’il avait recueillie parmi bien d’autres textes de tradition orale auprès de vieux joueurs bruxellois.",,,zaterdag,samedi,december,decembre,Gepubliceerd,
Vrolijk Kerstmis !!!,vrolijk-kerstmis,6218bc292822d0fe3ce3347b,653ad4ede882f528b327d8f8,657052d8f63ef2a927930113,false,false,Wed Dec 06 2023 10:54:16 GMT+0000 (Coordinated Universal Time),Wed Dec 06 2023 10:54:16 GMT+0000 (Coordinated Universal Time),Wed Dec 06 2023 10:54:23 GMT+0000 (Coordinated Universal Time),Joyeux Noël !!!,,Mon Dec 25 2023 08:00:00 GMT+0000 (Coordinated Universal Time),,,De Harmonie,,We blijven vandaag bij familie en komen morgen terug om jullie een passend welkom te heten met een kopje in de hand :) ,Nous restons en famille aujourd'hui et serons de retour demain pour vous accueillir comme il se doit avec une coupe à la main :) ,,,maandag,lundi,december,decembre,Gepubliceerd,
vrouwen dag,vrouwen-dag,6218bc292822d0fe3ce3347b,653ad4ede882f528b327d8f8,699efc537bbcfdf4ff7492e8,false,false,Wed Feb 25 2026 13:42:43 GMT+0000 (Coordinated Universal Time),Wed Feb 25 2026 13:42:43 GMT+0000 (Coordinated Universal Time),Wed Feb 25 2026 13:42:43 GMT+0000 (Coordinated Universal Time),journée de la femme ,,Fri Mar 06 2026 22:00:00 GMT+0000 (Coordinated Universal Time),,,de harmonie ,,"""Vandaag vieren we de kracht, de moed en het licht van de vrouwen die de wereld vooruit helpen.""","“Aujourd’hui, nous célébrons la force, le courage et la lumière des femmes qui font avancer le monde.” ",,,vrijdag,vendredi ,maart,mars,,
WANDELING : Boerderij van het Maximiliaanpark,wandeling-boerderij-van-het-maximiliaanpark,6218bc292822d0fe3ce3347b,653ad4ede882f528b327d8f8,644a2d6fed8b6c8a7ac5fc8f,false,false,Thu Apr 27 2023 08:08:15 GMT+0000 (Coordinated Universal Time),Thu Apr 27 2023 08:08:15 GMT+0000 (Coordinated Universal Time),Thu Apr 27 2023 08:08:46 GMT+0000 (Coordinated Universal Time),PROMENADE : Ferme du Parc Maximilien,,Tue May 30 2023 12:00:00 GMT+0000 (Coordinated Universal Time),14:00,,Ferme du Parc Maximilien,,Pakize neemt u mee op een wandeling door de boerderij van het Maximiliaanpark,Pakize vous emmène pour une promenade dans la Ferme du Parc Maximilien.,,,dinsdag,mardi,mei,mai,Gepubliceerd,
WANDELING : Jan Sobieskipark,wandeling-jan-sobieskipark,6218bc292822d0fe3ce3347b,653ad4ede882f528b327d8f8,644a2ceb20ff425666914be6,false,false,Thu Apr 27 2023 08:06:03 GMT+0000 (Coordinated Universal Time),Thu Apr 27 2023 08:06:03 GMT+0000 (Coordinated Universal Time),Thu Apr 27 2023 08:08:46 GMT+0000 (Coordinated Universal Time),PROMENADE : Parc Sobieski,,Mon May 22 2023 12:00:00 GMT+0000 (Coordinated Universal Time),14:00,,"Parc Sobieski, Laeken",,"Pakize neemt u mee op een wandeling door het Sobieski Park, een voormalige koninklijke boomgaard.","Pakize vous emmène pour une promenade dans le Parc Sobieski, ancien verger royal.",,,maandag,lundi,mei,mai,Gepubliceerd,
Wandeling met Pakize : Brussels by Water + Drie Fonteinen Park,wandeling-met-pakize-brussels-by-water-drie-fonteinen-park,6218bc292822d0fe3ce3347b,653ad4ede882f528b327d8f8,64e6216c1c8a14360c266810,false,false,Wed Aug 23 2023 15:10:36 GMT+0000 (Coordinated Universal Time),Thu Aug 24 2023 10:23:26 GMT+0000 (Coordinated Universal Time),Thu Aug 24 2023 10:23:33 GMT+0000 (Coordinated Universal Time),Promenade avec Pakize : Brussels By Water + Parc des 3 Fontaines,,Thu Sep 28 2023 11:00:00 GMT+0000 (Coordinated Universal Time),12:30,,Senne + 3 Fonteinen Park,"2,50","Pakize neemt je mee het water op met de boten van de Senne, die je naar het 3 Fonteinen Park brengen voor een mooie wandeling. Picknick onderweg en ook terug op het water.",Pakize vous emmène sur l'eau avec les bateaux de la Senne qui vous porteront jusqu'au parc des 3 Fontaines pour une belle promenade. Pic-nic prévu sur le parcours et retour sur l'eau également. ,De Harmonie vertrekt om 12.30 uur en de boot vertrekt om 13.00 uur vanuit Sainctelette en keert net voor 17.00 uur terug naar dezelfde plek. Houd rekening met €3 voor een broodje. ,Départ de l'Harmonie à 12h30 et départ en bateau à 13h à Sainctelette et retour au même endroit un peu avant 17h. Prévoir 3€ pour le sandwich.,donderdag,jeudi,september,septembre,Gepubliceerd,
Wandeling met Pakize : Hammam,wandeling-met-pakize-hammam,6218bc292822d0fe3ce3347b,653ad4ede882f528b327d8f8,646f33a93958f9edccf30ab6,false,false,Thu May 25 2023 10:08:41 GMT+0000 (Coordinated Universal Time),Thu Aug 24 2023 13:34:37 GMT+0000 (Coordinated Universal Time),Thu Aug 24 2023 13:34:42 GMT+0000 (Coordinated Universal Time),Promenade avec Pakize : Hammam,,Tue Aug 29 2023 12:00:00 GMT+0000 (Coordinated Universal Time),14:00,,,20,"Pakize neemt u mee voor een originele wandeling: een korte omweg naar de hammam. Met of zonder zwemkleding, kom genieten van de weldaden van de beroemde ""Turkse baden"". ","Pakize vous emmène pour une promenade originale : un petit détour par le hammam. Avec ou sans maillot, venez profiter des bienfaits des fameux ""bains turcs"". ",,,dinsdag,mardi,augustus,août,Gepubliceerd,
Wandeling met Pakize : Koning Boudewijnpark,wandeling-met-pakize-koning-boudewijnpark,6218bc292822d0fe3ce3347b,653ad4ede882f528b327d8f8,64e5e9bae3efb1ab7c1750bc,false,false,Wed Aug 23 2023 11:12:58 GMT+0000 (Coordinated Universal Time),Wed Aug 23 2023 11:12:58 GMT+0000 (Coordinated Universal Time),Wed Aug 23 2023 11:13:11 GMT+0000 (Coordinated Universal Time),Promenade avec Pakize : Parc Roi Baudouin,,Tue Sep 05 2023 12:00:00 GMT+0000 (Coordinated Universal Time),14:00,,Parc Roi Baudouin à Jette,0,Pakize neemt je mee naar het Koning Boudewijnpark in de gemeenten Jette en Ganshoren. Na de wandeling kun je genieten van een kopje koffie in het Chalet du Laerbeek.,"Pakize vous emmène dans le Parc Roi Baudouin, sur les communes de Jette et Ganshoren. Après la promenade vous pourrez profiter d'un petit café au Chalet du Laerbeek. ",,,dinsdag,mardi,september,septembre,Gepubliceerd,
Wandeling met Pakize : Kruidtuin van Brussel,wandeling-met-pakize-kruidtuin-van-brussel,6218bc292822d0fe3ce3347b,653ad4ede882f528b327d8f8,646f36bcdd7355ed81f057eb,false,false,Thu May 25 2023 10:21:48 GMT+0000 (Coordinated Universal Time),Wed Aug 16 2023 08:46:15 GMT+0000 (Coordinated Universal Time),Wed Aug 16 2023 08:46:20 GMT+0000 (Coordinated Universal Time),Promenade avec Pakize : Jardin Botanique de Bruxelles,,Mon Aug 21 2023 12:00:00 GMT+0000 (Coordinated Universal Time),14:00,,,,Kom en ontdek of herontdek de Kruidtuin van Brussel. ,"Si proche et pourtant si méconnu, venez découvrir ou redécouvrir le Jardin Botanique de Bruxelles. ",,,maandag,lundi,augustus,août,Gepubliceerd,
Wandeling met Pakize : Park Farm - Tour & Taxis,wandeling-met-pakize-park-farm-tour-taxis,6218bc292822d0fe3ce3347b,653ad4ede882f528b327d8f8,646f353615617ccaef14ad34,false,false,Thu May 25 2023 10:15:18 GMT+0000 (Coordinated Universal Time),Thu May 25 2023 10:15:18 GMT+0000 (Coordinated Universal Time),Thu May 25 2023 10:22:02 GMT+0000 (Coordinated Universal Time),Promenade avec Pakize : Park Farm - Tour & Taxis,,Tue Jun 20 2023 12:00:00 GMT+0000 (Coordinated Universal Time),14:00,,,,Ontdek het park dat de afgelopen jaren is aangelegd op de website van Tour & Taxis.,Partez à la découverte du parc né ces dernières années sur le site de Tour & Taxis.,,,dinsdag,mardi,juni,juin,Gepubliceerd,
Wandeling met Pakize : Poelbos,wandeling-met-pakize-poelbos,6218bc292822d0fe3ce3347b,653ad4ede882f528b327d8f8,646f35ef5b97db8159a1381a,false,false,Thu May 25 2023 10:18:23 GMT+0000 (Coordinated Universal Time),Thu May 25 2023 10:18:23 GMT+0000 (Coordinated Universal Time),Thu May 25 2023 10:22:02 GMT+0000 (Coordinated Universal Time),Promenade avec Pakize : Poelbos,,Mon Jun 12 2023 12:00:00 GMT+0000 (Coordinated Universal Time),14:00,,,,Pakize neemt je mee naar Jette om het Poelbos te ontdekken.,Pakize vous emmène à Jette à la découverte du Poelbos.,,,maandag,lundi,juni,juin,Gepubliceerd,
WANDELING : Nos Pilifs,wandeling-nos-pilifs,6218bc292822d0fe3ce3347b,653ad4ede882f528b327d8f8,64492f8d7e5ac94740b5711b,false,false,Wed Apr 26 2023 14:05:01 GMT+0000 (Coordinated Universal Time),Wed Apr 26 2023 14:05:01 GMT+0000 (Coordinated Universal Time),Wed Apr 26 2023 14:05:17 GMT+0000 (Coordinated Universal Time),PROMENADE : Ferme Nos Pilifs,,Mon May 08 2023 12:00:00 GMT+0000 (Coordinated Universal Time),14:00,,"Ferme Nos Pilifs, Neder-Over-Hembeek",,Pakize neemt u mee op een wandeling door de boerderij Nos Pilifs. Mogelijkheid om bloemen en andere dingen te kopen.,Pakize vous emmène pour une promenade dans la Ferme Nos Pilifs. Possibilité d'achats de fleurs et autres.,,,maandag,lundi,mei,mai,Gepubliceerd,
Welkom Sinterklaas !,welkom-sinterklaas,6218bc292822d0fe3ce3347b,653ad4ede882f528b327d8f8,6555fc8c61624c6b6b362905,false,false,Thu Nov 16 2023 11:27:08 GMT+0000 (Coordinated Universal Time),Thu Nov 16 2023 15:01:15 GMT+0000 (Coordinated Universal Time),Thu Nov 16 2023 15:01:26 GMT+0000 (Coordinated Universal Time),Bienvenue Saint-Nicolas,,Wed Dec 06 2023 12:30:00 GMT+0000 (Coordinated Universal Time),,,de Harmonie,,Sinterklaas is dit jaar weer terug op De Harmonie voor (grote) brave kinderen ! En hij komt niet alleen: hij heeft een paar heerlijke mosselpannetjes in zijn tas.,Saint-Nicolas revient cette année encore à De Harmonie pour les (grands) enfants sages ! Et il ne vient pas seul : il a de jolies casseroles de moules dans son sac.,De mosselschotel moet voor 6 december gereserveerd worden bij de receptie. Een grote schotel mosselen + 1 ijsje = €12. 1/2 schotel mosselen + 1 ijsje = €8,Le plat de moules est à réserver avant le 6 décembre à l'accueil. Un grand plat de moules + 1 glace = 12€. Un 1/2 plat de moules + 1 glace = 8€,woensdag,mercredi,december,decembre,Gepubliceerd,
Winterfeest Héliport - Antwerpen (Noordwijkfeest),winterfeest-heliport---antwerpen-noordwijkfeest,6218bc292822d0fe3ce3347b,653ad4ede882f528b327d8f8,675ac65cd849bdbd78ad07bb,false,false,Thu Dec 12 2024 11:17:48 GMT+0000 (Coordinated Universal Time),Thu Dec 12 2024 11:17:48 GMT+0000 (Coordinated Universal Time),Thu Dec 12 2024 11:17:54 GMT+0000 (Coordinated Universal Time),Fête de l'Hiver Héliport - Antwerpen (fête du Quartier Nord),,Thu Dec 19 2024 15:00:00 GMT+0000 (Coordinated Universal Time),16:00,,Ecole/school Klavertje 4 & Place Gaucheretplein,,"Kom samen met Amaury naar het Noordwijk Winterfeest. Het feest begint om 16.00 uur bij de Klavertje 4-school met een geschenkenruil met Gratiferia, verkoop van creaties met Tiss'ages en vuurkorf en marshmallows. De lampionnenoptocht verlaat de school om 17.30 uur op de klanken van Salamba percussie en komt aan op de Gaucheretplein om 18.00 uur. Op de Gaucheretplein wacht je een lichtjesfeest met vuurvreters en een fanfare.","Venez avec Amaury à la Fête de l'Hiver du Quartier Nord. La fête commence à 16h à l'école Klavertje 4 avec un échange de cadeaux avec Gratiferia, vente de créations avec Tiss'ages et Braséro et marshmallows. Ensuite défilé de lanternes au départ de l'école à 17h30 au son des percussions Salamba pour arriver à la Place Gaucheret à 18h. Sur la place Gaucheret vous attend une fête des lumières avec cracheurs de feu et fanfare.",,,donderdag,jeudi,december,decembre,Gepubliceerd,
Winterpret en Reuzenrad met Arnaud,winterpret-en-reuzenrad-met-arnaud,6218bc292822d0fe3ce3347b,653ad4ede882f528b327d8f8,63a31b6f3aa639756016f5d3,false,false,Wed Dec 21 2022 14:42:55 GMT+0000 (Coordinated Universal Time),Wed Dec 28 2022 10:45:21 GMT+0000 (Coordinated Universal Time),Wed Dec 28 2022 10:45:34 GMT+0000 (Coordinated Universal Time),Plaisirs d'Hiver et Grand Roue avec Arnaud,143,Wed Dec 28 2022 13:30:00 GMT+0000 (Coordinated Universal Time),14:30,17:15,"Het Reuzenrad, Vismarkt 1000 Brussel",0,"Laten we samen gaan genieten van de magie van Winterpret, uitgeroepen tot beste kerstmarkt ter wereld door de populaire reiswebsite Big 7 Travel. ","Allons ensemble profiter de la féérie des Plaisirs d'Hiver, élu meilleur marché de Noël du monde par le site internet Big 7 Travel. ","Start om 14u30 van De Harmonie.
Gratis toegang in het reuzenrad !!!","Départ à 14:30 de De Harmonie.
Entrée gratuite pour la Grande Roue !!!",woensdag,mercredi,december,décembre,Gepubliceerd,uitstappen.png
Zomer Vieren: Noordwijkfeest,zomer-vieren-noordwijkfeest,6218bc292822d0fe3ce3347b,653ad4ede882f528b327d8f8,649bf2020d6e4c779791fde8,false,false,Wed Jun 28 2023 08:40:34 GMT+0000 (Coordinated Universal Time),Wed Jun 28 2023 08:40:34 GMT+0000 (Coordinated Universal Time),Wed Jun 28 2023 08:40:43 GMT+0000 (Coordinated Universal Time),Fêtons l'Été : Fête du Quartier Nord,,Fri Jul 07 2023 13:00:00 GMT+0000 (Coordinated Universal Time),15:00,19:00,Chaussée d'Anvers 413-417,0,"Inwijding van het ""vage terrein"" door La Pile - CityMinde(d), een vereniging die het de hele zomer zal gebruiken om bijeenkomsten en evenementen te organiseren. Verschillende verenigingen uit de Noordwijk zullen aanwezig zijn, net als De Harmonie natuurlijk!","Inauguration du ""terrain vague"" par l'asbl La Pile - CityMinde(d) qui l'occupera tout l'été pour organiser des rencontres et des animations. Plusieurs associations du quartier nord seront présentes, De Harmonie également bien entendu !",,,vrijdag,vendredi,juli,juillet,Gepubliceerd,
🤸🏻 Zumba 🤸🏻 ,zumba,6218bc292822d0fe3ce3347b,653ad4ede882f528b327d8f8,6981e58084ff5b3446c68d69,false,false,Tue Feb 03 2026 12:09:36 GMT+0000 (Coordinated Universal Time),Tue Feb 03 2026 12:09:36 GMT+0000 (Coordinated Universal Time),Tue Feb 03 2026 12:09:36 GMT+0000 (Coordinated Universal Time),🤸🏻 Zumba 🤸🏻,,Thu Feb 05 2026 13:00:00 GMT+0000 (Coordinated Universal Time),14:00,15:00,De Harmonie,1,"Na het vertrek van Thérèse verandert uw wekelijkse gymnastiekles van vorm en locatie: Welkom aan Yasmine, die elke vrijdag van 14 tot 15 uur een Zumba-les zal geven in de zaal boven de Harmonie! ","Suite au départ de Thérèse, votre gymnastique hebdomadaire change de forme et d'adresse : Bienvenue à Yasmine qui animera un cours de Zumba tous les vendredis dans la salle en haut de l'Harmonie de 14 à 15h ! ","Als je nog niet weet wat zumba is, kom dan vrijdag eens kijken, de eerste les is gratis! ","Si vous ne savez pas encore ce qu'est la zumba, venez le découvrir ce vendredi, le premier cours est offert !!! ",vrijdag,vendredi,februari,fevrier,Gepubliceerd,
🤸🏻 Zumba 🤸🏻,zumba-10,6218bc292822d0fe3ce3347b,653ad4ede882f528b327d8f8,69c11a1407bd300137c1a7fb,false,false,Mon Mar 23 2026 10:46:44 GMT+0000 (Coordinated Universal Time),Mon Mar 23 2026 10:46:44 GMT+0000 (Coordinated Universal Time),Mon Mar 23 2026 10:46:44 GMT+0000 (Coordinated Universal Time),🤸🏻 Zumba 🤸🏻,,Fri Apr 10 2026 12:00:00 GMT+0000 (Coordinated Universal Time),14:00,15:00,De Harmonie,1,"Na het vertrek van Thérèse verandert uw wekelijkse gymnastiekles van vorm en locatie: Welkom aan Yasmine, die elke vrijdag van 14 tot 15 uur een Zumba-les zal geven in de zaal boven de Harmonie! ","Suite au départ de Thérèse, votre gymnastique hebdomadaire change de forme et d'adresse : Bienvenue à Yasmine qui animera un cours de Zumba tous les vendredis dans la salle en haut de l'Harmonie de 14 à 15h ! ","Als je nog niet weet wat zumba is, kom dan vrijdag eens kijken, de eerste les is gratis! ","Si vous ne savez pas encore ce qu'est la zumba, venez le découvrir ce vendredi, le premier cours est offert !!! ",vrijdag,vendredi,april,avril,Gepubliceerd,
🤸🏻 Zumba 🤸🏻,zumba-11,6218bc292822d0fe3ce3347b,653ad4ede882f528b327d8f8,69c11a25d12638f7bd06a9b8,false,false,Mon Mar 23 2026 10:47:01 GMT+0000 (Coordinated Universal Time),Mon Mar 23 2026 10:47:01 GMT+0000 (Coordinated Universal Time),Mon Mar 23 2026 10:47:01 GMT+0000 (Coordinated Universal Time),🤸🏻 Zumba 🤸🏻,,Fri Apr 17 2026 12:00:00 GMT+0000 (Coordinated Universal Time),14:00,15:00,De Harmonie,1,"Na het vertrek van Thérèse verandert uw wekelijkse gymnastiekles van vorm en locatie: Welkom aan Yasmine, die elke vrijdag van 14 tot 15 uur een Zumba-les zal geven in de zaal boven de Harmonie! ","Suite au départ de Thérèse, votre gymnastique hebdomadaire change de forme et d'adresse : Bienvenue à Yasmine qui animera un cours de Zumba tous les vendredis dans la salle en haut de l'Harmonie de 14 à 15h ! ","Als je nog niet weet wat zumba is, kom dan vrijdag eens kijken, de eerste les is gratis! ","Si vous ne savez pas encore ce qu'est la zumba, venez le découvrir ce vendredi, le premier cours est offert !!! ",vrijdag,vendredi,april,avril,Gepubliceerd,
🤸🏻 Zumba 🤸🏻 ,zumba-12,6218bc292822d0fe3ce3347b,653ad4ede882f528b327d8f8,69c11a37ef353ebcc6dbcf40,false,false,Mon Mar 23 2026 10:47:19 GMT+0000 (Coordinated Universal Time),Mon Mar 23 2026 10:47:19 GMT+0000 (Coordinated Universal Time),Mon Mar 23 2026 10:47:19 GMT+0000 (Coordinated Universal Time),🤸🏻 Zumba 🤸🏻,,Fri Apr 24 2026 12:00:00 GMT+0000 (Coordinated Universal Time),14:00,15:00,De Harmonie,1,"Na het vertrek van Thérèse verandert uw wekelijkse gymnastiekles van vorm en locatie: Welkom aan Yasmine, die elke vrijdag van 14 tot 15 uur een Zumba-les zal geven in de zaal boven de Harmonie! ","Suite au départ de Thérèse, votre gymnastique hebdomadaire change de forme et d'adresse : Bienvenue à Yasmine qui animera un cours de Zumba tous les vendredis dans la salle en haut de l'Harmonie de 14 à 15h ! ","Als je nog niet weet wat zumba is, kom dan vrijdag eens kijken, de eerste les is gratis! ","Si vous ne savez pas encore ce qu'est la zumba, venez le découvrir ce vendredi, le premier cours est offert !!! ",vrijdag,vendredi,april,avril,Gepubliceerd,
🤸🏻 Zumba 🤸🏻  ,zumba-2,6218bc292822d0fe3ce3347b,653ad4ede882f528b327d8f8,6981e598ab6d2820d707e1b7,false,false,Tue Feb 03 2026 12:10:00 GMT+0000 (Coordinated Universal Time),Tue Feb 03 2026 12:10:00 GMT+0000 (Coordinated Universal Time),Tue Feb 03 2026 12:10:00 GMT+0000 (Coordinated Universal Time),🤸🏻 Zumba 🤸🏻,,Thu Feb 12 2026 13:00:00 GMT+0000 (Coordinated Universal Time),14:00,15:00,De Harmonie,1,"Na het vertrek van Thérèse verandert uw wekelijkse gymnastiekles van vorm en locatie: Welkom aan Yasmine, die elke vrijdag van 14 tot 15 uur een Zumba-les zal geven in de zaal boven de Harmonie! ","Suite au départ de Thérèse, votre gymnastique hebdomadaire change de forme et d'adresse : Bienvenue à Yasmine qui animera un cours de Zumba tous les vendredis dans la salle en haut de l'Harmonie de 14 à 15h ! ","Als je nog niet weet wat zumba is, kom dan vrijdag eens kijken, de eerste les is gratis! ","Si vous ne savez pas encore ce qu'est la zumba, venez le découvrir ce vendredi, le premier cours est offert !!! ",vrijdag,vendredi,februari,fevrier,Gepubliceerd,
🤸🏻 Zumba 🤸🏻   ,zumba-3,6218bc292822d0fe3ce3347b,653ad4ede882f528b327d8f8,6981e5ac48be69340f6516ad,false,false,Tue Feb 03 2026 12:10:20 GMT+0000 (Coordinated Universal Time),Tue Feb 03 2026 12:10:20 GMT+0000 (Coordinated Universal Time),Tue Feb 03 2026 12:10:20 GMT+0000 (Coordinated Universal Time),🤸🏻 Zumba 🤸🏻,,Thu Feb 19 2026 13:00:00 GMT+0000 (Coordinated Universal Time),14:00,15:00,De Harmonie,1,"Na het vertrek van Thérèse verandert uw wekelijkse gymnastiekles van vorm en locatie: Welkom aan Yasmine, die elke vrijdag van 14 tot 15 uur een Zumba-les zal geven in de zaal boven de Harmonie! ","Suite au départ de Thérèse, votre gymnastique hebdomadaire change de forme et d'adresse : Bienvenue à Yasmine qui animera un cours de Zumba tous les vendredis dans la salle en haut de l'Harmonie de 14 à 15h ! ","Als je nog niet weet wat zumba is, kom dan vrijdag eens kijken, de eerste les is gratis! ","Si vous ne savez pas encore ce qu'est la zumba, venez le découvrir ce vendredi, le premier cours est offert !!! ",vrijdag,vendredi,februari,fevrier,Gepubliceerd,
🤸🏻 Zumba 🤸🏻   ,zumba-4,6218bc292822d0fe3ce3347b,653ad4ede882f528b327d8f8,6981e5c2b7d137604b03d4d0,false,false,Tue Feb 03 2026 12:10:42 GMT+0000 (Coordinated Universal Time),Tue Feb 03 2026 12:10:42 GMT+0000 (Coordinated Universal Time),Tue Feb 03 2026 12:10:42 GMT+0000 (Coordinated Universal Time),🤸🏻 Zumba 🤸🏻,,Thu Feb 26 2026 13:00:00 GMT+0000 (Coordinated Universal Time),14:00,15:00,De Harmonie,1,"Na het vertrek van Thérèse verandert uw wekelijkse gymnastiekles van vorm en locatie: Welkom aan Yasmine, die elke vrijdag van 14 tot 15 uur een Zumba-les zal geven in de zaal boven de Harmonie! ","Suite au départ de Thérèse, votre gymnastique hebdomadaire change de forme et d'adresse : Bienvenue à Yasmine qui animera un cours de Zumba tous les vendredis dans la salle en haut de l'Harmonie de 14 à 15h ! ","Als je nog niet weet wat zumba is, kom dan vrijdag eens kijken, de eerste les is gratis! ","Si vous ne savez pas encore ce qu'est la zumba, venez le découvrir ce vendredi, le premier cours est offert !!! ",vrijdag,vendredi,februari,fevrier,Gepubliceerd,
🤸🏻 Zumba 🤸🏻  ,zumba-5,6218bc292822d0fe3ce3347b,653ad4ede882f528b327d8f8,699eef5503bc2b8709fc4efd,false,false,Wed Feb 25 2026 12:47:17 GMT+0000 (Coordinated Universal Time),Wed Feb 25 2026 12:47:17 GMT+0000 (Coordinated Universal Time),Wed Feb 25 2026 12:47:17 GMT+0000 (Coordinated Universal Time),🤸🏻 Zumba 🤸🏻,,Fri Mar 06 2026 13:00:00 GMT+0000 (Coordinated Universal Time),14:00,15:00,De Harmonie,1,"Na het vertrek van Thérèse verandert uw wekelijkse gymnastiekles van vorm en locatie: Welkom aan Yasmine, die elke vrijdag van 14 tot 15 uur een Zumba-les zal geven in de zaal boven de Harmonie! ","Suite au départ de Thérèse, votre gymnastique hebdomadaire change de forme et d'adresse : Bienvenue à Yasmine qui animera un cours de Zumba tous les vendredis dans la salle en haut de l'Harmonie de 14 à 15h ! ","Als je nog niet weet wat zumba is, kom dan vrijdag eens kijken, de eerste les is gratis! ","Si vous ne savez pas encore ce qu'est la zumba, venez le découvrir ce vendredi, le premier cours est offert !!! ",vrijdag,vendredi,maart,mars,Gepubliceerd,
🤸🏻 Zumba 🤸🏻   ,zumba-6,6218bc292822d0fe3ce3347b,653ad4ede882f528b327d8f8,699eef6e5af26fd03b0a8dfc,false,false,Wed Feb 25 2026 12:47:42 GMT+0000 (Coordinated Universal Time),Wed Feb 25 2026 12:47:42 GMT+0000 (Coordinated Universal Time),Wed Feb 25 2026 12:47:42 GMT+0000 (Coordinated Universal Time),🤸🏻 Zumba 🤸🏻,,Fri Mar 13 2026 13:00:00 GMT+0000 (Coordinated Universal Time),14:00,15:00,De Harmonie,1,"Na het vertrek van Thérèse verandert uw wekelijkse gymnastiekles van vorm en locatie: Welkom aan Yasmine, die elke vrijdag van 14 tot 15 uur een Zumba-les zal geven in de zaal boven de Harmonie! ","Suite au départ de Thérèse, votre gymnastique hebdomadaire change de forme et d'adresse : Bienvenue à Yasmine qui animera un cours de Zumba tous les vendredis dans la salle en haut de l'Harmonie de 14 à 15h ! ","Als je nog niet weet wat zumba is, kom dan vrijdag eens kijken, de eerste les is gratis! ","Si vous ne savez pas encore ce qu'est la zumba, venez le découvrir ce vendredi, le premier cours est offert !!! ",vrijdag,vendredi,maart,mars,Gepubliceerd,
🤸🏻 Zumba 🤸🏻    ,zumba-7,6218bc292822d0fe3ce3347b,653ad4ede882f528b327d8f8,699eef8803bc2b8709fc66d5,false,false,Wed Feb 25 2026 12:48:08 GMT+0000 (Coordinated Universal Time),Wed Feb 25 2026 12:48:08 GMT+0000 (Coordinated Universal Time),Wed Feb 25 2026 12:48:08 GMT+0000 (Coordinated Universal Time),🤸🏻 Zumba 🤸🏻,,Fri Mar 20 2026 13:00:00 GMT+0000 (Coordinated Universal Time),14:00,15:00,De Harmonie,1,"Na het vertrek van Thérèse verandert uw wekelijkse gymnastiekles van vorm en locatie: Welkom aan Yasmine, die elke vrijdag van 14 tot 15 uur een Zumba-les zal geven in de zaal boven de Harmonie! ","Suite au départ de Thérèse, votre gymnastique hebdomadaire change de forme et d'adresse : Bienvenue à Yasmine qui animera un cours de Zumba tous les vendredis dans la salle en haut de l'Harmonie de 14 à 15h ! ","Als je nog niet weet wat zumba is, kom dan vrijdag eens kijken, de eerste les is gratis! ","Si vous ne savez pas encore ce qu'est la zumba, venez le découvrir ce vendredi, le premier cours est offert !!! ",vrijdag,vendredi,maart,mars,Gepubliceerd,
🤸🏻 Zumba 🤸🏻     ,zumba-8,6218bc292822d0fe3ce3347b,653ad4ede882f528b327d8f8,699eef9f3c32fdba0afb57ff,false,false,Wed Feb 25 2026 12:48:31 GMT+0000 (Coordinated Universal Time),Wed Feb 25 2026 12:48:31 GMT+0000 (Coordinated Universal Time),Wed Feb 25 2026 12:48:31 GMT+0000 (Coordinated Universal Time),🤸🏻 Zumba 🤸🏻,,Fri Mar 27 2026 13:00:00 GMT+0000 (Coordinated Universal Time),14:00,15:00,De Harmonie,1,"Na het vertrek van Thérèse verandert uw wekelijkse gymnastiekles van vorm en locatie: Welkom aan Yasmine, die elke vrijdag van 14 tot 15 uur een Zumba-les zal geven in de zaal boven de Harmonie! ","Suite au départ de Thérèse, votre gymnastique hebdomadaire change de forme et d'adresse : Bienvenue à Yasmine qui animera un cours de Zumba tous les vendredis dans la salle en haut de l'Harmonie de 14 à 15h ! ","Als je nog niet weet wat zumba is, kom dan vrijdag eens kijken, de eerste les is gratis! ","Si vous ne savez pas encore ce qu'est la zumba, venez le découvrir ce vendredi, le premier cours est offert !!! ",vrijdag,vendredi,maart,mars,Gepubliceerd,
🤸🏻 Zumba 🤸🏻 ,zumba-9,6218bc292822d0fe3ce3347b,653ad4ede882f528b327d8f8,69c11a0251dbbaa35b53befa,false,false,Mon Mar 23 2026 10:46:26 GMT+0000 (Coordinated Universal Time),Mon Mar 23 2026 10:46:26 GMT+0000 (Coordinated Universal Time),Mon Mar 23 2026 10:46:26 GMT+0000 (Coordinated Universal Time),🤸🏻 Zumba 🤸🏻,,Fri Apr 03 2026 12:00:00 GMT+0000 (Coordinated Universal Time),14:00,15:00,De Harmonie,1,"Na het vertrek van Thérèse verandert uw wekelijkse gymnastiekles van vorm en locatie: Welkom aan Yasmine, die elke vrijdag van 14 tot 15 uur een Zumba-les zal geven in de zaal boven de Harmonie! ","Suite au départ de Thérèse, votre gymnastique hebdomadaire change de forme et d'adresse : Bienvenue à Yasmine qui animera un cours de Zumba tous les vendredis dans la salle en haut de l'Harmonie de 14 à 15h ! ","Als je nog niet weet wat zumba is, kom dan vrijdag eens kijken, de eerste les is gratis! ","Si vous ne savez pas encore ce qu'est la zumba, venez le découvrir ce vendredi, le premier cours est offert !!! ",vrijdag,vendredi,april,avril,Gepubliceerd,
